題目編號,年度,考科,題號,章節代碼,章節名稱,情境題,圖表題,公告答案,配分,題幹摘要
110-專業一-01,110,專業一,1,B04,細胞分裂,否,否,A,2,細胞生長到一定程度後，分裂產生兩個子細胞，有關細胞分裂的敘述，下列何者最正確？
110-專業一-02,110,專業一,2,B08,生命起源與演化,否,否,B,2,地球形成後，經過約10億年的演化而出現生命的現象，現今最被接受的假說為「有機演化論」，有關「有機演化論」的敘述，下列何者
110-專業一-03,110,專業一,3,B01,生命現象與生物分子,否,否,C,2,有關生物所具有的生命現象之敘述，下列何者最正確？
110-專業一-04,110,專業一,4,B02,細胞構造與觀察,否,否,D,2,有關真核細胞的形態、構造與功能的敘述，下列何者最正確？
110-專業一-05,110,專業一,5,B02,細胞構造與觀察,否,否,C,2,有關生物的細胞階層所發展的「細胞學說」之敘述，下列何者最正確？
110-專業一-06,110,專業一,6,B03,代謝、酵素與光合作用,否,否,C,2,細胞需要進行各種化學反應以維持自身細胞或其他細胞的生存，有關在生物體內進行的化學反應之敘述，下列何者最正確？
110-專業一-07,110,專業一,7,B09,分類、病毒與微生物,否,否,B,2,2019年底爆發的嚴重特殊傳染性肺炎為由新型冠狀病毒( COVID-19 )引起而造成全世界重大疫情，有關病毒的敘述，下
110-專業一-08,110,專業一,8,B09,分類、病毒與微生物,否,否,D,2,有關物種多樣性，依據懷塔克( Whittaker )的五界分類系統，下列何者最正確？
110-專業一-09,110,專業一,9,B11,植物構造與生理,否,否,C,2,有關被子植物葉片的敘述，下列何者最正確？
110-專業一-10,110,專業一,10,B12,植物生殖,否,否,A,2,果實若由子房單獨發育而來，稱之為真果，下列何者為真果？
110-專業一-11,110,專業一,11,B03,代謝、酵素與光合作用,否,否,D,2,光合作用暗反應在保持核酮糖(五碳醣)的恆定下，若要利用二氧化碳之固定，額外生成2個葡萄糖(六碳醣)，至少要將幾個甘油酸還
110-專業一-12,110,專業一,12,B11,植物構造與生理,否,否,C,2,有關被子植物組織與細胞的敘述，下列何者錯誤？
110-專業一-13,110,專業一,13,B12,植物生殖,否,否,B,2,被子植物的大孢子母細胞、管核與胚乳之染色體套數，依序為下列何者？
110-專業一-14,110,專業一,14,B11,植物構造與生理,否,是,A,2,下列何者為單子葉植物根之橫切面？
110-專業一-15,110,專業一,15,B12,植物生殖,否,否,D,2,下列何種植物的儲存器官，無法產生側芽與頂芽，僅能藉由不定芽來進行無性繁殖？
110-專業一-16,110,專業一,16,B13,消化與營養,否,否,D,2,有關健康人體攝取食物後的消化過程之敘述，下列何者最正確？
110-專業一-17,110,專業一,17,B18,神經、肌肉與骨骼,否,否,B,2,有關健康人體之縮回反射(刺痛反射)的反射弧傳遞順序，下列何者最正確？①動作器官②感覺受器③運動神經元④感覺神經元⑤聯絡神
110-專業一-18,110,專業一,18,B19,內分泌,否,否,B,2,有關人體糖尿病的敘述，下列何者最正確？
110-專業一-19,110,專業一,19,B16,呼吸,否,否,C,2,有關健康人體吸入過量一氧化碳中毒的敘述，下列何者錯誤？
110-專業一-20,110,專業一,20,B16,呼吸,否,否,D,2,有關人體呼吸作用的異常生理之敘述，下列何者最正確？
110-專業一-21,110,專業一,21,B17,排泄,是,否,D,2,腎衰竭的病人需要靠洗腎來協助腎臟功能不足之敘述，下列何者錯誤？
110-專業一-22,110,專業一,22,B18,神經、肌肉與骨骼,否,否,B,2,有關健康人體中樞神經系統的敘述，下列何者最正確？
110-專業一-23,110,專業一,23,B18,神經、肌肉與骨骼,否,否,A,2,健康人體感覺神經傳入大腦的訊息大部分經過轉接，下列何者是感覺訊息的轉運中樞？
110-專業一-24,110,專業一,24,B20,人類生殖與發育,否,否,C,2,有關健康男性生殖系統的敘述，下列何者最正確？
110-專業一-25,110,專業一,25,B20,人類生殖與發育,否,否,D,2,有關人類避孕的方式，下列何者最正確？
110-專業一-26,110,專業一,26,B15,免疫,否,否,D,2,淋巴器官是人體防禦系統中重要的一環，可提供淋巴細胞發育或活化所需要的條件與狀態。下列何者是淋巴球進行防禦與活化的器官？
110-專業一-27,110,專業一,27,B15,免疫,否,否,B,2,有關人體免疫反應的敘述，下列何者最正確？
110-專業一-28,110,專業一,28,B05,遺傳法則與人類遺傳,是,否,C,2,孟德爾從豌豆的雙遺傳特徵實驗結果得到了自由(獨立)分配律，即親代形成配子時，控制不同性狀的特徵因子(基因)會獨自分配到配
110-專業一-29,110,專業一,29,B19,內分泌,否,否,B,2,有關健康人體之腦下垂體所分泌激素的敘述，下列何者最正確？
110-專業一-30,110,專業一,30,B14,循環與血液,否,否,B,2,有關健康人體循環系統的敘述，下列何者最正確？
110-專業一-31,110,專業一,31,B13,消化與營養,否,否,D,2,健康人體每天需要攝取食物獲得生存所需的能量，有關食物中所含營養之敘述，下列何者最正確？
110-專業一-32,110,專業一,32,B05,遺傳法則與人類遺傳,否,否,C,2,有關人類性染色體的組合，下列何者具男性第一性徵？①XXY②XXX③XY④XYY
110-專業一-33,110,專業一,33,B06,DNA 與基因表現,否,否,C,2,基因的密碼子是三個鹼基一組，起始密碼是AUG，終止密碼是UAA、UAG或UGA，有一條mRNA的序列如下：5’- AAU
110-專業一-34,110,專業一,34,B06,DNA 與基因表現,否,否,A,2,有關華生( Watson )與克立克( Crick )的相關敘述，下列何者最正確？①諾貝爾獎得主②證明DNA是半保留複製
110-專業一-35,110,專業一,35,B06,DNA 與基因表現,否,否,C,2,某雙股螺旋DNA具有200個五碳醣、42個腺嘌呤，則該DNA胞嘧啶和尿嘧啶的數量各有幾個？
110-專業一-36,110,專業一,36,B05,遺傳法則與人類遺傳,否,否,A,2,有關人類染色體的敘述，下列何者最正確？
110-專業一-37,110,專業一,37,B05,遺傳法則與人類遺傳,否,否,A,2,有關遺傳的敘述，下列何者最正確？
110-專業一-38,110,專業一,38,B07,生物技術,否,否,A,2,將物種甲的基因送入物種乙體內，使物種乙具有物種甲的基因性狀，此方式為下列何者？
110-專業一-39,110,專業一,39,B07,生物技術,否,否,A,2,有關重組DNA技術中，用來攜帶目標基因並與它形成重組DNA的工具，下列何者最正確？
110-專業一-40,110,專業一,40,B07,生物技術,否,否,A,2,下列哪一種技術最適用於嚴重特殊傳染性肺炎之病原快速篩檢？
110-專業一-41,110,專業一,41,B21,族群、群集與生態系,否,否,D,2,假設臺灣某地區穿山甲族群其密度為12隻/平方公里，十年後密度為18隻/平方公里，有關族群及族群密度的敘述，下列何者最正確
110-專業一-42,110,專業一,42,B21,族群、群集與生態系,否,否,D,2,有關生物間交互關係的敘述，下列何者最正確？
110-專業一-43,110,專業一,43,B21,族群、群集與生態系,否,是,D,2,圖(一)為草原生態系之示意圖，下列敘述何者錯誤？圖(一)
110-專業一-44,110,專業一,44,B21,族群、群集與生態系,否,否,B,2,有關物質循環中的碳及氮循環之敘述，下列何者最正確？
110-專業一-45,110,專業一,45,B22,生物多樣性、保育與環境,否,否,B,2,有關生態工法的敘述，下列何者錯誤？
110-專業一-46,110,專業一,46,B22,生物多樣性、保育與環境,否,否,B,2,國家公園是為了自然資源保育的目的，以法律手段確立的場所，是拯救生物多樣性方法之一，有關臺灣現今國家公園的敘述，下列何者最
110-專業一-47,110,專業一,47,B22,生物多樣性、保育與環境,否,否,C,2,有關環境汙染的敘述，下列何者最正確？
110-專業一-48,110,專業一,48,B22,生物多樣性、保育與環境,否,否,A,2,地球正面臨生物多樣性降低，眾多生物瀕臨滅絕的問題，有關自然保育的敘述，下列何者錯誤？
110-專業一-49,110,專業一,49,B22,生物多樣性、保育與環境,是,否,A,2,「世界百大外來入侵種」小花蔓澤蘭已對世界各國生態系造成重大危害，有關外來種的敘述，下列何者最正確？
110-專業一-50,110,專業一,50,B22,生物多樣性、保育與環境,否,否,A,2,近年因人類的過度開發而使地球環境發生劇烈變化，下列敘述何者最正確？
110-專業二-01,110,專業二,1,H01,健康概念與健康促進,否,否,C,2,根據研究指出，規律運動可以預防疾病、促進健康，關於運動對一般人身體影響的描述，下列何者不正確？
110-專業二-02,110,專業二,2,H02,體位、營養與飲食,否,否,D,2,維持「健康體位」有哪些好處？①可以不忌口，一直吃②罹患慢性病的機率降低③可以熬夜、不運動④有利於壽命延長
110-專業二-03,110,專業二,3,H02,體位、營養與飲食,是,否,B,2,小慧今年18歲，與大學新同學們一起進行健康檢查，小慧身高160公分，體重50公斤；同學宜庭身高155公分，體重62公斤；
110-專業二-04,110,專業二,4,H09,慢性病、代謝症候群與健檢,是,否,C,2,丁女士健康檢查結果如下，下列檢驗項目及數據何者符合代謝症候群的診斷指標？①腰圍86公分②血壓138 / 88 mmHg③
110-專業二-05,110,專業二,5,H08,傳染病防治,否,否,D,2,呼吸道傳染病流行期間的自我健康管理原則，下列敘述何者正確？
110-專業二-06,110,專業二,6,H08,傳染病防治,否,否,B,2,下列哪些是世界衛生組織公告之肺結核自我檢測項目？①體重減輕②咳嗽有痰③體重增加④沒有食慾⑤咳嗽有血絲⑥咳嗽超過兩週
110-專業二-07,110,專業二,7,H08,傳染病防治,否,否,A,2,嚴重特殊傳染性肺炎( COVID - 19 )流行期間應配合政府宣導之防疫措施，下列敘述何者正確？
110-專業二-08,110,專業二,8,H13,老化、長照與安寧,否,否,C,2,關於老年人居家安全之敘述，下列何者正確？①家具皆為固定式②熱水器可以放在室內③廚房應加裝瓦斯警報器④浴室拖鞋宜有防滑設計
110-專業二-09,110,專業二,9,H13,老化、長照與安寧,否,否,B,2,關於活躍老化的方式，下列敘述何者正確？
110-專業二-10,110,專業二,10,H13,老化、長照與安寧,否,否,D,2,有關與老年人溝通之技巧，下列敘述何者正確？
110-專業二-11,110,專業二,11,H13,老化、長照與安寧,否,否,A,2,關於老人易出現之生理變化，下列敘述何者正確？
110-專業二-12,110,專業二,12,H13,老化、長照與安寧,否,否,B,2,關於老年人用藥之敘述，下列何者最適當？
110-專業二-13,110,專業二,13,H13,老化、長照與安寧,是,否,B,2,當癌症末期的患者出現下列何種反應時，代表面對死亡是秉持著正向的態度？
110-專業二-14,110,專業二,14,H12,事故傷害與急救,否,否,C,2,關於深二度燒傷的陳述，下列何者正確？①傷及大部分真皮深層②外觀可見栓塞的血管③對痛較不敏感④皆須植皮傷口才能癒合⑤約21
110-專業二-15,110,專業二,15,H12,事故傷害與急救,是,否,D,2,緊急事故發生時，對傷患優先處理的順序為何？①有致命性創傷已無呼吸者②車禍大量出血者③小腿骨折者④脊椎受傷意識清楚者
110-專業二-16,110,專業二,16,H12,事故傷害與急救,是,否,A,2,在意外事件現場，協助各類傷患處理的最佳姿勢，下列何者正確？①熱衰竭者應採平躺腳抬高②中風失去意識者應平躺頭部墊高③胸部因
110-專業二-17,110,專業二,17,H12,事故傷害與急救,否,否,B,2,"有關自動體外心臟去顫器( Automated External Defibrillator , AED )使用的陳述，下"
110-專業二-18,110,專業二,18,H12,事故傷害與急救,是,否,B,2,執行成人心肺復甦術時，吹了兩口氣發現患者胸部沒有起伏，此時最適當的措施為何？
110-專業二-19,110,專業二,19,H12,事故傷害與急救,否,否,A,2,有關嬰兒心肺復甦術的敘述，下列何者正確？
110-專業二-20,110,專業二,20,H12,事故傷害與急救,是,否,C,2,小明10歲體重38公斤，游泳時不小心溺水，被救起來後，發現沒有反應也沒有心跳呼吸，現場只有你一個人，有關執行心肺復甦術的
110-專業二-21,110,專業二,21,H12,事故傷害與急救,否,否,A,2,有關哈姆立克急救法的敘述，下列何者正確？
110-專業二-22,110,專業二,22,H12,事故傷害與急救,否,否,D,2,有關異物處理的原則，下列何者最為適當？
110-專業二-23,110,專業二,23,H12,事故傷害與急救,否,否,B,2,有關緊急救護系統的敘述，下列何者最不適當？
110-專業二-24,110,專業二,24,H14,健康消費與食品安全,否,否,C,2,由於近期瘦身美容的糾紛不勝枚舉，行政院衛生福利部訂定瘦身美容定型化契約範本，以保障消費者的權利，據此消費者可要求業者提供
110-專業二-25,110,專業二,25,H14,健康消費與食品安全,否,否,CD,2,下列何項內容可出現在健康食品廣告中？
110-專業二-26,110,專業二,26,H14,健康消費與食品安全,否,否,D,2,遇到醫療糾紛的處理方式，一般不包括下列何者？
110-專業二-27,110,專業二,27,H02,體位、營養與飲食,是,否,C,2,小美自從成為上班族後，體重就一直增加，忙碌的生活以及上班的壓力造成小美暴飲暴食，小美想了幾個方法減肥，下列何者較適當？①
110-專業二-28,110,專業二,28,H14,健康消費與食品安全,是,否,A,2,關於正確使用健保資源之敘述，下列何者正確？①小病到小醫院，大病到大醫院就診②建立健康生活型態，減少緊急就醫③多看幾個醫生
110-專業二-29,110,專業二,29,H03,心理健康與壓力,否,否,D,2,下列何者是提升自尊及自信心的具體方法？①發揮專長挑戰自我②努力維持完美外在形象③設立目標不達成功絕不放棄④多參與志工服務
110-專業二-30,110,專業二,30,H03,心理健康與壓力,否,否,C,2,下列何者是壓力常造成的生理反應與對健康可能的影響？①甲狀腺素下降導致甲狀腺機能亢進②胃酸分泌減少導致便秘③腎上腺素上升導
110-專業二-31,110,專業二,31,H03,心理健康與壓力,否,否,C,2,關於同理心與同情心的差異，下列敘述何者正確？
110-專業二-32,110,專業二,32,H03,心理健康與壓力,是,否,B,2,社會支持在成功因應壓力上扮演相當重要的角色，當同學課業成績不佳時，你協助同學複習功課，這是屬於提供何種社會支持？
110-專業二-33,110,專業二,33,H03,心理健康與壓力,否,否,A,2,因情緒調節障礙產生焦慮、畏懼等情緒，最可能是下列何種精神障礙？
110-專業二-34,110,專業二,34,H03,心理健康與壓力,否,否,B,2,關於「心情憂鬱」與「憂鬱症」的敘述，下列何者正確？①持續憂傷是「心情憂鬱」②大部分時間出現情緒低落並伴有體重改變、睡眠改
110-專業二-35,110,專業二,35,H11,物質濫用與用藥安全,否,否,C,2,有關毒品分級的敘述，下列何者正確？①依毒品之成癮性、濫用性及對社會的危害性進行分級②總共分成三級③罰則的嚴重程度：第一級
110-專業二-36,110,專業二,36,H11,物質濫用與用藥安全,否,否,D,2,關於毒癮戒治的敘述，下列何者正確？
110-專業二-37,110,專業二,37,H04,親密關係、性別與性平,是,否,D,2,小米與小仁交往1年，但最近小米發現與小仁對用錢的觀念差距太大，想要提出分手，下列何種分手方式最適當？
110-專業二-38,110,專業二,38,H04,親密關係、性別與性平,是,否,A,2,小育很欣賞班上的一位同學，希望利用出遊機會來增加對彼此的了解，下列何種邀約方式較為適當？
110-專業二-39,110,專業二,39,H04,親密關係、性別與性平,否,否,B,2,有關心理學家史坦伯格( Sternberg )於1986年提出的「愛情三角形理論」，下列敘述何者正確？
110-專業二-40,110,專業二,40,H04,親密關係、性別與性平,否,否,D,2,關於「負責及尊重的愛」之具體表現，下列行為何者最適當？
110-專業二-41,110,專業二,41,H05,生殖保健、避孕與人工流產,否,否,A,2,下列何種方式除了避孕效果外，也可用以改善女性經期不規則或痛經的困擾？
110-專業二-42,110,專業二,42,H05,生殖保健、避孕與人工流產,否,否,A,2,有關保險套的使用方式，下列敘述何者正確？
110-專業二-43,110,專業二,43,H05,生殖保健、避孕與人工流產,否,否,C,2,有關選擇終止妊娠方式，下列敘述何者正確？
110-專業二-44,110,專業二,44,H07,性傳染病與愛滋,否,否,D,2,有關愛滋病毒感染之預防與篩檢，下列敘述何者正確？
110-專業二-45,110,專業二,45,H04,親密關係、性別與性平,是,否,C,2,小隸和小雯已交往半年，小隸認為小雯如果愛他，應該可以有親密的性關係，但小雯認為婚前不應該有性行為，此時小雯的回應方式何者
110-專業二-46,110,專業二,46,H06,懷孕、產前產後與哺乳,否,否,C,2,有關人體受精與懷孕之過程，下列敘述何者正確？
110-專業二-47,110,專業二,47,H09,慢性病、代謝症候群與健檢,否,否,A,2,下列何者為罹患乳癌的危險因子？①酗酒②攝取高脂肪高熱量食物③初經過晚④運動過量⑤過早懷孕
110-專業二-48,110,專業二,48,H04,親密關係、性別與性平,否,否,C,2,臺灣法律目前對同性戀者的保障，不包括下列何者？
110-專業二-49,110,專業二,49,H04,親密關係、性別與性平,否,否,B,2,有關性別之描述，下列何者正確？①性別角色是指每個人個性中所帶有的陽剛或陰柔特質②性別氣質是指每個特定社會對於不同性別與責
110-專業二-50,110,專業二,50,H04,親密關係、性別與性平,否,否,D,2,目前對於非異性戀者「LGBTQ」通稱的敘述，下列何者正確？①L：Lady是指女同性戀者②G：Gay是指男同性戀者③B：B
110-國文-01,110,國文,1,C01,字形,否,否,B,2,下列文句，何者有錯別字？
110-國文-02,110,國文,2,C02,字詞義與虛詞,否,否,D,2,下列文句的「出」，何者與「無出其右」的「出」意義最接近？
110-國文-03,110,國文,3,C02,字詞義與虛詞,否,否,B,2,下列文句「」內的副詞，何者意指範圍層面的完整？
110-國文-04,110,國文,4,C04,語法、修辭與表達手法,否,否,D,2,下列文句，何者不是從頭至尾皆以畫底線者為主語？
110-國文-05,110,國文,5,C06,國學與文學常識,否,否,A,2,如右圖所示，①為三者的交集，②、③、④為兩兩的交集。下列古典名篇的敘述，何者最不適當？
110-國文-06,110,國文,6,C04,語法、修辭與表達手法,是,否,A,2,「阿國：『你的好位子真讓人羨慕。』小文：『我的職位是肥缺？』阿國：『我是說你的辦公桌採光好。』」在這段對話中，由於「好位
110-國文-07,110,國文,7,C05,文句排序,是,否,D,2,若要使下文的理路連貫有序，①、②、③、④、⑤最適當的排列應是：茄苳和臺灣欒樹皆是臺灣常見的行道樹，①樹瘤也奇形怪狀，②還
110-國文-08,110,國文,8,C06,國學與文學常識,是,是,B,2,課堂上，有四位同學結合課文談論下圖，其中何者對課文有所誤解？
110-國文-09,110,國文,9,C03,詞語填空,否,否,A,2,若要將「①只是、②也許、③幾乎、④竟是」填入下文，使全文完整通順，內依序應填入：孫將軍遠遠地帶著微笑走來，諸天並沒有震動
110-國文-10,110,國文,10,C04,語法、修辭與表達手法,否,否,D,2,關於下文〔〕、< >、“”的敘寫手法分析，何者錯誤？事隔多年再寫張國榮，終究還是覺得特別心虛，特別踟躕惶恐，〔主要因為他
110-國文-11,110,國文,11,C10,知識性與圖表資訊閱讀,是,否,C,2,依據甲、乙二文，助產婦與先生媽的區別主要為何？
110-國文-12,110,國文,12,C10,知識性與圖表資訊閱讀,否,否,C,2,下列何者符合甲、乙二文所述？
110-國文-13,110,國文,13,C08,古典文本閱讀,否,否,A,2,關於上文的藤蘿，下列敘述何者正確？
110-國文-14,110,國文,14,C08,古典文本閱讀,否,否,B,2,上文為求周減齋惠賜墨寶，採取何種言說策略？
110-國文-15,110,國文,15,C08,古典文本閱讀,否,否,C,2,依據上文，何者的待人思維最接近劉八？
110-國文-16,110,國文,16,C08,古典文本閱讀,否,否,C,2,上文藉劉八的下場，最可能想警惕讀者：
110-國文-17,110,國文,17,C08,古典文本閱讀,否,否,A,2,甲、乙二文共同批評的對象是：
110-國文-18,110,國文,18,C08,古典文本閱讀,否,否,A,2,關於甲、乙文中①、②、③三個「於」的用法與意義，正確的研判是：
110-國文-19,110,國文,19,C08,古典文本閱讀,否,否,D,2,關於甲、乙二文的敘寫方式，最適當的解說是：
110-國文-20,110,國文,20,C08,古典文本閱讀,否,否,A,2,關於甲、乙二文的敘述，何者正確？
110-國文-21,110,國文,21,C08,古典文本閱讀,否,否,D,2,關於乙文、丙詩的敘寫方式，最適當的是：
110-國文-22,110,國文,22,C10,知識性與圖表資訊閱讀,否,是,B,2,依據下表，下列敘述何者錯誤？碳酸氫鹽泉硫酸鹽泉水中陰離子碳酸氫根離子為主硫酸根離子為主主要分布變質岩區火成岩區著名溫泉礁
110-國文-23,110,國文,23,C10,知識性與圖表資訊閱讀,否,否,C,2,甲文①、②、③、④畫線處的敘述，何者能在乙圖中得到明確印證？①②③④
110-國文-24,110,國文,24,C10,知識性與圖表資訊閱讀,否,否,A,2,依據甲文，何者不是臺灣毛豆產業脫困的原因？
110-國文-25,110,國文,25,C10,知識性與圖表資訊閱讀,否,否,B,2,依據甲文，何者最符合「精準農業」的要件？
110-國文-26,110,國文,26,C10,知識性與圖表資訊閱讀,否,否,C,2,依據甲文，關於白居易租屋購屋的敘述，何者正確？
110-國文-27,110,國文,27,C10,知識性與圖表資訊閱讀,否,否,C,2,依據上述資料，對於①、②的研判應是：①隨著官位品階上升，白居易租的房子也越來越靠長安繁華地區。②白居易寫〈琵琶行〉時（元
110-國文-28,110,國文,28,C10,知識性與圖表資訊閱讀,否,否,D,2,若乙文為白居易的租屋契約，依據甲文、丙表，下列敘述何者正確？
110-國文-29,110,國文,29,C10,知識性與圖表資訊閱讀,否,是,B,2,依據丙表，白居易50歲購屋時，下列哪個房屋物件最符合他當時的身分？
110-國文-30,110,國文,30,C10,知識性與圖表資訊閱讀,否,否,C,2,依據上文，關於川久保玲襤褸美學的敘述，何者正確？
110-國文-31,110,國文,31,C10,知識性與圖表資訊閱讀,否,否,A,2,依據上文，何者最接近川久保玲「從零開始」的理念？
110-國文-32,110,國文,32,C09,白話文學閱讀,否,否,A,2,甲文末尾的□□□□，若上承「忽獨與余兮目成」敘寫，最適當的詞語應是：
110-國文-33,110,國文,33,C09,白話文學閱讀,否,是,A,2,依據乙文的描寫，下列圖示何者正確？
110-國文-34,110,國文,34,C09,白話文學閱讀,否,否,C,2,依據甲、乙二文，對於①、②的研判應是：①由甲文「詩中巫對神的追求」與乙文「齊聲歌舞迎神」可推知：〈少司命〉詞句會以巫祝口
110-國文-35,110,國文,35,C09,白話文學閱讀,否,否,B,2,甲、乙二文皆引用「忽獨與余兮目成」，藉古典文學經營美感。關於二文運用此句的解讀，最不適當的是：
110-國文-36,110,國文,36,C10,知識性與圖表資訊閱讀,是,否,B,2,依據上文，關於南安小熊野放的敘述，何者正確？
110-國文-37,110,國文,37,C10,知識性與圖表資訊閱讀,否,否,A,2,依據上文，對於①、②的研判應是：①從文中「四個月大」與「280天」可知：黑熊野放已就表中「年齡」因素做有利考量。②從文中
110-國文-38,110,國文,38,C10,知識性與圖表資訊閱讀,否,否,D,2,關於上文最後一段的感性敘寫，最適當的解讀是：
110-英文-01,110,英文,1,E01,字彙題,否,否,D,2,The shy little boy spoke so that I had a hard time hearing w
110-英文-02,110,英文,2,E01,字彙題,否,否,A,2,I am terribly sorry. Please my sincere apology.
110-英文-03,110,英文,3,E01,字彙題,否,否,D,2,I am a customer at that restaurant. I eat there at least fou
110-英文-04,110,英文,4,E01,字彙題,否,否,A,2,Eating too many potato chips makes you thirsty because chips
110-英文-05,110,英文,5,E01,字彙題,否,否,A,2,"The weather is very hot in summer, while in winter it is rea"
110-英文-06,110,英文,6,E01,字彙題,否,否,A,2,Hand washing is one of the best ways to keep healthy and sto
110-英文-07,110,英文,7,E01,字彙題,否,否,A,2,"In the admission interview, the are often asked to explain w"
110-英文-08,110,英文,8,E01,字彙題,否,否,C,2,"Pets, such as cats and dogs, are humans' favorite companions"
110-英文-09,110,英文,9,E01,字彙題,否,否,B,2,The weather forecast said the temperature would dip from 20 
110-英文-10,110,英文,10,E01,字彙題,否,否,C,2,"Many early American Indians preferred hunting, so they lived"
110-英文-11,110,英文,11,E01,字彙題,否,否,A,2,Marie Curie (居禮夫人) was a magnificent scientist who was the f
110-英文-12,110,英文,12,E02,對話題,否,否,B,2,Anderson: Why are you studying English? Wan-Ting: I hope to 
110-英文-13,110,英文,13,E02,對話題,否,否,B,2,"Waitress: Lotus Chinese Restaurant. Customer: Hi, could I or"
110-英文-14,110,英文,14,E02,對話題,否,否,A,2,Husband: Do you like my new coat? Wife: It looks great! Husb
110-英文-15,110,英文,15,E02,對話題,否,否,A,2,Ken: Is there a drugstore nearby? Ann: Just around the corne
110-英文-16,110,英文,16,E02,對話題,否,否,B,2,Peter: I’d like to rent a car. Clerk: Sure. What kind of car
110-英文-17,110,英文,17,E02,對話題,否,否,B,2,Ling: Do you want me to send you some pineapple cakes? They’
110-英文-18,110,英文,18,E02,對話題,否,否,C,2,"Ms. Chen: Pam, _______________? Pam: I work for Smart Comput"
110-英文-19,110,英文,19,E02,對話題,否,否,C,2,"Peter: Fanny, I got it! Fanny: What? Peter: The jewelry job!"
110-英文-20,110,英文,20,E02,對話題,否,否,D,2,"Doctor: Good morning, Mr. Lee. How are you feeling today? Mr"
110-英文-21,110,英文,21,E02,對話題,否,否,C,2,Teacher: Why are your class scores always so bad? Johnny: Be
110-英文-22,110,英文,22,E03,綜合測驗,否,否,C,2,
110-英文-23,110,英文,23,E03,綜合測驗,否,否,B,2,
110-英文-24,110,英文,24,E03,綜合測驗,否,否,D,2,
110-英文-25,110,英文,25,E03,綜合測驗,否,否,D,2,
110-英文-26,110,英文,26,E03,綜合測驗,否,否,A,2,
110-英文-27,110,英文,27,E03,綜合測驗,否,否,B,2,
110-英文-28,110,英文,28,E03,綜合測驗,否,否,C,2,
110-英文-29,110,英文,29,E03,綜合測驗,否,否,D,2,
110-英文-30,110,英文,30,E03,綜合測驗,否,否,D,2,
110-英文-31,110,英文,31,E03,綜合測驗,否,否,A,2,
110-英文-32,110,英文,32,E04,閱讀測驗,否,否,A,2,Which of the following is NOT encouraged by the travel princ
110-英文-33,110,英文,33,E04,閱讀測驗,否,否,C,2,What do the travel principles probably want visitors to do?
110-英文-34,110,英文,34,E04,閱讀測驗,否,否,B,2,Ju-Yi is graduating from the Animal Science Department. She 
110-英文-35,110,英文,35,E04,閱讀測驗,否,否,B,2,Ming-Hua is interested in becoming a house seller. What shou
110-英文-36,110,英文,36,E04,閱讀測驗,否,否,B,2,Why was the 2020 Nobel Peace Prize given to the WFP?
110-英文-37,110,英文,37,E04,閱讀測驗,否,否,D,2,Which of the following is closest in meaning to“go hand in h
110-英文-38,110,英文,38,E04,閱讀測驗,否,否,C,2,"According to the passage, which statement is true?"
110-英文-39,110,英文,39,E04,閱讀測驗,否,否,D,2,What is the main idea of this article?
110-英文-40,110,英文,40,E04,閱讀測驗,否,否,D,2,What are the key things a self-driving car needs in order to
110-英文-41,110,英文,41,E04,閱讀測驗,否,否,B,2,Which of the following is true about self-driving cars in 20
110-數學-01,110,數學,1,M02,多項式、函數與方程式,否,否,D,4,若3 1 ( 3 ) ( 1) 3 1 x A B x x x x，其中A、B為實數，則下列何者正確？
110-數學-02,110,數學,2,M05,三角函數與三角形,否,否,B,4,若tan sec 5，則tan sec？
110-數學-03,110,數學,3,M05,三角函數與三角形,否,否,C,4,sin10 cos10 cos50 sin25 cos25 cos20？
110-數學-04,110,數學,4,M09,排列組合與機率,是,是,B,4,某實驗室將108個不同樣本在常溫常壓下依固體、液體、氣體及金屬、半金屬、非金屬分類如表(一)。若從固體及液體類中取出一個
110-數學-05,110,數學,5,M12,微積分,否,否,A,4,0 1 1 (3 ) 2 3 2 lim h h h？
110-數學-06,110,數學,6,M08,數列與級數,否,否,D,4,若7 1 2 2 1 m m a m、6 0 1 2 1 k k b k、8 3 4 2 5 i i
110-數學-07,110,數學,7,M02,多項式、函數與方程式,否,否,C,4,"設( ) I t為A城市某種傳染病在時間t的感染率，且3 1 ( ) , 0 1 49(7 ) t I t t。"
110-數學-08,110,數學,8,M04,圓與圓錐曲線,否,否,D,4,若圓C與y軸相切，且圓心為拋物線2 4 5 y x x之頂點，則下列何者為圓C的方程式？
110-數學-09,110,數學,9,M04,圓與圓錐曲線,否,是,D,4,若有兩個二次曲線方程式，分別為2 2 4 4 16 4 0 x y x y與2 2 ( ) ( 2 1 1 4
110-數學-10,110,數學,10,M11,矩陣與聯立方程式,否,否,C,4,若k為實數，且二元一次聯立方程組2 3 1 0 4 ( 1) 8 1 0kx y k x k
110-數學-11,110,數學,11,M11,矩陣與聯立方程式,否,否,A,4,若x、y、z為相異實數，則三階行列式x y x y x y z y z y z x z x z？
110-數學-12,110,數學,12,M09,排列組合與機率,否,否,B,4,跆拳道隊有8個隊員，教練安排所有隊員每2人一組分別在A、B、C、D四個不同場地練習，則共有幾種安排的方式？
110-數學-13,110,數學,13,M03,直線與二元一次不等式,否,否,B,4,已知a、b為實數。若直線1 : y a L x b與2 : y b L x a相互垂直，且2 2 50 a b
110-數學-14,110,數學,14,M05,三角函數與三角形,否,否,D,4,已知ABC中，c a b、、分別為A、B、C之對邊長。若ab：bc：ca3：4：6，則sin A：sin B：
110-數學-15,110,數學,15,M02,多項式、函數與方程式,否,否,C,4,已知三次多項式3 2 ( ) f x ax bx cx d滿足(1) (2) ( 2) 2 f f f，
110-數學-16,110,數學,16,M06,平面與空間向量,否,否,B,4,"已知, ,為平面上的三向量，且= 0，= 0，| | = 5，| | = 12，| | = 13。若< 0，則="
110-數學-17,110,數學,17,M12,微積分,否,否,A,4,3 110 1 ( 3 2 ) x dx？
110-數學-18,110,數學,18,M05,三角函數與三角形,否,否,C,4,下列敘述何者正確？
110-數學-19,110,數學,19,M01,數與式、絕對值與複數,否,否,B,4,已知1 i，2 2 3 3 ( ) ( ) 3 3 i i a bi i i，則a b？
110-數學-20,110,數學,20,M02,多項式、函數與方程式,是,否,A,4,若x為實數，則2 2 9 2 2 x x的最小值為何？
110-數學-21,110,數學,21,M09,排列組合與機率,否,否,A,4,一個空的書櫃有上、中、下共三層，若將國文、英文、數學三本課本放入書櫃的任一層，且當課本放在同一層左右順序不同時視為不同排
110-數學-22,110,數學,22,M12,微積分,否,否,B,4,若直線y mx與拋物線2 ( ) 4 1f x x x相切，且切點在第一象限內，則m？
110-數學-23,110,數學,23,M12,微積分,否,否,A,4,4 1 1 1 ( ) ( ) x x dx x x？
110-數學-24,110,數學,24,M10,統計,是,是,D,4,小明量測園藝店同一種盆栽21棵植物的高度資料如表(二)，其中有一盆高度為24公分，可視為量測異常值。若將此異常值從資料中
110-數學-25,110,數學,25,M07,指數與對數,是,是,C,4,假設A表函數3 log y x圖形與直線0 y、3 x所圍區域面積，如圖(一)。若以幾何圖形的觀念來判斷A的大小範
111-專業一-01,111,專業一,1,B01,生命現象與生物分子,否,否,B,2,生命現象是分辨生物和非生物的重要依據，有關生命現象的敘述，下列何者最正確？
111-專業一-02,111,專業一,2,B13,消化與營養,否,否,D,2,人類消化系統包括消化管與消化腺，可進行食物的分解與吸收，有關健康人體消化系統的敘述，下列何者最正確？
111-專業一-03,111,專業一,3,B13,消化與營養,否,否,C,2,人體的食物來源多樣，食物的營養成分包含有機物質及無機物質，而食物加工過程有時會加入特定食品添加物，我國政府為了替民眾的食
111-專業一-04,111,專業一,4,B14,循環與血液,否,否,D,2,健康人體的循環系統包括動脈、靜脈及微血管三種血管，有關血管之敘述，下列何者最正確？
111-專業一-05,111,專業一,5,B14,循環與血液,否,否,A,2,有關健康人體淋巴循環系統的敘述，下列何者最正確？
111-專業一-06,111,專業一,6,B17,排泄,是,否,B,2,某生有頻尿的問題，每堂課後都需要跑廁所排尿，有關人體泌尿系統的敘述，下列何者最正確？
111-專業一-07,111,專業一,7,B18,神經、肌肉與骨骼,是,否,C,2,某生家長進行肉毒桿菌毒素的醫療美容來減少皺紋，肉毒桿菌毒素的作用機制是阻斷神經釋放乙醯膽鹼，有關健康人體神經與肌肉運動的
111-專業一-08,111,專業一,8,B19,內分泌,否,否,B,2,閎耀一家人從美國回到臺灣過年，由於時差問題，剛回國的前幾天於白天仍昏昏欲睡，有關健康人體生物時鐘的敘述，下列何者最正確？
111-專業一-09,111,專業一,9,B19,內分泌,是,否,A,2,淑卿為糖尿病患者，須長期注射胰島素來維持血糖之恆定，有關人體血糖調節的敘述，下列何者最正確？
111-專業一-10,111,專業一,10,B02,細胞構造與觀察,是,否,D,2,在生物學發展的過程中，細胞的發現、構造與功能之研究，長期以來在不同學者的努力下完成。有關學者與其對應的研究成果，下列何者
111-專業一-11,111,專業一,11,B01,生命現象與生物分子,否,否,C,2,核酸和蛋白質皆是細胞的重要化學組成分子，有關核酸和蛋白質的構造與功能之敘述，下列何者最正確？
111-專業一-12,111,專業一,12,B03,代謝、酵素與光合作用,否,否,A,2,細胞必須不斷的進行化學反應以維持細胞正常的生理機能，而細胞內的化學反應大多需要酵素的參與，有關酵素的敘述，下列何者最正確
111-專業一-13,111,專業一,13,B04,細胞分裂,否,否,B,2,生物生長、更新衰老細胞、修補受傷部位，或進行生殖產生新個體時，需要經由細胞分裂產生新的細胞來完成，有關真核生物細胞分裂之
111-專業一-14,111,專業一,14,B04,細胞分裂,否,否,D,2,真核生物的細胞分裂可以分為有絲分裂與減數分裂，有關有絲分裂與減數分裂的敘述，下列何者最正確？
111-專業一-15,111,專業一,15,B02,細胞構造與觀察,是,否,A,2,複式顯微鏡為觀察生物細微構造常用的設備，有關複式顯微鏡的操作，下列何者最正確？
111-專業一-16,111,專業一,16,B11,植物構造與生理,否,否,D,2,維管束植物的營養器官主要負責吸收、運輸及製造植物所需的營養物質，有關植物營養器官的敘述，下列何者最正確？
111-專業一-17,111,專業一,17,B11,植物構造與生理,否,否,B,2,雙子葉植物的莖部構造，在橫切面各部分依功能而有分化，有關雙子葉植物莖部的敘述，下列何者最正確？
111-專業一-18,111,專業一,18,B11,植物構造與生理,否,否,D,2,植物在生長與發育過程，必須依靠根、莖、葉等營養器官執行特定的生理功能，始能維持植物體的正常生長，有關植物生理的敘述，下列
111-專業一-19,111,專業一,19,B08,生命起源與演化,否,是,B,2,下列為甲、乙、丙、丁四種生物之某基因序列，若依序列的相似度推估其親緣關係，下列何者最正確？
111-專業一-20,111,專業一,20,B09,分類、病毒與微生物,否,否,B,2,病原體可感染宿主引發疾病，有關病原體的敘述，下列何者最正確？
111-專業一-21,111,專業一,21,B09,分類、病毒與微生物,是,否,A,2,為了探知校園中水生生物的類別與分布，生物老師由生態池撈取水樣，交給學生們於複式顯微鏡下進行觀察與記錄。此一探究活動中觀看
111-專業一-22,111,專業一,22,B10,動植物類群,是,否,C,2,生物老師使用豬肝誘集生態池中的異營性生物，於立體顯微鏡下觀察誘集物時，發現一種兩側對稱的動物，身體前端有兩個眼點，消化腔
111-專業一-23,111,專業一,23,B21,族群、群集與生態系,否,否,C,2,生物礁是由造礁生物和附礁生物在原地固著生長而形成的丘狀岩層。有關生物礁的敘述，下列何者最正確？
111-專業一-24,111,專業一,24,B09,分類、病毒與微生物,否,否,A,2,要辨識、瞭解地球上種類繁多的生物，必須藉由有系統、有條理的方式進行分類。隨著時代的進展，生物分類的方法與理論也不斷更新。
111-專業一-25,111,專業一,25,B09,分類、病毒與微生物,否,否,B,2,下列哪一種生物在營養期呈現類似變形蟲的形態，繁殖期會形成子實體，產生並釋放孢子？
111-專業一-26,111,專業一,26,B08,生命起源與演化,否,否,C,2,有關物種形成與生物演化的敘述，下列何者最正確？
111-專業一-27,111,專業一,27,B09,分類、病毒與微生物,否,否,D,2,細胞壁位於細胞膜的外側，針對細胞提供支撐與保護，其組成隨著物種不同而有所差異。有關物種與細胞壁的敘述，下列何者最正確？
111-專業一-28,111,專業一,28,B10,動植物類群,否,否,B,2,動物界為不具細胞壁的多細胞生物，演化至今形成各種不同的形態而區分為各個分類群，有關動物分類群特性的敘述，下列何者最正確？
111-專業一-29,111,專業一,29,B06,DNA 與基因表現,是,否,A,2,自從孟德爾發表遺傳學理論，說明「遺傳因子(現在稱為基因)」的存在後，直到二十世紀中證明基因在DNA上，其中發生的科學事件
111-專業一-30,111,專業一,30,B06,DNA 與基因表現,否,否,C,2,某DNA單股序列為5'-ACGGTAA-3'，則以它為模板製造出來的DNA序列應為下列何者？
111-專業一-31,111,專業一,31,B05,遺傳法則與人類遺傳,否,否,A,2,有關人類遺傳的敘述，下列何者最正確？
111-專業一-32,111,專業一,32,B07,生物技術,是,否,A,2,進行「DNA粗萃取」探究活動時，班上同學依課本所述步驟萃取水果樣本DNA，並將其撈取，溶於水後，利用電泳分析。某生因為少
111-專業一-33,111,專業一,33,B07,生物技術,是,否,A,2,下列何者皆屬於傳統生技產品？①啤酒②螢光小豬③乳酪④抗生素⑤黃金米⑥醬油
111-專業一-34,111,專業一,34,B07,生物技術,否,否,C,2,遺傳工程可透過以下幾個步驟完成：目標基因的選取、重組DNA的建構、將重組DNA放入細菌體內、選擇成功轉殖的細胞。在重組D
111-專業一-35,111,專業一,35,B20,人類生殖與發育,是,否,C,2,王小美，28歲女性，在月經來潮第12天去婦產科做超音波掃描，發現子宮內膜厚度薄，此外無其他病灶跡象，進一步檢驗發現FSH
111-專業一-36,111,專業一,36,B20,人類生殖與發育,否,是,C,2,圖(一)為男性生殖系統示意圖，其中何者可製造含果糖的鹼性液體，經由分泌與精子混合後，形成精液？圖(一)
111-專業一-37,111,專業一,37,B21,族群、群集與生態系,否,否,B,2,下列何者可稱為一個「群集」？
111-專業一-38,111,專業一,38,B21,族群、群集與生態系,否,是,A,2,圖(二)為某種細菌於試管內的成長曲線，下列何者正確？①A時間族群成長速度最快②C時間族群的出生率＜死亡率③D時間族群的出
111-專業一-39,111,專業一,39,B21,族群、群集與生態系,否,否,A,2,氮是蛋白質與DNA分子中重要組成元素之一，氮的獲取影響生物生長，有關氮循環的敘述，下列何者最正確？
111-專業一-40,111,專業一,40,B22,生物多樣性、保育與環境,否,否,C,2,2021年國際生物多樣性日的主題為「We are part of the solution for Nature (我們
111-專業一-41,111,專業一,41,B22,生物多樣性、保育與環境,否,否,C,2,保護區為就地保育的重要場所，現今以維護生物多樣性為目標，國家公園及自然保留區為其中兩種重要的保護區類型，下列相關之敘述，
111-專業一-42,111,專業一,42,B21,族群、群集與生態系,否,否,D,2,魚菜共生是結合水產養殖和農作栽培兩大技術的複合農業耕作系統，有關魚菜共生系統的敘述，下列何者錯誤？
111-專業一-43,111,專業一,43,B22,生物多樣性、保育與環境,否,否,B,2,2021年底四大公投議題中，重啟核四及珍愛藻礁兩大議題與臺灣能源政策相關，現今「能源議題」已是全球必須共同面對的課題，有
111-專業一-44,111,專業一,44,B22,生物多樣性、保育與環境,否,否,D,2,2021年8月初聯合國政府間氣候變遷專門委員會( IPCC )發表權威報告，向人類發出「紅色警報」，人類的行為對環境與氣
111-專業一-45,111,專業一,45,B15,免疫,是,否,D,2,有關嚴重特殊傳染性肺炎患者的呼吸系統及淋巴系統之敘述，下列何者最正確？
111-專業一-46,111,專業一,46,B15,免疫,否,否,C,2,各國政府為了對抗嚴重特殊傳染性肺炎( COVID-19 )，無不加緊腳步開發相關疫苗，除了基本的兩劑疫苗完整接種，現在更
111-專業一-47,111,專業一,47,B05,遺傳法則與人類遺傳,否,否,A,2,如果控制種子顏色的基因與控制種子形狀的基因是各自遺傳至下一代，彼此互不影響，第二子代F2的種子性狀共有幾種表現型？種子至
111-專業一-48,111,專業一,48,B05,遺傳法則與人類遺傳,否,否,C,2,如果控制種子顏色的基因與控制種子形狀的基因是完全連鎖在一起，共同遺傳至下一代。第二子代F2的種子性狀中，共有幾種表現型？
111-專業一-49,111,專業一,49,B21,族群、群集與生態系,否,否,D,2,此食物網中，丙跟己之間的生物交互作用與下列何者最相似？
111-專業一-50,111,專業一,50,B21,族群、群集與生態系,否,否,B,2,根據此食物網，下列敘述何者最正確？
111-專業二-01,111,專業二,1,H15,環境與職業健康,否,否,A,2,阿榮大一學生，為了自籌學費及生活費，利用暑假期間到建築工地打工，負責搬運建材的工作，兩個月後阿榮常喊下背疼痛、下肢麻及刺
111-專業二-02,111,專業二,2,H12,事故傷害與急救,是,否,C,2,小穎高三學生，騎腳踏車上學途中，你目擊了他因下雨天視線不佳，不小心被汽車撞到受傷倒地，下列採取的緊急措施，何者最適當？①
111-專業二-03,111,專業二,3,H12,事故傷害與急救,是,否,D,2,林姓高中生於練習籃球時，突然倒地且失去意識，同隊的同學緊急執行成人生存之鏈並進行CPR，下列敘述何者正確？
111-專業二-04,111,專業二,4,H12,事故傷害與急救,否,否,B,2,有關燒燙傷的敘述，下列何者正確？①皮膚出現紅、腫、起水泡、劇痛為深二度，癒合時間約21天以上會留下疤痕②若是生石灰燒傷，
111-專業二-05,111,專業二,5,H12,事故傷害與急救,否,否,A,2,有關熱中暑的症狀與處理，下列敘述何者錯誤？
111-專業二-06,111,專業二,6,H12,事故傷害與急救,是,否,B,2,小雨參加術科考試時，突然倒地不起、口吐白沫、全身痙攣，下列處置措施何者正確？
111-專業二-07,111,專業二,7,H12,事故傷害與急救,是,否,C,2,阿寬因發生車禍，身上有多處擦傷，需要每天清潔及換藥，下列敘述何者錯誤？①用生理食鹽水或燒開的冷開水清潔傷口②傷口周邊出現
111-專業二-08,111,專業二,8,H11,物質濫用與用藥安全,是,否,A,2,有關處方藥物成癮之敘述，下列何者錯誤？①鎮靜安眠藥為非管制藥品，一般藥局都可以買的到②安眠藥使用一段時間後，需要增加劑量
111-專業二-09,111,專業二,9,H11,物質濫用與用藥安全,是,否,D,2,小佳參加音樂祭，同行好友拿出一包顏色繽紛酷炫、外型討喜、少見的糖果要請小佳吃，下列哪個回應方式比較合宜？
111-專業二-10,111,專業二,10,H11,物質濫用與用藥安全,否,否,A,2,有關物質濫用「拒絕技巧」的敘述，下列何者正確？
111-專業二-11,111,專業二,11,H01,健康概念與健康促進,否,否,B,2,某一高中生為健身開始運動，他想要了解自己的身體活動和功能狀態，持續跳繩13分鐘，呼吸、心跳比平常快一些，能輕鬆的與旁人討
111-專業二-12,111,專業二,12,H09,慢性病、代謝症候群與健檢,否,否,A,2,男性30歲，體檢檢查結果如下，有關代謝症候群的診斷條件，下列哪些數值符合？①血壓136 / 88 mmHg②高密度脂蛋白
111-專業二-13,111,專業二,13,H09,慢性病、代謝症候群與健檢,是,否,B,2,小真的媽媽想做健康檢查，她是一位沒有任何癌症家族史的42歲已婚婦女，依照成人預防保健服務和四癌篩檢的建議，她應該做下列哪
111-專業二-14,111,專業二,14,H08,傳染病防治,否,否,D,2,有關我國疾病管制署對肺結核疾病防治的建議，下列敘述何者最適當？
111-專業二-15,111,專業二,15,H08,傳染病防治,否,否,B,2,有關傳染病傳染途徑的敘述，下列何者正確？①水痘可經由飛沫傳染②A型肝炎是經由血液傳染③霍亂是經由皮膚接觸傳染④日本腦炎可
111-專業二-16,111,專業二,16,H03,心理健康與壓力,否,否,B,2,下列哪一項敘述顯示個體心理健康處於最佳狀態？
111-專業二-17,111,專業二,17,H01,健康概念與健康促進,是,否,C,2,小周希望藉著養成良好生活習慣提升全人健康，有關改善個體身心健康策略的敘述，下列何者不正確？
111-專業二-18,111,專業二,18,H03,心理健康與壓力,是,否,A,2,王同學一個多月前騎車曾發生車禍，之後晚上常常睡不好，容易做惡夢而醒來，覺得很累、吃不下、易緊張、注意力不集中，不想做其他
111-專業二-19,111,專業二,19,H01,健康概念與健康促進,是,否,B,2,周同學，高三，正逢期末大考，為做最後衝刺，已熬夜8天。有關青少年睡眠不足之敘述，下列何者正確？
111-專業二-20,111,專業二,20,H02,體位、營養與飲食,是,否,D,2,韓同學，17歲的女性，身體質量指數( BMI ) 31，這樣的體位，下列何種情況最有可能發生在她身上？
111-專業二-21,111,專業二,21,H02,體位、營養與飲食,是,否,B,2,馮同學三餐都是外食，近日發現褲子很緊，腰圍78公分，為控制飲食，決定從改變「我的餐盤」做起。下列有關國民健康署推行的「我
111-專業二-22,111,專業二,22,H14,健康消費與食品安全,是,否,C,2,朱同學在登入臉書後，臉書上出現益生菌的宣傳內容，文中指出益生菌是來自某大學的生技研究團隊研發出的產品，該產品內含1500
111-專業二-23,111,專業二,23,H14,健康消費與食品安全,是,否,D,2,蘇同學在便利商店買促銷餅乾，依據民國108年「食品安全衛生管理法」第22條，餅乾的外包裝上應有哪些標示項目？①品名②淨重
111-專業二-24,111,專業二,24,H14,健康消費與食品安全,否,否,C,2,下列敘述哪些符合「有機農產品」之規範？①生產農地之土壤與水源皆未受汙染②生產農地之土壤或水源，其中一項未受汙染③生產過程
111-專業二-25,111,專業二,25,H02,體位、營養與飲食,否,否,A,2,高二女學生，17歲，身高170公分、體重58公斤、不喜歡運動，為維持健康體位，最適宜採取的行動包括：①熱量控制1740大
111-專業二-26,111,專業二,26,H10,視力、口腔與姿勢保健,是,否,D,2,吳同學，每天熬夜打電動，連續五天沒刷牙，導致牙齦紅腫發炎，經醫師診斷為牙周病。有關牙周病之敘述，下列何者最適當？
111-專業二-27,111,專業二,27,H02,體位、營養與飲食,是,否,C,2,沈同學非常愛吃甜食，不論是心情好或不好，總是以甜食來讓自己開心。近日沈同學看到偶像上節目說起吃甜食對身材的影響，因此沈同
111-專業二-28,111,專業二,28,H03,心理健康與壓力,是,否,B,2,顧同學每天至少使用3 C產品5小時，會不停檢查電子郵件、在Instagram ( IG )或臉書( FB )上瀏覽別人在
111-專業二-29,111,專業二,29,H04,親密關係、性別與性平,否,否,C,2,青少年期通常會對異性交往或對「性」感到好奇，有正確的「性」價值觀，學習負責任的愛，才能建立健康的親密關係。以下敘述何者符
111-專業二-30,111,專業二,30,H04,親密關係、性別與性平,是,否,D,2,親密關係交往一般是從團體活動到固定對象活動，當兩人進入固定對象活動時，需具備：相互信任、完全接納、有效溝通及平衡關係等四
111-專業二-31,111,專業二,31,H06,懷孕、產前產後與哺乳,否,否,A,2,關於懷孕時母體可能面臨的生理變化與可執行的自我保健方法，下列敘述何者正確？
111-專業二-32,111,專業二,32,H06,懷孕、產前產後與哺乳,是,否,D,2,陳女士現年33歲，與先生結婚2年，這是他們的第一胎，為計畫中懷孕，目前妊娠16週又3天，上星期進行第二孕期母血唐氏症篩檢
111-專業二-33,111,專業二,33,H05,生殖保健、避孕與人工流產,否,否,B,2,有關生殖系統常見的問題與自我保健方式之敘述，下列何者正確？
111-專業二-34,111,專業二,34,H07,性傳染病與愛滋,否,否,A,2,有關愛滋病毒的傳染途徑及防護方式之敘述，下列何者正確？
111-專業二-35,111,專業二,35,H04,親密關係、性別與性平,是,否,D,2,小華( 15歲，高一學生)在網路上認識小明( 21歲，任職科技業)，一個月後兩人陷入熱戀，並相約一同晚餐和看電影，看完電
111-專業二-36,111,專業二,36,H03,心理健康與壓力,是,否,C,2,小青的導師最近在她週記上發現她有輕生的念頭，進一步關懷及詢問下，小青說出在她小學二年級時，父親因病去世，母親再婚後，就與
111-專業二-37,111,專業二,37,H04,親密關係、性別與性平,否,否,A,2,婚姻輔導專家蓋瑞巧門( Gary Chapman )指出人與人之間存在5種愛的語言，可藉以傳遞彼此之間情意，及增進親密關
111-專業二-38,111,專業二,38,H06,懷孕、產前產後與哺乳,否,否,D,2,關於母乳哺餵的優點包括下列哪些？①有助於產婦消耗過多的脂肪堆積，可以快速恢復產前體態②促使產婦乳腺暢通，降低乳癌的發生率
111-專業二-39,111,專業二,39,H13,老化、長照與安寧,否,否,D,2,關於高齡者與高齡社會的敘述，下列何者正確？
111-專業二-40,111,專業二,40,H13,老化、長照與安寧,否,否,B,2,在WHO全球老化與健康報告中，關於健康老化是指：①免於死亡②免於失能與失智③延長壽命④有活躍的社交生活⑤對社會有所貢獻
111-專業二-41,111,專業二,41,H13,老化、長照與安寧,否,否,D,2,關於長照服務體系ABC三級的敘述，下列何者正確？
111-專業二-42,111,專業二,42,H13,老化、長照與安寧,是,否,C,2,關於長照資源使用的敘述，下列何者正確？①1999專線為政府長照資源的單一窗口，提供長照諮詢服務②55歲以上山地原住民符合
111-專業二-43,111,專業二,43,H13,老化、長照與安寧,是,否,A,2,關於安寧療護的敘述，下列何者正確？①提供身體、心理、靈性需求的支持，但不積極處理疾病症狀②期使末期病人有尊嚴有品質的走完
111-專業二-44,111,專業二,44,H05,生殖保健、避孕與人工流產,否,否,B,2,關於人類受孕的生理過程，卵子和精子通常分別在下列何處結合成受精卵與著床？
111-專業二-45,111,專業二,45,H06,懷孕、產前產後與哺乳,是,否,B,2,林女士最後一次月經是110年7月1日，預產期為何時？若林女士於4月14日分娩，則林女士是屬於何種生產時間？
111-專業二-46,111,專業二,46,H05,生殖保健、避孕與人工流產,否,否,C,2,關於人工流產方式，下列敘述何者正確？
111-專業二-47,111,專業二,47,H15,環境與職業健康,否,否,C,2,關於綠色消費3 R 3 E六原則，下列敘述何者正確？①3 R是指Reuse、Reduce、Recycle②3 E是指Ef
111-專業二-48,111,專業二,48,H15,環境與職業健康,否,否,A,2,關於減少食物碳足跡與電量耗損之作法，下列敘述何者正確？
111-專業二-49,111,專業二,49,H03,心理健康與壓力,是,否,B,2,林同學在班上成績表現一直在中間名次，很努力唸書希望成績能更好，但期中考後發現英文不及格，心裡很難過，覺得自己英文怎麼讀就
111-專業二-50,111,專業二,50,H03,心理健康與壓力,是,否,C,2,承上題，林同學的情況改善，你想應用ABCDE原則( Adversity、Belief、Consequence、Dispu
111-國文-01,111,國文,1,C01,字形,否,否,A,2,下列文句，何者有錯別字？
111-國文-02,111,國文,2,C02,字詞義與虛詞,否,否,C,2,下列各組「」內的字，何者意義相同？
111-國文-03,111,國文,3,C03,詞語填空,否,否,C,2,下文□內，最適合填入的詞語依序是：舊時中國基於美學與感性因素，讀者鍾情於運筆的藝術，偏好與文意□□□□的書體筆法，活字印
111-國文-04,111,國文,4,C05,文句排序,否,否,B,2,若要使下文的理路連貫有序，①、②、③、④、⑤最適當的排列應是：魚塭與魚塘雖大約在相同時期引進臺灣，但魚塘因魚苗取得不易，
111-國文-05,111,國文,5,C04,語法、修辭與表達手法,否,否,D,2,詩句「人心勝潮水，相送過潯陽」，為了凸顯濃厚的送別心意，採取不同性質的事物「人心」與「潮水」相比的手法。下列「……比……
111-國文-06,111,國文,6,C07,應用文,否,否,A,2,下文內，應填入的詞語依序是：「T市政府會議管理系統作業規定」於93年1月5日訂頒，因其規範之「會議管理系統」業於本年1月
111-國文-07,111,國文,7,C04,語法、修辭與表達手法,否,否,D,2,關於下文畫底線處的病句診斷與修改建議，何者不適當？依通風條件正確選擇熱水器，①才能避免隱形殺手一氧化碳意外中毒。②屋外式
111-國文-08,111,國文,8,C06,國學與文學常識,否,否,B,2,下列「人生態度量表」，選「完全同意」至「完全不同意」依序得4至1分。若僅依〈漁父〉的「漁父」、〈赤壁賦〉的「蘇子」在文中
111-國文-09,111,國文,9,C07,應用文,否,是,B,2,有些祝賀題辭可用於兩種不同情境。下圖有五種情境，直線兩端點間的選項，代表用於兩端情境的題辭，其中最不適當的是：人生態度量
111-國文-10,111,國文,10,C02,字詞義與虛詞,否,否,B,2,若參照下框「則」的用法說明，下列甲、乙中的「則」，最適當的歸類是：甲、開車時，則發票；車到時，則收票。乙、一則園子有專定
111-國文-11,111,國文,11,C10,知識性與圖表資訊閱讀,否,否,C,2,依據上文，何者會是作者對學生的學習要求？
111-國文-12,111,國文,12,C10,知識性與圖表資訊閱讀,否,否,A,2,下列①、②兩項推論，是否符合上文觀點？①應用文是普遍的讀寫需求，教學不宜專重文學文。②應用文以求「通」為首要，文彩與老練
111-國文-13,111,國文,13,C10,知識性與圖表資訊閱讀,否,否,C,2,依據上文，何者最不可能列為作者講授的教材？
111-國文-14,111,國文,14,C08,古典文本閱讀,否,否,A,2,下列敘述，何者符合上文的記載？
111-國文-15,111,國文,15,C08,古典文本閱讀,否,否,B,2,依據上文，作者對「田中彌望如雪」的感想為何？
111-國文-16,111,國文,16,C10,知識性與圖表資訊閱讀,否,否,C,2,依據上文，關於華德箱的敘述，何者正確？
111-國文-17,111,國文,17,C10,知識性與圖表資訊閱讀,否,否,D,2,上文提及「金雞納樹」，主要是為了說明華德箱：
111-國文-18,111,國文,18,C10,知識性與圖表資訊閱讀,否,否,D,2,依據上文，關於十九世紀的英國東印度公司，下列敘述何者正確？
111-國文-19,111,國文,19,C10,知識性與圖表資訊閱讀,否,否,B,2,依據上文，何者符合英國東印度公司寫信告知福鈞的內容？
111-國文-20,111,國文,20,C10,知識性與圖表資訊閱讀,否,否,D,2,依據上文，關於福鈞1848至1851年的中國之行，何者敘述正確？
111-國文-21,111,國文,21,C10,知識性與圖表資訊閱讀,是,是,A,2,若將福鈞的行程繪成下圖，方框①、②、③、④、⑤的年月、地點、事件，哪些與上文所述相符？
111-國文-22,111,國文,22,C08,古典文本閱讀,否,否,D,2,依據上文，下列敘述何者正確？
111-國文-23,111,國文,23,C08,古典文本閱讀,否,否,A,2,上文①、②分別填入哪一個詞語，最切合陳景初的感受？
111-國文-24,111,國文,24,C08,古典文本閱讀,否,否,C,2,上文對西廂棺木的描寫，旨在感慨：
111-國文-25,111,國文,25,C10,知識性與圖表資訊閱讀,否,否,D,2,依據上文關於鋸子的言談，可確切推知：
111-國文-26,111,國文,26,C10,知識性與圖表資訊閱讀,是,否,B,2,依據上文，對①、②臺灣手工具業的推論，最適當的研判是：①大多為中小企業，且形成互助結構。②出口值為全球第二大，僅次於中國
111-國文-27,111,國文,27,C10,知識性與圖表資訊閱讀,是,否,C,2,下列依上引經濟部新聞資料，對110年臺灣手工具出口情況的文字敘述，何者錯誤？
111-國文-28,111,國文,28,C08,古典文本閱讀,否,否,C,2,下列何者最接近乙文「人不負礦，礦究何負於人」的想法？
111-國文-29,111,國文,29,C08,古典文本閱讀,否,否,A,2,關於甲、乙二文的觀點，下列敘述何者正確？
111-國文-30,111,國文,30,C08,古典文本閱讀,否,否,D,2,關於甲、乙二文寫作手法的解說，何者最不適當？
111-國文-31,111,國文,31,C08,古典文本閱讀,否,否,B,2,依據唐太宗、特雷默所述，何者是兩人共同的人事管理觀點？
111-國文-32,111,國文,32,C08,古典文本閱讀,否,否,A,2,依據下列劉基所述，他在同以「制木」為喻談人事管理時，較唐太宗又多一層思考的是：
111-國文-33,111,國文,33,C10,知識性與圖表資訊閱讀,否,否,C,2,下列是人事管理常談到的「彼得原理」。若綜合上文唐太宗、特雷默所述，對「彼得原理」解讀最不適當的是：
111-國文-34,111,國文,34,C10,知識性與圖表資訊閱讀,否,否,A,2,依據下列「彼得原理」示意圖，研判①、②兩項推論，是否合理？①若員工的專長條件不變，採升職方式獎勵，容易形成「彼得原理」案
111-國文-35,111,國文,35,C09,白話文學閱讀,否,否,A,2,下列何者是從上文可明確獲悉的訊息？
111-國文-36,111,國文,36,C09,白話文學閱讀,是,否,C,2,小說常透過人物神情的描寫，讓讀者感到不尋常，為下文預做鋪墊。在上文中，對哪個人物有如此安排？
111-國文-37,111,國文,37,C09,白話文學閱讀,否,否,D,2,關於上文寫作手法的分析，何者最不適當？
111-國文-38,111,國文,38,C09,白話文學閱讀,否,否,A,2,上文借用下框文獻以編寫情節。若對照二者提出①、②，最適當的研判是：①《夢溪筆談》中的吳丞相，推斷的是「畫中物體所處的時間
111-英文-01,111,英文,1,E01,字彙題,否,否,A,2,We had better leave early to the heavy traffic to get home o
111-英文-02,111,英文,2,E01,字彙題,否,否,A,2,Anny’s grandson is always full of and wants to go to the par
111-英文-03,111,英文,3,E01,字彙題,否,否,D,2,I’ve put on so much weight recently that these jeans are too
111-英文-04,111,英文,4,E01,字彙題,否,否,D,2,My boss totally accepted my suggestion and kept nodding to h
111-英文-05,111,英文,5,E01,字彙題,否,否,B,2,"To protect your head, when you ride a motorcycle, you must w"
111-英文-06,111,英文,6,E01,字彙題,否,否,C,2,"David’s hair color is brown, but he recently dyed it purple."
111-英文-07,111,英文,7,E01,字彙題,否,否,A,2,We got train seats for the Lunar New Year season as we plann
111-英文-08,111,英文,8,E01,字彙題,否,否,C,2,"To ease his pressure, Mr. Hung decided to listen to bedtime "
111-英文-09,111,英文,9,E01,字彙題,否,否,B,2,The police pursued the bank robber through the streets last 
111-英文-10,111,英文,10,E01,字彙題,否,否,D,2,"I have looked through the records extensively, but couldn’t "
111-英文-11,111,英文,11,E02,對話題,否,否,B,2,Father: OK! We are ready to start baking a cake. We need to 
111-英文-12,111,英文,12,E02,對話題,否,否,C,2,"Judy: OK, here’s your tea. But no snacks, as you wanted. Tin"
111-英文-13,111,英文,13,E02,對話題,否,否,A,2,Ann: What do you want to see at the computer exhibition? Ken
111-英文-14,111,英文,14,E02,對話題,否,否,A,2,Ted: Do you want to jog around the track one more time? Sue:
111-英文-15,111,英文,15,E02,對話題,否,否,B,2,"Tour agent: Welcome to Fun Travel, ma’am. My name is Willy. "
111-英文-16,111,英文,16,E02,對話題,否,否,A,2,Ann: Do you want to see a movie? There’s a terrific animated
111-英文-17,111,英文,17,E02,對話題,否,否,D,2,"Bank clerk: May I help you? Simon: Yes, where should I go to"
111-英文-18,111,英文,18,E02,對話題,否,否,B,2,"Wife: So, which apartment do you like? Husband: I like the o"
111-英文-19,111,英文,19,E02,對話題,否,否,A,2,Tim: What kind of vacation do you like the best? Kelly: I’m 
111-英文-20,111,英文,20,E02,對話題,否,否,D,2,Manager: Lin’s steak house. How may I help you? Mr. White: H
111-英文-21,111,英文,21,E03,綜合測驗,否,否,B,2,
111-英文-22,111,英文,22,E03,綜合測驗,否,否,D,2,
111-英文-23,111,英文,23,E03,綜合測驗,否,否,C,2,
111-英文-24,111,英文,24,E03,綜合測驗,否,否,A,2,
111-英文-25,111,英文,25,E03,綜合測驗,否,否,B,2,
111-英文-26,111,英文,26,E03,綜合測驗,否,否,D,2,
111-英文-27,111,英文,27,E03,綜合測驗,否,否,B,2,
111-英文-28,111,英文,28,E03,綜合測驗,否,否,C,2,
111-英文-29,111,英文,29,E03,綜合測驗,否,否,C,2,
111-英文-30,111,英文,30,E03,綜合測驗,否,否,D,2,
111-英文-31,111,英文,31,E04,閱讀測驗,否,否,A,2,"Since every room only had one guest, how many guests stayed "
111-英文-32,111,英文,32,E04,閱讀測驗,否,否,D,2,"According to the line graph, which of the following is true?"
111-英文-33,111,英文,33,E04,閱讀測驗,否,否,C,2,What is the competition about?
111-英文-34,111,英文,34,E04,閱讀測驗,否,否,D,2,"According to the competition rules, which of the following i"
111-英文-35,111,英文,35,E04,閱讀測驗,否,否,C,2,"According to Jim’s email, which of the following is true?"
111-英文-36,111,英文,36,E04,閱讀測驗,否,否,C,2,Where was Molly when she wrote the email to Jim?
111-英文-37,111,英文,37,E04,閱讀測驗,否,否,A,2,Which of the following could be inferred from these emails?
111-英文-38,111,英文,38,E04,閱讀測驗,否,否,A,2,What is the purpose of this article?
111-英文-39,111,英文,39,E04,閱讀測驗,否,否,A,2,What is the process of CCUS?
111-英文-40,111,英文,40,E04,閱讀測驗,否,否,C,2,Why is carbon dioxide put underground?
111-英文-41,111,英文,41,E04,閱讀測驗,否,否,B,2,Which of the following is closest in meaning to“momentum”in 
111-英文-42,111,英文,42,E04,閱讀測驗,否,否,B,2,What can be concluded from paragraph 2?
111-數學-01,111,數學,1,M07,指數與對數,否,否,B,4,若3 log 7 x，則下列何者正確？
111-數學-02,111,數學,2,M08,數列與級數,是,否,B,4,已知等比數列ka的首項1 2 a，公比3 r。若前n項和大於2022，則滿足條件的最小正整數n？
111-數學-03,111,數學,3,M01,數與式、絕對值與複數,是,否,B,4,公益文教基金會調查技術型高中三年級學生每天手機使用時間介於3.1小時至4.9小時之間(含)。若x (單位：小時)為其中一
111-數學-04,111,數學,4,M05,三角函數與三角形,否,否,C,4,下列何者錯誤？
111-數學-05,111,數學,5,M02,多項式、函數與方程式,否,否,A,4,若2 2 7 ( 2 )( 2 )( 3 ) 2 2 3 x x A B C x x x x x x
111-數學-06,111,數學,6,M03,直線與二元一次不等式,否,否,D,4,"坐標平面上，若點( , 6 ) A a在直線:2 12 0 L x y之右半平面，則下列何者為a的可能值？"
111-數學-07,111,數學,7,M03,直線與二元一次不等式,否,否,A,4,"若(1, 4 ) A、( 6, 2 ) B所連接的線段AB與直線: 1 0 L x y相交於P點，則AP BP？"
111-數學-08,111,數學,8,M02,多項式、函數與方程式,否,否,A,4,不等式2 5 4 2 x x x的解為何？
111-數學-09,111,數學,9,M04,圓與圓錐曲線,否,是,B,4,已知圓2 2 2 4 3 0 x y x y與相異兩直線1 : 1 0 L x y及2 : 10 0 L
111-數學-10,111,數學,10,M02,多項式、函數與方程式,否,否,B,4,若四次多項式4 3 2 6 5 2 ax bx x x除以2 ( 1) x所得的餘式為3 4 x，則a b
111-數學-11,111,數學,11,M11,矩陣與聯立方程式,是,否,A,4,在一個園遊會的攤位遊戲中，遊戲規則如下：在一個桶子裡有三種球，抽中紅球可得x點，抽中黃球可得y點，但抽中黑球則必須扣掉z
111-數學-12,111,數學,12,M05,三角函數與三角形,否,是,A,4,某人由A處測量高塔塔頂E的仰角為30，朝高塔方向前進a公尺至B處時測量塔頂E的仰角為45，繼續朝高塔方向前進b公尺至
111-數學-13,111,數學,13,M06,平面與空間向量,否,否,C,4,"正四面體(四個面皆為正三角形) ABCD的四個頂點坐標為( 0,0,0 ) A、( 2,0,0 ) B、(1, 3,0 "
111-數學-14,111,數學,14,M06,平面與空間向量,否,是,C,4,今有一飛機失事落海，救難直升機於失事地點附近偵測到黑盒子(飛行記錄器的俗稱)，其所發出的訊號恰好位於直升機的正下方，但無
111-數學-15,111,數學,15,M09,排列組合與機率,否,否,A,4,某歌手打算在她的演唱會上表演一段由6首不同的歌曲串成的組曲，其中3首慢歌、3首快歌。她的音樂總監建議在歌曲的安排上最多只
111-數學-16,111,數學,16,M06,平面與空間向量,否,否,D,4,"已知平面上兩向量( 2 1, 3 ) a x、( 3, 2 ) b x，滿足2 2 2 | | | | | |"
111-數學-17,111,數學,17,M11,矩陣與聯立方程式,否,否,C,4,若矩陣1 A 2 3 a、2 B c b d，且AB A B，則c？
111-數學-18,111,數學,18,M12,微積分,否,否,D,4,"已知函數3 12 f x x x圖形在切點( , ) a b的切線斜率為9。若0 a，則a b？"
111-數學-19,111,數學,19,M12,微積分,否,否,D,4,不定積分3 2 x dx x？
111-數學-20,111,數學,20,M12,微積分,是,否,C,4,小明計畫由基隆沿國道一號開車南下高雄渡假。早上8:00經過中興隧道0公里處的起點，經紀錄儀錶板上車速變化，在8:00開始
111-數學-21,111,數學,21,M07,指數與對數,否,否,B,4,為了響應節能減碳政策，某公司基於成本考量決定在六年後將公司該年二氧化碳排放量降為目前排放量的50 %。公司希望每年依固定
111-數學-22,111,數學,22,M05,三角函數與三角形,否,否,C,4,若ABC三邊長為4、5、6，則其外接圓直徑為何？
111-數學-23,111,數學,23,M05,三角函數與三角形,否,否,D,4,已知ABC的面積為3 2 2，其中3 AB、2 AC，且BAC為鈍角。若BC的長度為a，則2 a？
111-數學-24,111,數學,24,M04,圓與圓錐曲線,否,否,D,4,"若( , ) P x y為橢圓2 2 4 6 12 6 0 x y y上任意一點，則3 x y的最大值為何？"
111-數學-25,111,數學,25,M12,微積分,否,否,C,4,若函數2 2 3 2 3 ( ) 5 3 x a x x x f x x x x b，，在
112-專業一-01,112,專業一,1,B11,植物構造與生理,否,是,A,2,植物一般可分為根、莖、葉、花、果實和種子等部分，有關被子植物根、莖和葉之構造與功能的敘述，下列何者正確？①形成層為雙子葉
112-專業一-02,112,專業一,2,B13,消化與營養,否,否,A,2,下列哪些維生素可作為抗氧化劑添加在食品中？①維生素D②維生素E③維生素K④維生素B 1⑤維生素B 12⑥維生素C
112-專業一-03,112,專業一,3,B14,循環與血液,否,否,A,2,多細胞動物的循環系統可分為開放式循環與閉鎖式循環兩大類型，下列何者屬於開放式循環？①螳螂②螃蟹③水蛭④青蛙⑤鯊魚
112-專業一-04,112,專業一,4,B16,呼吸,否,否,D,2,有關各種生物呼吸系統型態的敘述，下列何者正確？
112-專業一-05,112,專業一,5,B16,呼吸,否,是,C,2,圖(一)是健康人體呼吸運動的示意圖，有關呼吸時身體各部位相對狀態的敘述，下列何者正確？圖(一)
112-專業一-06,112,專業一,6,B16,呼吸,否,否,B,2,甲生未注射過嚴重特殊傳染性肺炎( COVID - 19 )疫苗，在首次感染嚴重特殊傳染性肺炎後，其症狀有喪失嗅覺、咳嗽不
112-專業一-07,112,專業一,7,B15,免疫,否,否,D,2,下列何者屬於自體免疫問題之疾病？①全身性紅斑性狼瘡②第一型糖尿病③第二型糖尿病④慢性甲狀腺炎⑤退化性關節炎⑥類風濕性關節
112-專業一-08,112,專業一,8,B18,神經、肌肉與骨骼,否,否,B,2,有關健康人體肌肉與骨骼的敘述，下列何者正確？
112-專業一-09,112,專業一,9,B19,內分泌,否,否,A,2,下列何者屬於健康人體腦垂腺前葉所分泌之激素？①生長激素②促腎上腺皮質素釋素③血管加壓素④催乳激素⑤催產素⑥甲狀腺刺激素⑦
112-專業一-10,112,專業一,10,B04,細胞分裂,否,否,C,2,假設一動物細胞有n對染色體，在進行減數分裂過程中，第一減數分裂正常無異狀，然而在第二減數分裂的後期，其中一對染色體發生姊
112-專業一-11,112,專業一,11,B04,細胞分裂,否,否,D,2,有關真核生物減數分裂過程中，遺傳物質重新組合及產生遺傳變異的敘述，下列何者正確？
112-專業一-12,112,專業一,12,B02,細胞構造與觀察,否,否,B,2,下列何種哺乳動物細胞的胞器具有藥物的解毒和代謝功能？
112-專業一-13,112,專業一,13,B02,細胞構造與觀察,否,是,C,2,磷脂質是構成細胞膜的主要成分，具有親水端和疏水端，可形成細胞膜及胞器膜以區隔內外，若將磷脂質混入盛有水的燒杯內如圖(二)
112-專業一-14,112,專業一,14,B03,代謝、酵素與光合作用,否,是,A,2,陸地植物的葉綠體利用陽光中特定波長的光進行光合作用，以二氧化碳及水為原料，合成六碳醣並釋放出氧氣。圖(三)為陸地植物光合
112-專業一-15,112,專業一,15,B11,植物構造與生理,否,否,C,2,植物的氣孔由一對保衛細胞所組成，保衛細胞的細胞壁厚度不均，因膨壓的變化導致氣孔開閉。有關氣孔開閉的敘述，下列何者正確？
112-專業一-16,112,專業一,16,B02,細胞構造與觀察,否,是,A,2,植物表皮細胞水埋玻片之製作步驟有：①加蓋蓋玻片②滴一滴清水於載玻片中央③取透明下表皮，放在載玻片的水上④載玻片洗淨後擦乾
112-專業一-17,112,專業一,17,B08,生命起源與演化,否,否,A,2,演化的概念可用來探討生物個體在不同世代間具有差異現象的原因與機制，有關演化論發展歷程的敘述，下列何者正確？
112-專業一-18,112,專業一,18,B08,生命起源與演化,否,否,C,2,演化論以物競天擇、適者生存為中心思想，生物演化的歷程則需要相關證據的支持，有關生物演化證據的敘述，下列何者正確？
112-專業一-19,112,專業一,19,B08,生命起源與演化,否,是,D,2,依據下圖(四)之演化樹所顯示的物種演化歷程，下列何者與物種1共有最多同源演化特徵？圖(四)
112-專業一-20,112,專業一,20,B22,生物多樣性、保育與環境,是,否,B,2,地球上存在著各式各樣的生物，外觀大小各不相同，這樣的差異性可稱為生物多樣性，有關生物多樣性的敘述，下列何者正確？
112-專業一-21,112,專業一,21,B09,分類、病毒與微生物,否,否,C,2,五界分類系統是西元1969年由美國學者懷塔克提出的，有關五界分類系統的特徵的敘述，下列何者正確？
112-專業一-22,112,專業一,22,B09,分類、病毒與微生物,是,否,C,2,病毒是僅能在生物體活細胞內複製的微小型病原體，有關病毒的敘述，下列何者正確？
112-專業一-23,112,專業一,23,B09,分類、病毒與微生物,否,否,C,2,細菌與人類之間的關係複雜且密切，有關細菌與人類活動間關係的敘述，下列何者正確？
112-專業一-24,112,專業一,24,B09,分類、病毒與微生物,否,否,A,2,原生生物界的生物多為水生，各物種間的特徵變異大，有關原生生物界的敘述，下列何者正確？
112-專業一-25,112,專業一,25,B09,分類、病毒與微生物,否,否,B,2,真菌界是真核生物中重要的一大類群，有關真菌界的敘述，下列何者正確？
112-專業一-26,112,專業一,26,B10,動植物類群,否,否,D,2,動物界是沒有細胞壁的多細胞生物，有關動物界的敘述，下列何者正確？
112-專業一-27,112,專業一,27,B20,人類生殖與發育,否,否,B,2,有關健康男性細精管的敘述，下列何者正確？
112-專業一-28,112,專業一,28,B20,人類生殖與發育,否,否,C,2,健康女性懷孕可以分為三個孕期，有關孕期過程的敘述，下列何者正確？
112-專業一-29,112,專業一,29,B12,植物生殖,否,否,D,2,雙重受精是被子植物有性生殖的重要特徵。有關被子植物有性生殖的敘述，下列何者正確？
112-專業一-30,112,專業一,30,B07,生物技術,是,否,A,2,有關DNA粗萃取實驗中使用的洗潔精、鳳梨汁、飽和食鹽水與95％冰酒精的功能，下列敘述何者正確？
112-專業一-31,112,專業一,31,B21,族群、群集與生態系,是,否,A,2,某學者於臺南七股的曾文溪河口進行生物調查，發現除了黑面琵鷺外尚有鳥類2種、藻類2種、甲殼類2種及魚類6種，根據調查的結果
112-專業一-32,112,專業一,32,B21,族群、群集與生態系,否,是,D,2,圖(五)為自然界碳循環的簡圖，圖中甲、乙、丙及丁依序為下列何種作用？①光合作用②呼吸作用③分解作用④蒸散作用圖(五)
112-專業一-33,112,專業一,33,B22,生物多樣性、保育與環境,否,否,B,2,"西元2015年，聯合國宣布「2030永續發展目標」( Sustainable Development Goals , S"
112-專業一-34,112,專業一,34,B21,族群、群集與生態系,是,否,B,2,乙生進行生態系統建置與觀察之探究活動，以水族箱飼養一批金魚，為穩定水質，故購買某廠牌之水質穩定劑，其產品特色及功能說明如
112-專業一-35,112,專業一,35,B21,族群、群集與生態系,否,是,D,2,圖(六)為某一草原生態系之食物網，箭頭代表吃與被吃關係，有關食物網及能量流動的敘述，下列何者正確？圖(六)
112-專業一-36,112,專業一,36,B07,生物技術,否,否,D,2,遺傳工程技術藉由重組DNA修改生物的遺傳組成，操作步驟有：①細胞轉形②分析目標基因於轉殖成功細胞中之表現③限制酶切割目標
112-專業一-37,112,專業一,37,B07,生物技術,否,否,D,2,聚合酶連鎖反應( PCR )為一種將特定DNA片段加以擴增之技術，可應用於檢驗基因改造物種，下列敘述何者正確？
112-專業一-38,112,專業一,38,B07,生物技術,否,是,C,2,圖(七)為DNA於電泳膠中泳動的結果，黑色條帶為DNA片段，有關DNA電泳的原理，下列何者正確？圖(七)
112-專業一-39,112,專業一,39,B07,生物技術,否,否,A,2,可利用下列何種載體，將目標基因插入植物的基因組中，進而開發出基因轉殖植物？
112-專業一-40,112,專業一,40,B05,遺傳法則與人類遺傳,是,否,B,2,依孟德爾的單性雜交實驗結果，認為豌豆莖的高矮，有顯性與隱性之別，高莖( T )為顯性，矮莖( t )為隱性；丙生取一株高
112-專業一-41,112,專業一,41,B22,生物多樣性、保育與環境,否,是,D,2,國際上日漸重視氣候變遷之議題，並重視發展減緩氣候變遷之產品，產品碳足跡標章( Carbon Footprint Labe
112-專業一-42,112,專業一,42,B22,生物多樣性、保育與環境,否,否,B,2,隨著世界人口不斷增加，地球資源也因人類所需不斷被開發與利用，在現今全球化的時代，人類對自然資源的開發與利用，下列敘述何者
112-專業一-43,112,專業一,43,B21,族群、群集與生態系,否,否,B,2,有關四個物種存活曲線的敘述，下列何者正確？
112-專業一-44,112,專業一,44,B21,族群、群集與生態系,否,否,D,2,圖中I、II及III物種的存活曲線與相關生物間的配對，下列何者正確？
112-專業一-45,112,專業一,45,B06,DNA 與基因表現,否,否,C,2,根據上述說明，下列何者正確？①一個密碼子可以代表一個以上的胺基酸②一個胺基酸可以有多個密碼子③一個胺基酸皆只對應一個密碼
112-專業一-46,112,專業一,46,B06,DNA 與基因表現,否,否,B,2,假設一DNA序列帶有一基因，其核苷酸序列如下：5’- ATGCAGAATGAATTTCAACCGGAATAGGCA - 
112-專業一-47,112,專業一,47,B05,遺傳法則與人類遺傳,否,否,A,2,若AABBCC與aabbcc雜交，其第一子代F 1的表現型有幾種？
112-專業一-48,112,專業一,48,B05,遺傳法則與人類遺傳,否,否,C,2,若F 1自交產生的F 2其性狀有幾種？
112-專業一-49,112,專業一,49,B13,消化與營養,否,否,D,2,有關健康人體消化系統消化與吸收功能的敘述，下列何者正確？
112-專業一-50,112,專業一,50,B13,消化與營養,否,否,B,2,有關消化系統中具有消化腺功能的器官，下列何者正確？
112-專業二-01,112,專業二,1,H13,老化、長照與安寧,否,否,C,2,有關聯合國及世界衛生組織對人口老化的定義，下列敘述何者正確？
112-專業二-02,112,專業二,2,H13,老化、長照與安寧,是,否,D,2,下列何者符合我國長照2.0服務的對象？①50歲的失智症患者②50歲的失能原住民③55歲的失能長者④55歲的失能身心障礙者
112-專業二-03,112,專業二,3,H13,老化、長照與安寧,否,否,AB,2,一位67歲長者因行動不便，需照顧人員定期到宅協助沐浴並陪同外出散步，應尋找下列長照A、B、C哪一類型的服務單位？
112-專業二-04,112,專業二,4,H06,懷孕、產前產後與哺乳,否,否,C,2,關於母乳哺餵的敘述，下列何者正確？
112-專業二-05,112,專業二,5,H06,懷孕、產前產後與哺乳,否,否,B,2,有關產後照顧之敘述，下列何者正確？
112-專業二-06,112,專業二,6,H05,生殖保健、避孕與人工流產,否,是,A,2,一般情況下，人類精子與卵子在圖(一)中何處相遇並進而結合成受精卵？圖(一)
112-專業二-07,112,專業二,7,H06,懷孕、產前產後與哺乳,否,否,C,2,有關產前檢查，下列敘述何者正確？①例行產前檢查僅包括身體檢查及尿液檢查②超音波檢查可確認胎兒發育情形與胎盤位置③羊膜穿刺
112-專業二-08,112,專業二,8,H15,環境與職業健康,是,否,B,2,小方為了自籌學費及生活費，利用暑假期間到火鍋店打工2個月，上班時間為中午12點到晚上9點，但經常加班到晚上10點才下班。
112-專業二-09,112,專業二,9,H12,事故傷害與急救,否,否,D,2,懷孕7個月的孕婦，吃元宵時突然用力咳嗽、呼吸困難，下列敘述何者正確？①鼓勵孕婦頭往前傾，用力咳並拍打孕婦的背部②站在孕婦
112-專業二-10,112,專業二,10,H12,事故傷害與急救,是,否,C,2,老先生在超商買東西時，突然倒地且失去意識，店員緊急執行「叫叫CABD」生存之鏈，下列有關AED的敘述，何者正確？①AED
112-專業二-11,112,專業二,11,H12,事故傷害與急救,是,否,A,2,小武有氣喘病史需常規使用藥物，最近天氣冷，上體育課跑步暖身時，忽然停下來直說他好喘、呼吸困難。有關氣喘的敘述，下列何者正
112-專業二-12,112,專業二,12,H12,事故傷害與急救,是,否,A,2,因疫情嚴峻，陳先生用酒精消毒雙手後突然想抽菸，隨即拿起打火機點火，卻不慎引燃酒精，當下場面失控，全身著火，造成他頭部、上
112-專業二-13,112,專業二,13,H12,事故傷害與急救,是,否,C,2,小悠不小心滑倒，身上有多處表淺的擦傷。有關傷口清潔及換藥的敘述，下列何者正確？①用燒開過的冷開水，由內而外螺旋狀的方式清
112-專業二-14,112,專業二,14,H11,物質濫用與用藥安全,是,否,B,2,張先生因為個性容易緊張，工作壓力大加上家中長輩近日過世情緒低落，已經失眠多日，服用醫師開給張太太的安眠藥助眠。關於張生先
112-專業二-15,112,專業二,15,H11,物質濫用與用藥安全,是,否,D,2,小雨為獨生子，平時父母忙於工作，較少陪伴且個性內向膽小，在朋友的慫恿下開始抽菸，偶爾也吸K菸( Ketamine )。有
112-專業二-16,112,專業二,16,H11,物質濫用與用藥安全,否,否,D,2,有關電子菸的敘述，下列何者錯誤？
112-專業二-17,112,專業二,17,H12,事故傷害與急救,否,否,A,2,緊急情況到急診就醫，依急診檢傷分級排列就診順序：①局部蜂窩性組織炎②呼吸心跳停止，肢體及嘴唇發青、發紫③外傷造成之大量出
112-專業二-18,112,專業二,18,H15,環境與職業健康,否,否,A,2,關於碳足跡標章所標示之數字，下列敘述何者正確？①代表產品生命週期所消耗物質及能源②換算為二氧化碳排放當量③數字越高代表越
112-專業二-19,112,專業二,19,H15,環境與職業健康,否,否,A,2,國際間慣用水足跡來衡量產品在原料開採及生產過程中，所消耗的淡水資源總量。下列食品何者在原料開採及生產過程中所消耗的淡水資
112-專業二-20,112,專業二,20,H01,健康概念與健康促進,是,否,B,2,穴位按摩是可用以自助助人的保健技能，但有下列何種狀況時不宜穴位按摩？①壓力大、頭痛、頭暈②酒醉狀態③剛吃飽④出血性疾病患
112-專業二-21,112,專業二,21,H04,親密關係、性別與性平,否,否,C,2,有關「全人的性」價值觀與健康親密關係之內涵，下列敘述何者正確？
112-專業二-22,112,專業二,22,H04,親密關係、性別與性平,否,否,D,2,在多元的社會裡，性別不再單一。有關「性別多樣化」的概念，下列敘述何者正確？
112-專業二-23,112,專業二,23,H03,心理健康與壓力,否,否,A,2,自尊是對自我能力與自我價值的整體評價，提升自尊能讓人擁有正向的價值觀、人格特質，並且具備應付困境的能力與復原力。下列哪些
112-專業二-24,112,專業二,24,H04,親密關係、性別與性平,是,否,C,2,「相愛容易相處難」，情侶間的衝突在所難免。有效解決衝突的步驟除「確認衝突點」、「正視衝突結果」、「理性溝通及表達需求」之
112-專業二-25,112,專業二,25,H05,生殖保健、避孕與人工流產,否,否,B,2,有關避孕的方法與原理，下列敘述何者正確？
112-專業二-26,112,專業二,26,H05,生殖保健、避孕與人工流產,否,否,AD,2,有關各種避孕方法的適應症及可能之副作用，下列敘述何者正確？
112-專業二-27,112,專業二,27,H05,生殖保健、避孕與人工流產,否,否,A,2,有關人工流產術後之照護原則，下列敘述何者最適當？
112-專業二-28,112,專業二,28,H07,性傳染病與愛滋,否,否,A,2,有關性傳染病的種類、傳染途徑、預防及感染後對健康之影響，下列敘述何者正確？
112-專業二-29,112,專業二,29,H07,性傳染病與愛滋,否,否,C,2,有關愛滋病的預防與治療，下列敘述何者正確？
112-專業二-30,112,專業二,30,H04,親密關係、性別與性平,否,否,D,2,灰色強暴( gray rape )是一種新的約會強暴型態，指在「曖昧不明」「雙方都不確定為何會發生」的「非自願」性行為。
112-專業二-31,112,專業二,31,H10,視力、口腔與姿勢保健,是,否,A,2,小花是高一新生，國中視力0.9，高中放榜後，每天都沉浸在手遊中，高中入學新生體檢視力0.6。關於視力問題及其保健之敘述，
112-專業二-32,112,專業二,32,H01,健康概念與健康促進,是,否,D,2,小明是高三學生，近日準備力拼心中理想大學。為節省通勤時間，上下課都由家人騎摩托車接送，到學校後幾乎都坐在教室裡，回到家也
112-專業二-33,112,專業二,33,H10,視力、口腔與姿勢保健,是,否,B,2,鄭同學是高一新生，最近迷上線上遊戲，每天都玩到半夜才睡覺，近日發現牙齦紅腫、口臭、對冷熱敏感，原本以為是因為睡太少、火氣
112-專業二-34,112,專業二,34,H09,慢性病、代謝症候群與健檢,是,否,D,2,曾媽媽56歲，進入更年期之後，體重開始上升，除了上菜市場，幾乎沒有固定的運動或活動。日前在醫院工作的女兒安排下，參加國民
112-專業二-35,112,專業二,35,H02,體位、營養與飲食,是,否,C,2,王伯伯82歲，身高170公分，退休在家，平常都坐著看電視，近一年體重由原本70公斤增加到80公斤，王媽媽發現王伯伯褲頭變
112-專業二-36,112,專業二,36,H02,體位、營養與飲食,是,否,D,2,小俞是18歲高三學生，追求「瘦即是美」的目標，故採生酮飲食、168斷食法刻意減重。小俞近日測得的體重是40公斤，對於身高
112-專業二-37,112,專業二,37,H14,健康消費與食品安全,是,否,B,2,亮亮是知名網紅，此次為某行銷公司於賣場網站銷售醫療級石墨烯塑崩褲商品，廣告宣稱「穿著就能瘦！穿上塑崩褲會產生被動式循環的
112-專業二-38,112,專業二,38,H14,健康消費與食品安全,是,否,B,2,丁小姐是一位營養師，非常重視食品安全，下班後常去超市採購，看到生鮮食品區的蔬菜外包裝貼著「有機農產品」標示，下列敘述何者
112-專業二-39,112,專業二,39,H10,視力、口腔與姿勢保健,是,否,B,2,16歲的小強，肩膀經常出現酸痛，媽媽帶著他到醫院就診，當醫生詢問小強日常生活習慣時，小強的媽媽說，因工作太忙，沒有太多時
112-專業二-40,112,專業二,40,H03,心理健康與壓力,是,否,A,2,林同學正值青春年華的17歲，近日沉迷於韓團，時常拿著手機或平板瀏覽韓星的網路訊息，與同學互動極少，發現當要找同學討論功課
112-專業二-41,112,專業二,41,H03,心理健康與壓力,是,否,C,2,小新的母親本身有糖尿病，因全身無力、嗜睡，家人送母親至急診就醫發現糖尿病酮酸中毒、雙側肺炎，且感染新冠病毒而住院治療，3
112-專業二-42,112,專業二,42,H12,事故傷害與急救,是,否,D,2,大緯愛好戶外活動，每天晚上都會到河濱公園附近溜直排輪或玩滑板，有時因為運動過度造成肌肉拉傷、韌帶扭傷，或不小心撞擊造成腳
112-專業二-43,112,專業二,43,H09,慢性病、代謝症候群與健檢,是,否,D,2,張小弟17歲，最近排便需要用力解，他發現大便變細小且帶有血、黏液，以為是痔瘡而不以為意，某日突然肚子痛、腹瀉、解血便，由
112-專業二-44,112,專業二,44,H09,慢性病、代謝症候群與健檢,否,是,C,2,近年來國人罹患代謝症候群的人口有增多趨勢，某家庭中父親為一名建築工地的勞動人員，母親為家庭主婦，兩人育有正在求學階段的一
112-專業二-45,112,專業二,45,H02,體位、營養與飲食,否,否,C,2,承上題，身體質量指數計算公式為體重(公斤)除以身高(公尺)的平方。世界衛生組織建議以身體質量指數( Body Mass 
112-專業二-46,112,專業二,46,H02,體位、營養與飲食,是,否,B,2,阿華16歲，身高160公分，體重65公斤，有體重過重及腹部肥胖的問題，為了健康著想，決定設定減重6公斤的健康自主管理計畫
112-專業二-47,112,專業二,47,H02,體位、營養與飲食,是,否,A,2,小茜是高中一年級的學生，某天下課回家走在路上，被一個人突然撞到，還對她大吼「胖子，該減肥了吧。」小茜不敢跟任何人提起這一
112-專業二-48,112,專業二,48,H03,心理健康與壓力,是,否,B,2,小呈大學剛畢業，好不容易找到朝九晚五的工作，覺得自己是職場的菜鳥，上班時間一直繃緊神經，感覺工作壓力很大，小呈想在下班後
112-專業二-49,112,專業二,49,H03,心理健康與壓力,否,否,C,2,有效的時間管理可以按部就班完成每件事情，才不會等到最後一刻驚覺時間不夠用，壓力瞬間爆表，依「重要性」、「急迫性」進行時間
112-專業二-50,112,專業二,50,H08,傳染病防治,否,否,B,2,臺灣位於亞熱帶地區，是登革熱( Dengue fever )流行高危險地區，下列有關登革熱的敘述，何者正確？①登革熱屬於
112-國文-01,112,國文,1,C01,字形,否,否,B,2,下列文句，何者有錯別字？
112-國文-02,112,國文,2,C02,字詞義與虛詞,否,否,A,2,《射雕英雄傳》：「郭靖把南山刀法使發了，已不用顧盼擬合，信手而應，縱橫前後，悉逢肯綮。」文中「肯綮」的意思、典故出處依序
112-國文-03,112,國文,3,C02,字詞義與虛詞,否,否,A,2,下列文句的「不用」，何者與「客位貨物，不准以多報少；倘有此弊，定即議罰革退不用」的「不用」，意義最接近？
112-國文-04,112,國文,4,C02,字詞義與虛詞,否,否,C,2,參照右框「極」的用法說明，下列甲、乙中的「極」，最適當的歸類是：甲、北通巫峽，南極瀟湘，遷客騷人，多會於此。乙、寶釵道：
112-國文-05,112,國文,5,C04,語法、修辭與表達手法,否,否,D,2,下列文句，何者以反問語氣表達慨歎之意？
112-國文-06,112,國文,6,C04,語法、修辭與表達手法,否,否,B,2,「柳絲絛子慣於伸入水中，去糾纏水中安靜的雲影和月光」，將描述人的「伸入」、「糾纏」跨界轉用，使柳絲彷彿具有人的作為。下列
112-國文-07,112,國文,7,C03,詞語填空,是,否,A,2,依據下文，□□□□內最適合填入的詞語依序為何？我細心地帶著最崇高的尊敬，觀察著父親一上一下地削掉木塊，絲毫沒有一點疲倦，
112-國文-08,112,國文,8,C04,語法、修辭與表達手法,否,否,B,2,下列尋犬啟事的文句，何者明顯有語法缺失？急尋愛犬************************************
112-國文-09,112,國文,9,C05,文句排序,否,否,D,2,下列契約文字，甲方是出租人，乙方是承租人。若要使理路連貫有序，①、②、③、④、⑤最適當的排列應是：乙方使用機車發生擦撞或
112-國文-10,112,國文,10,C06,國學與文學常識,否,否,B,2,在「古畫動起來」展覽中，若要讓〈李清照酴醿春去圖〉(左)、〈東坡笠屐圖〉(右)的人物跨時代對話，依據畫題、畫面及兩人作品
112-國文-11,112,國文,11,C09,白話文學閱讀,是,是,C,2,小說通常會描寫人物們眼中的彼此，也會呈現作者眼中的他們。關於下圖「某人看另一人」的敘述，何者最符合甲文觀點或乙文內容？
112-國文-12,112,國文,12,C09,白話文學閱讀,否,否,A,2,乙文①、②兩句，是否適合做為甲文「支撐著他可憐的存在」的例子？①孔乙己看著問他的人，顯出不屑置辯的神氣。②孔乙己嘴裡說些
112-國文-13,112,國文,13,C09,白話文學閱讀,是,否,A,2,甲文中「不可信賴的敘事者」，是小說會運用的手法。依據下框的說明，魯迅透過「不可信賴的敘事者」，主要是希望讀者：
112-國文-14,112,國文,14,C09,白話文學閱讀,否,是,C,2,若某位長者想就甲文認為孔乙己「可憐」的原因提出勸慰，最適合的是：
112-國文-15,112,國文,15,C10,知識性與圖表資訊閱讀,否,是,A,2,上文開頭採「一句話即一段」的寫法，通常這句話會以點到為止的方式預告下文內容。如果有讀者做了以下預想，何者無法於下文讀到？
112-國文-16,112,國文,16,C10,知識性與圖表資訊閱讀,否,否,B,2,上文兩處「」，採用「引述業者談話」的寫法，主要是為了呈現業者：
112-國文-17,112,國文,17,C10,知識性與圖表資訊閱讀,否,否,C,2,上文採用「調整時間順序」的寫法，「1970年代……」那段回溯「過去」，是為了繼前段介紹「現在」後，讓讀者了解：
112-國文-18,112,國文,18,C10,知識性與圖表資訊閱讀,否,否,B,2,依據上列資料，下列敘述何者錯誤？
112-國文-19,112,國文,19,C08,古典文本閱讀,否,否,B,2,依據下列《瓶史》文字，何者最可能是宏道流的看法？插花不可太繁，亦不可太瘦，多不過二種三種，高低疏密，如畫苑布置，方妙。置
112-國文-20,112,國文,20,C08,古典文本閱讀,是,否,D,2,下列《瓶花譜》文字，與上列《瓶史》的相同觀點為何？大率插花須要花與瓶稱，令花稍高於瓶。假如瓶高一尺，花出瓶口一尺三四寸，
112-國文-21,112,國文,21,C08,古典文本閱讀,是,否,C,2,甲、乙二圖出自《宏道流插花圖》，若就整體型態觀察，對①、②的研判應是：①甲圖符合《瓶史》「種類」與「置瓶」的觀點。②乙圖
112-國文-22,112,國文,22,C08,古典文本閱讀,否,否,C,2,關於上列罰則的理解，何者最適當？
112-國文-23,112,國文,23,C08,古典文本閱讀,是,否,A,2,依據罰則，對小吳的處罰應是：
112-國文-24,112,國文,24,C08,古典文本閱讀,否,否,C,2,關於上文的理解，何者最適當？
112-國文-25,112,國文,25,C08,古典文本閱讀,否,否,A,2,依據上文，廬兒、客對士人說的話，主要用意為何？廬兒曰：「已晚，須明日。」客復屬耳：「當早至，我俟於此。」
112-國文-26,112,國文,26,C08,古典文本閱讀,否,是,B,2,依據上文與下圖，哪些是士人受騙的原因？
112-國文-27,112,國文,27,C08,古典文本閱讀,否,否,B,2,依據上文，下列各組「」內詞語的意義，何者相同？
112-國文-28,112,國文,28,C08,古典文本閱讀,是,否,C,2,「呈現異同」是說明事物常用的方式，其基礎常來自作者對事物異、同的科學觀察。依據沈括所述，何者不是他的觀察結果？
112-國文-29,112,國文,29,C10,知識性與圖表資訊閱讀,是,否,D,2,依據銅鏡演變簡圖及沈括之文，關於①、②的研判應是：①從圖中所舉的古鏡大小看，完全符合沈括所云「鑑大則平，鑑小則凸」。②沈
112-國文-30,112,國文,30,C10,知識性與圖表資訊閱讀,否,否,B,2,上列資料內若要概括「當代學者」的觀點，內最適合填入的是：
112-國文-31,112,國文,31,C10,知識性與圖表資訊閱讀,否,否,D,2,上文描述的「這隻陶枕」，具有何種特色？
112-國文-32,112,國文,32,C10,知識性與圖表資訊閱讀,否,否,A,2,上文主要從哪個層面，指出陶枕「代表宋代藝術精神」？
112-國文-33,112,國文,33,C10,知識性與圖表資訊閱讀,否,否,B,2,關於上文寫作手法與意義，何者敘述最適當？
112-國文-34,112,國文,34,C10,知識性與圖表資訊閱讀,否,否,C,2,關於上文第二段的寫作手法與意義，何者敘述不適當？
112-國文-35,112,國文,35,C10,知識性與圖表資訊閱讀,否,否,B,2,上文透過「當天……」為開頭的兩段，主要是想表達：
112-國文-36,112,國文,36,C10,知識性與圖表資訊閱讀,否,否,C,2,某鞋廠辦理「鞋業產品研發培訓班」時，將上文所引寶成集團主管的言談，歸納為四項鞋業優勢。下列敘述，最符合其原意的是：
112-國文-37,112,國文,37,C09,白話文學閱讀,否,否,C,2,上文所述長米蒸煮後所呈現的特性，與何者最接近？
112-國文-38,112,國文,38,C09,白話文學閱讀,否,否,B,2,上文對「米的天性既純真又深情」、「白飯之於佳肴，好比畫布之於色彩和線條」的解說，依序相當於右圖的哪個理由？
112-英文-01,112,英文,1,E01,字彙題,否,否,B,2,It is a big for people in this small town to learn that the 
112-英文-02,112,英文,2,E01,字彙題,否,否,C,2,The animal rights group is going to a party to raise money f
112-英文-03,112,英文,3,E01,字彙題,否,否,A,2,"I have finished writing the novel, and I’m going to complete"
112-英文-04,112,英文,4,E01,字彙題,否,否,D,2,"In some countries, looking at someone in the eye for too lon"
112-英文-05,112,英文,5,E01,字彙題,否,否,B,2,"If you keep blowing air into the balloon, it will with a lou"
112-英文-06,112,英文,6,E01,字彙題,否,否,D,2,"The boss agreed to increase workers’, so they can make more "
112-英文-07,112,英文,7,E01,字彙題,否,否,D,2,"Since my teeth are very to sweets, I don’t eat candies and c"
112-英文-08,112,英文,8,E01,字彙題,否,否,C,2,Amy’s proposal to get funding from the school did not meet a
112-英文-09,112,英文,9,E01,字彙題,否,否,A,2,William’s mother was seriously hurt in the car accident; she
112-英文-10,112,英文,10,E01,字彙題,否,否,A,2,I’m sorry that I don’t have any spare money to lend you. I s
112-英文-11,112,英文,11,E02,對話題,否,否,D,2,Anita: There’s a famous Chinese restaurant across the road. 
112-英文-12,112,英文,12,E02,對話題,否,否,A,2,Betty: Hello. I’m calling about your ad for the five-room re
112-英文-13,112,英文,13,E02,對話題,否,否,C,2,Alex: I’m interested in buying an electric car. Sales: Good 
112-英文-14,112,英文,14,E02,對話題,否,否,B,2,Jane: Guess what I saw during my trip to Paris last month? R
112-英文-15,112,英文,15,E02,對話題,否,否,C,2,David: Do you like watching judo (柔道) competitions? Annie: N
112-英文-16,112,英文,16,E02,對話題,否,否,B,2,"Jimmy: I need to find a part-time job, Ms. King. Ms. King: M"
112-英文-17,112,英文,17,E02,對話題,否,否,D,2,"Secretary: Hello, Dean’s office, may I help you? Jack: Good "
112-英文-18,112,英文,18,E02,對話題,否,否,B,2,"Ms. Lin: Ms. Ting, Stella’s ballet show yesterday was terrif"
112-英文-19,112,英文,19,E02,對話題,否,否,A,2,"Angel: Have you ever met new friends online? Teddy: Yes, I h"
112-英文-20,112,英文,20,E02,對話題,否,否,B,2,Nancy: Let’s go out and play badminton. Do you know where th
112-英文-21,112,英文,21,E03,綜合測驗,否,否,A,2,
112-英文-22,112,英文,22,E03,綜合測驗,否,否,C,2,
112-英文-23,112,英文,23,E03,綜合測驗,否,否,B,2,
112-英文-24,112,英文,24,E03,綜合測驗,否,否,A,2,
112-英文-25,112,英文,25,E03,綜合測驗,否,否,D,2,
112-英文-26,112,英文,26,E03,綜合測驗,否,否,A,2,
112-英文-27,112,英文,27,E03,綜合測驗,否,否,C,2,
112-英文-28,112,英文,28,E03,綜合測驗,否,否,D,2,
112-英文-29,112,英文,29,E03,綜合測驗,否,否,D,2,
112-英文-30,112,英文,30,E03,綜合測驗,否,否,C,2,
112-英文-31,112,英文,31,E04,閱讀測驗,否,否,D,2,How much does David spend on soft drinks every month?
112-英文-32,112,英文,32,E04,閱讀測驗,否,否,B,2,Which of the following is true?
112-英文-33,112,英文,33,E04,閱讀測驗,否,否,C,2,Which part should you check to find out how to take the medi
112-英文-34,112,英文,34,E04,閱讀測驗,否,否,B,2,Which effect should you be aware of if you want to take the 
112-英文-35,112,英文,35,E04,閱讀測驗,否,否,A,2,"According to the label, which of the following is true?"
112-英文-36,112,英文,36,E04,閱讀測驗,否,否,A,2,Which is NOT mentioned as how job scams work?
112-英文-37,112,英文,37,E04,閱讀測驗,否,否,C,2,Which of the following is true?
112-英文-38,112,英文,38,E04,閱讀測驗,否,否,B,2,What is the passage mainly about?
112-英文-39,112,英文,39,E04,閱讀測驗,否,否,D,2,Which is closest in meaning to the phrase“live tracking”in p
112-英文-40,112,英文,40,E04,閱讀測驗,否,否,D,2,"According to the passage, how has technology changed sports "
112-英文-41,112,英文,41,E04,閱讀測驗,否,否,A,2,"In the writer’s opinion, what is the best benefit of using t"
112-英文-42,112,英文,42,E04,閱讀測驗,否,否,D,2,Which of the following statements is true?
112-數學-01,112,數學,1,M02,多項式、函數與方程式,否,否,A,4,已知方程式4x 2–2x–5＝0的兩根為α、β，則αβ＝？
112-數學-02,112,數學,2,M01,數與式、絕對值與複數,否,否,A,4,下列何者正確？
112-數學-03,112,數學,3,M05,三角函數與三角形,否,是,B,4,在∆ABC中，= 90 B，如圖(一)所示，且=3 AC、=2 BC，則tan A＝？
112-數學-04,112,數學,4,M06,平面與空間向量,否,否,C,4,"在坐標平面上，已知∆ABC的三個頂點坐標為A ( x , y )、B ( 2 , 0 )、C ( 0 , 0 )，線段A"
112-數學-05,112,數學,5,M03,直線與二元一次不等式,否,否,B,4,二元一次聯立不等式3 6 2 4 x y x y的圖解區域屬於哪一象限？
112-數學-06,112,數學,6,M05,三角函數與三角形,否,是,D,4,已知∆ABC三邊長分別為=7 3 5 AB BC CA，，，如圖(二)所示，試求BC邊上的高AD？
112-數學-07,112,數學,7,M11,矩陣與聯立方程式,否,否,A,4,已知矩陣1 1 0 1 0 0 A，矩陣0 1 1 0 1 1 B。若矩陣C AB
112-數學-08,112,數學,8,M01,數與式、絕對值與複數,否,否,A,4,已知2(cos sin ) 2(cos sin ) 2(cos sin ) 4 4 6 6 3 3 x i i y z 
112-數學-09,112,數學,9,M06,平面與空間向量,否,否,A,4,"若通過A ( 1 , 2 , 3 )、B ( 2 , 4 , 6 )、C ( 3 , 5 , 4 )三點之平面1 E，與"
112-數學-10,112,數學,10,M11,矩陣與聯立方程式,否,否,C,4,已知a、b、c為實數。若方程組2 4 6 ax by cz bx cy az cx ay bz
112-數學-11,112,數學,11,M01,數與式、絕對值與複數,否,否,C,4,已知A、B為實數，若不等式| Ax＋6 |≥B的解為x≤–2或x≥6，則2 A＋B＝？
112-數學-12,112,數學,12,M02,多項式、函數與方程式,否,否,D,4,已知1 i且a、b為實數。若a、b＋2i、–1＋ai為實係數三次方程式f ( x )＝0之三根，則下列多項式何者可能
112-數學-13,112,數學,13,M07,指數與對數,否,否,B,4,晴晴在2018年初以一股50元買進某一檔股票，在2023年初時該股經配股、配息還原後，可以還原股價為一股60元。若此股價
112-數學-14,112,數學,14,M02,多項式、函數與方程式,是,否,C,4,兔子和烏龜在一條筆直的路上賽跑，起點到終點的距離為2000公尺，兔子和烏龜同時從起點出發，烏龜從頭到尾都是以250公尺/
112-數學-15,112,數學,15,M12,微積分,否,否,D,4,2 2 lim 8 3 2 5 n n n n n？
112-數學-16,112,數學,16,M04,圓與圓錐曲線,否,否,A,4,"若坐標平面上四點A ( 1 , 2 )、B ( 2 ,–3 )、C ( 2 , 7 )、D ( a ,–10 )在同一圓"
112-數學-17,112,數學,17,M08,數列與級數,是,否,D,4,小明與小亮大學畢業後隨即找到工作，第一年兩人的起薪都是月薪三萬元，之後每年年初時調薪，月薪的上限皆為八萬元。小明的公司調
112-數學-18,112,數學,18,M05,三角函數與三角形,否,是,B,4,一公路依水平地形迂迴而建，如圖(三)所示。從O地到A地、A地到B地、B地到C地的距離分別是2、6、4公里( km )，而
112-數學-19,112,數學,19,M07,指數與對數,否,是,A,4,目前國際上使用芮氏規模來表示地震的強度，設E (單位：爾格)為地震芮氏規模M時所釋放出來的能量，其中M與E的關係如下：l
112-數學-20,112,數學,20,M09,排列組合與機率,否,否,B,4,阿軒餐飲店推出均衡套餐，套餐有飯、主菜、湯與飲料4樣，其中飯有白飯、紫米飯、五穀飯、炒飯與稀飯5種，主菜有牛排、豬排、魚
112-數學-21,112,數學,21,M04,圓與圓錐曲線,否,是,B,4,農夫將一隻牛的項圈串上一條長8公尺的繩子，並將繩子的兩端分別套在相距4公尺的兩根木樁上。假設牛在草地上移動的最大範圍為一
112-數學-22,112,數學,22,M05,三角函數與三角形,否,是,C,4,有一露營活動，大家想要在地面上立一垂直桿子，並以繩索固定，如圖(五)所示，其中AC為垂直於地面的桿子、AD為繩索。已知B
112-數學-23,112,數學,23,M12,微積分,否,否,D,4,"已知a、b為實數，( ) f x x x，g ( x )＝ax 3＋bx的圖形均通過點( 1 , 0 )。若f ( "
112-數學-24,112,數學,24,M12,微積分,否,否,D,4,若f ( x )＝x 3＋3x 2–72 x–74，則下列何者為真？
112-數學-25,112,數學,25,M05,三角函數與三角形,否,是,B,4,假設風力發電的風車旋轉軸平行於地面，且有三葉片，T點為某葉片的頂端，如圖(六)所示，我們想了解T點在風車旋轉過程中距離地
113-專業一-01,113,專業一,1,B01,生命現象與生物分子,否,否,D,2,生命現象是分辨生物與非生物的重要依據，有關生物學家依據各種特徵與表現所歸納出的生命現象，下列敘述何者正確？
113-專業一-02,113,專業一,2,B02,細胞構造與觀察,否,否,B,2,細胞膜為分隔細胞內、外不同介質和組成成分的界面，有關細胞膜主要結構和功能的敘述，下列何者正確？
113-專業一-03,113,專業一,3,B02,細胞構造與觀察,否,否,B,2,內質網可分為二類，分別為粗糙內質網和平滑內質網，有關粗糙內質網的敘述，下列何者正確？
113-專業一-04,113,專業一,4,B02,細胞構造與觀察,是,否,D,2,在進行微細構造的觀察與記錄，需要將觀察物體放大，因此需要使用複式顯微鏡進行觀察，有關複式顯微鏡操作的敘述，下列何者正確？
113-專業一-05,113,專業一,5,B11,植物構造與生理,否,否,C,2,陸地維管束植物的體內水分主要經由下列何者進行縱向運輸？
113-專業一-06,113,專業一,6,B11,植物構造與生理,否,否,C,2,有關雙子葉植物的莖部構造，在草本莖和木本莖構造的比較，下列何者正確？
113-專業一-07,113,專業一,7,B13,消化與營養,是,是,D,2,圖(一)為健康人體小腸結構示意圖，下列何者正確？①小腸內壁結構A稱為縱走皺襞②B為絨毛、G為微絨毛，均可增加吸收表面積③
113-專業一-08,113,專業一,8,B14,循環與血液,否,否,C,2,依據健康人體心臟之心動週期與泵血過程的前後順序進行排列，下列何者正確？①半月瓣關閉，防止血液從動脈倒流回心室②房室瓣關閉
113-專業一-09,113,專業一,9,B16,呼吸,否,是,D,2,圖(二)為健康人體呼吸系統示意圖，下列敘述何者正確？①F內部具有聲帶結構，空氣通過時可振動發聲②呼吸運動主要仰賴E處用力
113-專業一-10,113,專業一,10,B17,排泄,否,否,B,2,有關健康人體腎臟構造與功能的敘述，下列何者正確？
113-專業一-11,113,專業一,11,B15,免疫,否,否,A,2,健康人體的骨髓內具有造血幹細胞，並能進一步分化為各類血球細胞，有關造血幹細胞分化的敘述，下列何者正確？
113-專業一-12,113,專業一,12,B15,免疫,否,否,A,2,在過去三年嚴重特殊傳染性肺炎( COVID - 19 )疫情期間，國人習慣戴口罩、勤洗手及保持社交距離而減少接觸各種病原
113-專業一-13,113,專業一,13,B18,神經、肌肉與骨骼,否,否,B,2,運動選手參加短跑決賽，站在起跑線時全身處於亢奮狀態，此時其自律神經活化後的反應，下列何者正確？
113-專業一-14,113,專業一,14,B19,內分泌,否,否,C,2,有關健康人體內分泌器官的敘述，下列何者正確？
113-專業一-15,113,專業一,15,B12,植物生殖,否,否,D,2,有關植物無性生殖技術的敘述，下列何者正確？
113-專業一-16,113,專業一,16,B07,生物技術,否,否,A,2,洗碗精為DNA粗萃取過程中所使用的試劑之一，其特性與作用與下列何者類似？
113-專業一-17,113,專業一,17,B05,遺傳法則與人類遺傳,否,否,D,2,目前已發現的人類血型系統有數十種，其中以ABO血型與Rh血型最為人知，有關這兩種血型系統的敘述，下列何者正確？
113-專業一-18,113,專業一,18,B05,遺傳法則與人類遺傳,是,否,B,2,一位辨色力異常的男子，其父母親辨色力正常，該男子與辨色力正常女子所生的小孩，不論男孩或女孩，辨色力異常的機率約為50 %
113-專業一-19,113,專業一,19,B06,DNA 與基因表現,否,否,D,2,核酸為人體細胞的重要組成，依其五碳糖的不同，可分為DNA及RNA，有關DNA及RNA的敘述，下列何者正確？
113-專業一-20,113,專業一,20,B09,分類、病毒與微生物,否,否,A,2,肺炎黴漿菌易感染兒童的上呼吸道，該菌在代謝上無法合成肽聚醣。若某抗生素對於肺炎黴漿菌具有抗菌活性，投藥後細菌的生長即受到
113-專業一-21,113,專業一,21,B22,生物多樣性、保育與環境,否,否,D,2,生物多樣性可分為三種層次，包括基因多樣性、物種多樣性及生態系多樣性，有關生物多樣性的敘述，下列何者正確？
113-專業一-22,113,專業一,22,B09,分類、病毒與微生物,否,否,C,2,在嚴重特殊傳染性肺炎( COVID - 19 )肆虐的這幾年，各公共場所皆使用酒精噴霧抑制病毒的感染，但酒精對下列何種病
113-專業一-23,113,專業一,23,B10,動植物類群,否,否,A,2,節肢動物具有幾丁質外骨骼及明顯的分節現象，下列何者為節肢動物？①椰子蟹②大指蝦蛄③蚯蚓④蛤蜊
113-專業一-24,113,專業一,24,B10,動植物類群,否,否,B,2,棘皮動物是完全生活在海中的生物，下列何者為棘皮動物？
113-專業一-25,113,專業一,25,B10,動植物類群,否,否,C,2,哺乳類動物有哺乳幼仔行為，包括現在陸地及海洋中最大型的動物，下列何者為哺乳類動物？
113-專業一-26,113,專業一,26,B09,分類、病毒與微生物,否,否,B,2,西元1977年，美國學者渥易斯提出六界系統，將原核生物界分成細菌界和古菌界，有關細菌界和古菌界的敘述，下列何者正確？
113-專業一-27,113,專業一,27,B09,分類、病毒與微生物,否,否,D,2,病毒的生存方式為寄生，依賴宿主細胞的代謝作用，有關病毒引起的疾病敘述，下列何者正確？
113-專業一-28,113,專業一,28,B09,分類、病毒與微生物,否,否,A,2,細菌種類繁多且分布廣泛，有關細菌特性的敘述，下列何者正確？
113-專業一-29,113,專業一,29,B08,生命起源與演化,否,是,B,2,表(一)是有關拉馬克與達爾文演化學說觀點的比較，下列何者正確？表(一)學者觀點拉馬克達爾文①學說用進廢退說天擇說②後天獲
113-專業一-30,113,專業一,30,B21,族群、群集與生態系,否,否,B,2,生態系是指在一個特定環境內相互作用的所有生物與此環境的統稱，有關生態系專有名詞定義的敘述，下列何者正確？
113-專業一-31,113,專業一,31,B21,族群、群集與生態系,是,是,C,2,林同學在校園內進行黑冠麻鷺野外觀察，並調查族群數量，結果如表(二)所示，根據調查結果顯示校園內黑冠麻鷺族群數量的變動趨勢
113-專業一-32,113,專業一,32,B21,族群、群集與生態系,否,是,A,2,食物網是由多條食物鏈交錯所形成的網狀食性關係，圖(三)為某一生態系的食物網，箭頭代表吃與被吃關係，有關此食物網的敘述，下
113-專業一-33,113,專業一,33,B21,族群、群集與生態系,否,是,D,2,生物個體間會彼此影響，此關係稱為生物間的交互作用，可分為互助性或對抗性的交互關係，下列圖示中，何者的變化趨勢較能代表生物
113-專業一-34,113,專業一,34,B21,族群、群集與生態系,是,是,C,2,洪同學為進行生態觀察以水族缸飼養孔雀魚一批，然而為維持缸內水質穩定，則需考慮水族缸中氮循環平衡，圖(四)為氮循環簡圖，圖
113-專業一-35,113,專業一,35,B07,生物技術,否,否,D,2,在不改變細胞DNA序列及遺傳組成的前提下，若要針對某一特定基因的表現進行調節，最適合的技術應為下列何者？
113-專業一-36,113,專業一,36,B07,生物技術,否,否,C,2,有關基因治療的敘述，下列何者錯誤？
113-專業一-37,113,專業一,37,B07,生物技術,否,否,C,2,聚合酶連鎖反應( polymerase chain reaction，PCR )是一個運用廣泛的生物技術，可在體外針對目
113-專業一-38,113,專業一,38,B22,生物多樣性、保育與環境,否,否,A,2,污染是全球所面臨的嚴重問題之一，它們以各種形式存在，如化學物質、廢棄物和氣體排放，不僅對大氣、水體和土壤造成污染，也對生
113-專業一-39,113,專業一,39,B22,生物多樣性、保育與環境,否,否,D,2,西元2023年於杜拜舉辦的第28屆聯合國氣候變遷大會( Conference of the Parties 28 )，各
113-專業一-40,113,專業一,40,B04,細胞分裂,否,否,A,2,有關有絲分裂各階段的順序，下列何者正確？
113-專業一-41,113,專業一,41,B04,細胞分裂,否,否,C,2,有關減數分裂各階段的配對，下列何者正確？
113-專業一-42,113,專業一,42,B04,細胞分裂,否,否,D,2,有關細胞分裂的各個階段，下列何者是其子代細胞內染色體套數減半的階段？
113-專業一-43,113,專業一,43,B20,人類生殖與發育,否,否,C,2,有關健康人體激素與卵巢週期變化關聯性的敘述，下列何者正確？
113-專業一-44,113,專業一,44,B20,人類生殖與發育,否,否,A,2,有關健康人體激素變化與子宮週期變化的敘述，下列何者正確？
113-專業一-45,113,專業一,45,B05,遺傳法則與人類遺傳,是,否,B,2,第一個果蠅雜交的實驗結果如下：子代身體灰色與紅色眼睛的數目為59隻，身體黑色與紅色眼睛的數目為18隻，身體灰色與紅棕色眼
113-專業一-46,113,專業一,46,B05,遺傳法則與人類遺傳,是,否,A,2,第二個實驗則取jv+ jv s+s與jv jv s s進行雜交，其結果如下：子代剛毛末端錐狀與紅色眼睛的數目為77隻，剛
113-專業一-47,113,專業一,47,B15,免疫,否,否,B,2,有關流行感冒病毒的敘述，下列何者正確？
113-專業一-48,113,專業一,48,B09,分類、病毒與微生物,否,否,D,2,依據上述A型流行性感冒病毒的分類命名，理論上可能有多少種不同的A型流行性感冒病毒亞型？
113-專業一-49,113,專業一,49,B22,生物多樣性、保育與環境,否,否,B,2,有關9個國家公園特色的敘述，共有幾個錯誤？
113-專業一-50,113,專業一,50,B22,生物多樣性、保育與環境,否,否,D,2,國家公園在自然生態的保護以及物種資源的研究上扮演重要的角色，許多瀕臨滅絕物種的棲地被保護下來，有關自然保育及生物多樣性的
113-專業二-01,113,專業二,1,H13,老化、長照與安寧,否,否,C,2,有關更年期的影響，下列敘述何者正確？①女性更年期是因為子宮功能衰退導致賀爾蒙減少②男性更年期容易因泌尿道與生殖器萎縮而有
113-專業二-02,113,專業二,2,H13,老化、長照與安寧,否,否,D,2,有關我國長照2.0補助原則，下列敘述何者正確？①以補助失能者使用各項服務措施為原則②依據失能程度減免部分負擔③依失能者家
113-專業二-03,113,專業二,3,H13,老化、長照與安寧,否,否,C,2,有關我國長照服務，下列敘述何者正確？①全國單一長照專線為1699②設置社區關懷照顧據點以提供老人機構化之照顧③長照1.0
113-專業二-04,113,專業二,4,H13,老化、長照與安寧,否,否,D,2,有關安寧療護及其相關法規之敘述，下列何者正確？
113-專業二-05,113,專業二,5,H05,生殖保健、避孕與人工流產,否,否,D,2,有關懷孕之敘述，下列何者正確？①不孕是指有一年以上未避孕的性生活卻未懷孕②受精是指精子進入陰道後與成熟的卵子結合，通常發
113-專業二-06,113,專業二,6,H06,懷孕、產前產後與哺乳,否,否,D,2,孕前經期規律之孕婦最後一次月經的第一天為民國112年3月1日，下列有關產期之敘述何者正確？
113-專業二-07,113,專業二,7,H06,懷孕、產前產後與哺乳,否,否,A,2,有關胎兒在各妊娠週數的生長情形，下列敘述何者正確？
113-專業二-08,113,專業二,8,H06,懷孕、產前產後與哺乳,是,否,D,2,有關產後保健，下列敘述何者正確？①生化湯可促進子宮收縮使惡露排出，應與子宮收縮劑同時服用②產後子宮會呈現疲軟狀態，可經由
113-專業二-09,113,專業二,9,H06,懷孕、產前產後與哺乳,是,否,B,2,有關母乳哺餵之敘述，下列何者正確？①產後因雌激素及黃體激素大量上升，刺激乳腺分泌乳汁②乳汁分泌約在產後一到兩天開始③哺餵
113-專業二-10,113,專業二,10,H06,懷孕、產前產後與哺乳,否,否,B,2,懷孕週期分為三期：初期(第一期)、中期(第二期)與末期(第三期)，關於各期的飲食建議重點及其目的之敘述，下列何者正確？
113-專業二-11,113,專業二,11,H15,環境與職業健康,是,否,B,2,小喜暑假到餐廳打工賺取零用金，負責切火鍋肉片，某日上班不小心，導致食指被切肉機意外切斷，經緊急送醫後順利接回食指，關於職
113-專業二-12,113,專業二,12,H12,事故傷害與急救,是,否,C,2,小貝參加完演唱會活動回家途中，發現有三位路人倒在馬路旁，其中路人甲意識不清、路人乙呼吸心跳突然停止及路人丙已明顯死亡，下
113-專業二-13,113,專業二,13,H12,事故傷害與急救,是,否,B,2,阿強在游泳池擔任救生員，某天發現約50歲男性抽筋溺水被救，阿強叫喚多次後男子仍沒有意識，現場已有其他人員打119求救，有
113-專業二-14,113,專業二,14,H12,事故傷害與急救,是,否,C,2,戴同學騎腳踏車上學途中不小心摔車，雙膝擦傷流血沾滿沙子，有關傷口照護的敘述，下列何者正確？
113-專業二-15,113,專業二,15,H12,事故傷害與急救,是,否,A,2,小伍與同學到火鍋店慶生，正在夾菜時，因服務員加湯失誤，不小心造成小伍右手手掌背燙傷，皮膚紅腫、起水泡、有灼熱感且劇烈疼痛
113-專業二-16,113,專業二,16,H12,事故傷害與急救,否,否,D,2,有關癲癇( Epilepsy )的處置，下列敘述何者正確？
113-專業二-17,113,專業二,17,H11,物質濫用與用藥安全,否,否,C,2,下列用藥行為何者最適當？
113-專業二-18,113,專業二,18,H11,物質濫用與用藥安全,否,否,BD,2,有關成癮性藥物的敘述，下列何者正確？
113-專業二-19,113,專業二,19,H11,物質濫用與用藥安全,否,否,B,2,毒品分為四級，有關下列6項毒品分級的敘述，何者正確？①FM 2②搖頭丸③古柯鹼④蝴蝶片⑤一粒眠⑥安非他命
113-專業二-20,113,專業二,20,H11,物質濫用與用藥安全,否,否,C,2,有關吸菸的敘述，下列何者正確？①吸菸者在沒吸菸時常引起渴望和坐立不安的感覺，是屬於生理成癮②電子菸不含尼古丁，沒有二手菸
113-專業二-21,113,專業二,21,H15,環境與職業健康,否,否,C,2,綠色消費是指消費過程符合「3 R 3 E」原則，下列敘述何者正確？①不購買不需要的特價商品是Reduce原則的應用②多多
113-專業二-22,113,專業二,22,H04,親密關係、性別與性平,否,否,A,2,心理學家佛洛姆( Fromm )在「愛的藝術」一書中指出愛的內涵，主要包含哪四大元素？
113-專業二-23,113,專業二,23,H04,親密關係、性別與性平,否,否,B,2,性別平等已是普世價值，關於目前臺灣為朝向性別平等所訂立的重要法規，下列敘述何者正確？
113-專業二-24,113,專業二,24,H04,親密關係、性別與性平,是,否,D,2,林同學想要邀約班上一位心儀許久的方同學，下列何種邀約技巧與策略最適當？
113-專業二-25,113,專業二,25,H07,性傳染病與愛滋,否,否,C,2,有關人類乳突病毒( HPV )及其疫苗接種的敘述，下列何者正確？
113-專業二-26,113,專業二,26,H07,性傳染病與愛滋,否,否,B,2,有關性傳染疾病症狀及對健康相關影響之敘述，下列何者正確？
113-專業二-27,113,專業二,27,H05,生殖保健、避孕與人工流產,否,是,C,2,有關6種避孕方式：①結紮②子宮內避孕器③事後避孕丸④避孕藥⑤子宮帽⑥避孕貼片，其主要避孕作用之發生部位，對應圖(一)女性
113-專業二-28,113,專業二,28,H05,生殖保健、避孕與人工流產,否,否,C,2,有關女性月經的保健觀念與知識，下列敘述何者正確？
113-專業二-29,113,專業二,29,H07,性傳染病與愛滋,否,否,B,2,有關愛滋病的預防、倡議與治療，下列敘述何者正確？
113-專業二-30,113,專業二,30,H05,生殖保健、避孕與人工流產,否,否,D,2,有關人工流產的方式及其相關法規之敘述，下列何者正確？
113-專業二-31,113,專業二,31,H04,親密關係、性別與性平,否,否,D,2,性侵害防治觀念是以「only YES means YES沒有同意，就是性侵」為倡導，任何性行為都應建立在互相尊重且彼此同
113-專業二-32,113,專業二,32,H10,視力、口腔與姿勢保健,是,否,C,2,小薰為國一新生，近視1000度，是3 C電子產品重度使用者，新生體檢時醫師初步診斷其可能有視網膜剝離的危險。關於視網膜剝
113-專業二-33,113,專業二,33,H10,視力、口腔與姿勢保健,是,否,C,2,小宥愛吃零食，某天突然感到牙痛難耐，到牙科診所求治。關於齲齒與口腔保健的敘述，下列何者正確？
113-專業二-34,113,專業二,34,H09,慢性病、代謝症候群與健檢,是,否,A,2,小沈有高血壓病史，未規則服藥，近日感到胸悶不適，故至心臟科門診求治，經檢查後發現小沈有冠狀動脈心臟病的問題。關於冠狀動脈
113-專業二-35,113,專業二,35,H09,慢性病、代謝症候群與健檢,是,否,A,2,羅先生75歲，習慣於早上5點起床到公園運動，今早8點家人上班時都還沒看到他起床，到臥室發現他叫不醒且右側偏癱無力，經送急
113-專業二-36,113,專業二,36,H02,體位、營養與飲食,是,否,A,2,17歲高二男生，身高158公分，體重77公斤，最大嗜好是玩手遊，同學邀請他下課後或假日一起打球，他都拒絕。關於其體位對健
113-專業二-37,113,專業二,37,H02,體位、營養與飲食,是,否,A,2,身高155公分、體重58公斤的高一新生，喜歡看小說、不愛運動，近日發現走樓梯到2樓教室感覺很喘，因此想要減重。依「健康體
113-專業二-38,113,專業二,38,H14,健康消費與食品安全,是,否,C,2,小尤在網路上看到一款只有好評無負評、限時限量的負離子吹風機廣告，標榜的價格比其他店家都便宜，不但免運、貨到付款，還有七天
113-專業二-39,113,專業二,39,H14,健康消費與食品安全,否,否,A,2,年關將近衛生局進行食品抽驗，發現民眾經常選購的豆製品檢出微生物超標且經複驗不合格。關於選購豆製品時應注意之原則，下列敘述
113-專業二-40,113,專業二,40,H14,健康消費與食品安全,否,否,D,2,為強化第一線學校人員對食材的認識與食品衛生安全觀念，政府推行「食安五環」政策，要求學校營養午餐使用須遵守「三章1 Q」。
113-專業二-41,113,專業二,41,H15,環境與職業健康,否,否,D,2,科技產品日新月異，民眾追求潮流，不斷汰舊換新，隨之產生的電子垃圾(電子廢棄物)已經成為全球增長最快的家庭垃圾。關於電子垃
113-專業二-42,113,專業二,42,H03,心理健康與壓力,是,否,B,2,小林在最近新聞報導中聽到有關日本能登半島7.6強震倖存者罹患創傷後壓力症候群。有關創傷後壓力症候群的敘述，下列何者正確？
113-專業二-43,113,專業二,43,H03,心理健康與壓力,否,否,B,2,升上高中三年級後，會面對許多壓力，有關壓力的敘述，下列何者正確？
113-專業二-44,113,專業二,44,H03,心理健康與壓力,否,否,A,2,遭遇壓力或挫折時社會支持可以幫忙人們度過難關，有關社會支持的敘述，下列何者正確？
113-專業二-45,113,專業二,45,H09,慢性病、代謝症候群與健檢,是,是,B,2,代謝症候群是指身體出現一些異常狀況，根據表(一)四位民眾的檢查結果，下列何人罹患了代謝症候群？表(一)項目民眾身體質量指
113-專業二-46,113,專業二,46,H09,慢性病、代謝症候群與健檢,是,否,送分,2,全民健保可提供成人免費健康檢查及癌症篩檢，下列那些民眾符合正確檢查項目？①42歲王先生可每3年一次免費健康檢查②30歲已
113-專業二-47,113,專業二,47,H08,傳染病防治,否,否,D,2,臺灣一年四季都有肺結核病例出現，有關肺結核病的敘述，下列何者正確？
113-專業二-48,113,專業二,48,H08,傳染病防治,否,否,A,2,有關登革熱之敘述，下列何者正確？①登革熱病毒共分為Ⅰ、Ⅱ、Ⅲ、Ⅳ四種血清型別②感染過某一型登革熱病毒，即可對該型病毒產生
113-專業二-49,113,專業二,49,H08,傳染病防治,是,否,D,2,張同學於連續假日出遊返回租屋處後，當晚出現高燒、喉嚨痛、頭痛、肌肉痠痛伴隨嘔吐症狀，身為張同學好友的你，隔日上午6點多，
113-專業二-50,113,專業二,50,H08,傳染病防治,是,否,A,2,林同學確診COVID - 19，很擔心會傳染給班上同學，有關傳播防治措施與傳染鏈阻斷之敘述，下列何者為錯誤？
113-國文-01,113,國文,1,C01,字形,否,否,C,2,下列文句，何者有錯別字？
113-國文-02,113,國文,2,C02,字詞義與虛詞,否,否,D,2,下列文句的「如」，何者與「他植者雖窺伺傚慕，莫能如也」的「如」意義最接近？
113-國文-03,113,國文,3,C04,語法、修辭與表達手法,否,否,D,2,「他是鵝蛋臉，臥蠶眉。」句中「鵝蛋」、「臥蠶」用來修飾其後的臉、眉，意指鵝蛋般的臉，臥蠶般的眉。下列「」內的詞，何者有相
113-國文-04,113,國文,4,C03,詞語填空,否,否,C,2,依據下文，□內最適合填入的詞語依序為何？對演員來說，聾啞角色雖是限制，也可能是機會。吳慷仁在《富都青年》中掌握手語節奏與
113-國文-05,113,國文,5,C04,語法、修辭與表達手法,是,否,D,2,關於下文運用空間事物的寫作手法，何者敘述最適當？從那以後，我就墊著矮凳替母親梳頭，梳那最簡單的鮑魚頭。我點起腳尖，從鏡子
113-國文-06,113,國文,6,C07,應用文,否,否,B,2,右圖是一副具有儒家內涵的對聯，依上、下聯規則，○○、□□最適當的詞語應是：
113-國文-07,113,國文,7,C05,文句排序,否,否,A,2,若要使下文的理路連貫有序，①、②、③、④、⑤最適當的排列應是：進得店來，①夥計於氣餒之餘，②自然歡天喜地的捧出他的貨色，
113-國文-08,113,國文,8,C02,字詞義與虛詞,否,否,D,2,「視而不見」、「口惠而實不至」的「而」，相當於「卻」，用來表示其前、後詞語有轉折關係。下列文句中的「而」，何者有相同用法
113-國文-09,113,國文,9,C06,國學與文學常識,否,是,B,2,雙方立場不一致時，通常會就下圖所示五種策略擇一回應。依據〈燭之武退秦師〉、〈漁父〉，對①、②的研判應是：①秦穆公與燭之武
113-國文-10,113,國文,10,C08,古典文本閱讀,否,否,B,2,《天工開物‧舟車》：「人有貴而必出，行畏周行；物有賤而必須，坐窮負販。四海之內，南資舟而北資車。」這段話若依下框所示，繪
113-國文-11,113,國文,11,C10,知識性與圖表資訊閱讀,否,否,C,2,下列何者最符合上文所述？
113-國文-12,113,國文,12,C10,知識性與圖表資訊閱讀,否,否,B,2,依據上文，山上憶良認為大伴旅人從〈蘭亭集序〉得到的啟發，主要為何？
113-國文-13,113,國文,13,C08,古典文本閱讀,否,否,C,2,若將大伴旅人〈梅花歌序〉、王羲之〈蘭亭集序〉的部分文字相比較，何者理解不適當？大伴旅人〈梅花歌序〉王羲之〈蘭亭集序〉①天
113-國文-14,113,國文,14,C08,古典文本閱讀,否,否,A,2,若山上憶良讀過下列兩首詩，①、②、③、④何者屬於文末他說「早知要由此著筆」的「此」的範圍？梅嶺花初發，天山雪未開。①雪處
113-國文-15,113,國文,15,C10,知識性與圖表資訊閱讀,否,是,A,2,下圖為公元730年大宰府梅花宴的部分歌詞。依據上文，關於①、②的研判應是：①甲可能是大伴旅人；丙可能是山上憶良。②丁比乙
113-國文-16,113,國文,16,C10,知識性與圖表資訊閱讀,否,否,D,2,依據上文，Ⅰ、Ⅱ兩件作品中，何者是羅馬人？
113-國文-17,113,國文,17,C10,知識性與圖表資訊閱讀,是,否,B,2,依據上文，關於：①兩件作品的完成時代、②兩件作品所呈現的事件發生時間，下列敘述何者正確？
113-國文-18,113,國文,18,C10,知識性與圖表資訊閱讀,否,否,A,2,「羅馬人劫掠薩賓婦女」傳說在後世有不同的理解。依據上文，下列敘述何者最適當？
113-國文-19,113,國文,19,C10,知識性與圖表資訊閱讀,否,否,B,2,上文末段內，最適合填入的是：
113-國文-20,113,國文,20,C10,知識性與圖表資訊閱讀,否,否,C,2,第二段在上文整體脈絡中，主要用意在彰顯洗衣機：
113-國文-21,113,國文,21,C10,知識性與圖表資訊閱讀,否,否,A,2,上文以「不應把望遠鏡拿反」為論點，「把望遠鏡拿反」意指：
113-國文-22,113,國文,22,C10,知識性與圖表資訊閱讀,否,否,B,2,為了支持論點，上文以「電報與郵寄、email與傳真所需時間的差距」為論據，此方式的說服力也有人認為有待商榷。下框採取類似
113-國文-23,113,國文,23,C08,古典文本閱讀,否,否,C,2,依據上文，「常見案例」中「訟師」所稱「幫你討個公道」，意指：讓地主：讓阿吉：
113-國文-24,113,國文,24,C08,古典文本閱讀,否,否,B,2,下列的告誡對象與重點，何者最符合碑文「部分內容」？
113-國文-25,113,國文,25,C08,古典文本閱讀,否,否,A,2,「訟師有話要說」末尾，「訟師」意在揭露何種社會現象？
113-國文-26,113,國文,26,C08,古典文本閱讀,否,否,C,2,敘述時，依照述說者、閱聽者的身分差異，會使用不同述說口吻。碑文「部分內容」所使用的口吻，與下列何者最接近？
113-國文-27,113,國文,27,C10,知識性與圖表資訊閱讀,否,否,D,2,依據上文，何者不是促進臺灣自行車產業發展的因素？
113-國文-28,113,國文,28,C10,知識性與圖表資訊閱讀,否,否,D,2,關於上文寫作方式與意義，何者最適當？
113-國文-29,113,國文,29,C10,知識性與圖表資訊閱讀,否,是,A,2,下表資訊來自經濟部資料庫，其有助正確理解上文的是：
113-國文-30,113,國文,30,C08,古典文本閱讀,否,否,D,2,依據「納貓契」，交易雙方最可能是：
113-國文-31,113,國文,31,C08,古典文本閱讀,否,否,A,2,下列何者最符合「納貓契」所述？
113-國文-32,113,國文,32,C08,古典文本閱讀,否,否,C,2,下列何者不是「納貓法」的建議作為？
113-國文-33,113,國文,33,C08,古典文本閱讀,否,否,D,2,如果喵星人想就H、Z先生提出下列辯駁，請研判①、②是否尚稱合理？①給H先生：我雖沒做到「鼠賊從茲補不閒」，但至少「不害六
113-國文-34,113,國文,34,C09,白話文學閱讀,否,否,C,2,乙、丙二文敘寫魚的「從容」，即甲文所說的「擬人化」。下列敘述，何者最符合文意？
113-國文-35,113,國文,35,C09,白話文學閱讀,否,否,D,2,乙、丙二文的獵捕，皆以失敗收場，下列敘述，何者最符合文意？
113-國文-36,113,國文,36,C09,白話文學閱讀,否,否,C,2,乙、丙二文的獵捕結局，或可就「反省人類中心主義」延伸思考―亦即不應自居萬物主宰而妄施掠奪。下列文句，何者最接近此意？
113-國文-37,113,國文,37,C10,知識性與圖表資訊閱讀,否,否,B,2,依據上文，何者最接近「IKEA效應」？
113-國文-38,113,國文,38,C10,知識性與圖表資訊閱讀,否,否,D,2,依據上文，在下列二圖的哪個區域，最應注意「IKEA效應」的負面影響？
113-英文-01,113,英文,1,E01,字彙題,否,否,D,2,Johnny is wearing a very hat that looks different from those
113-英文-02,113,英文,2,E01,字彙題,否,否,B,2,"Loud noises can make it hard for me to , so I always find a "
113-英文-03,113,英文,3,E01,字彙題,否,否,C,2,Here is a helpful for cooking chicken soup: add a little sal
113-英文-04,113,英文,4,E01,字彙題,否,否,D,2,My grandpa sleeps at the same time every day. He goes to bed
113-英文-05,113,英文,5,E01,字彙題,否,否,B,2,Being friendly with your roommates can help you stay away fr
113-英文-06,113,英文,6,E01,字彙題,否,否,D,2,Jack is a very person. He will never change his decisions no
113-英文-07,113,英文,7,E01,字彙題,否,否,A,2,"Kuo, Hsing-chun (郭婞淳) won a gold medal in the 2020 Tokyo Oly"
113-英文-08,113,英文,8,E01,字彙題,否,否,C,2,"Though she hurt her arm last week, Amy could still play the "
113-英文-09,113,英文,9,E01,字彙題,否,否,A,2,May has to conquer her fear of flying if she wants to travel
113-英文-10,113,英文,10,E01,字彙題,否,否,A,2,It is against the law for drivers not to stop at the crosswa
113-英文-11,113,英文,11,E02,對話題,否,否,B,2,Customer: I’d like to have one oyster omelette and fried noo
113-英文-12,113,英文,12,E02,對話題,否,否,B,2,Tina: An old friend is coming to visit me tomorrow. I haven’
113-英文-13,113,英文,13,E02,對話題,否,否,D,2,Mrs. Chen: I heard that the new neighbors moved in yesterday
113-英文-14,113,英文,14,E02,對話題,否,否,A,2,Adam: We all know that the Wright brothers (萊特兄弟) flew the f
113-英文-15,113,英文,15,E02,對話題,否,否,D,2,Amy: Did you finish your report for the Performing Arts clas
113-英文-16,113,英文,16,E02,對話題,否,否,D,2,Rita: Why did you apply for this position? Ben: I’d like to 
113-英文-17,113,英文,17,E02,對話題,否,否,C,2,Sue: How’s the project going? Eric: It’s going well. Sue: Oh
113-英文-18,113,英文,18,E02,對話題,否,否,C,2,Jason: Where are you? The presentation is about to begin. Su
113-英文-19,113,英文,19,E02,對話題,否,否,D,2,"Student: Sir, we are raising money to help save the rainfore"
113-英文-20,113,英文,20,E02,對話題,否,否,A,2,Jack: I got a text message from the hotel. They ask us to cl
113-英文-21,113,英文,21,E03,綜合測驗,否,否,C,2,
113-英文-22,113,英文,22,E03,綜合測驗,否,否,C,2,
113-英文-23,113,英文,23,E03,綜合測驗,否,否,B,2,
113-英文-24,113,英文,24,E03,綜合測驗,否,否,A,2,
113-英文-25,113,英文,25,E03,綜合測驗,否,否,C,2,
113-英文-26,113,英文,26,E03,綜合測驗,否,否,B,2,
113-英文-27,113,英文,27,E03,綜合測驗,否,否,A,2,
113-英文-28,113,英文,28,E03,綜合測驗,否,否,D,2,
113-英文-29,113,英文,29,E04,閱讀測驗,否,否,C,2,Which of the following is NOT true about the timetable?
113-英文-30,113,英文,30,E04,閱讀測驗,否,否,A,2,Maria is planning to take a train from Taichung to Taipei th
113-英文-31,113,英文,31,E04,閱讀測驗,否,否,D,2,"Minhua and Yating are interested in playing a team sport, wh"
113-英文-32,113,英文,32,E04,閱讀測驗,否,否,A,2,Fuhao works in the evening on Mondays and Tuesdays. Which cl
113-英文-33,113,英文,33,E04,閱讀測驗,否,否,C,2,Which facility or service is provided by both hotels?
113-英文-34,113,英文,34,E04,閱讀測驗,否,否,B,2,How far does Lina have to drive to the Theme Park if she sta
113-英文-35,113,英文,35,E04,閱讀測驗,否,否,B,2,Which of the following is true?
113-英文-36,113,英文,36,E04,閱讀測驗,否,否,D,2,What is the main idea of this passage?
113-英文-37,113,英文,37,E04,閱讀測驗,否,否,B,2,"According to the passage, which is NOT an example of“pushing"
113-英文-38,113,英文,38,E04,閱讀測驗,否,否,B,2,"Based on the passage, arrange the following events in the or"
113-英文-39,113,英文,39,E04,閱讀測驗,否,否,D,2,What is the passage mainly about?
113-英文-40,113,英文,40,E04,閱讀測驗,否,否,C,2,Which is closest in meaning to“reflected”in the second parag
113-英文-41,113,英文,41,E04,閱讀測驗,否,否,C,2,"According to the passage, which of the following is true?"
113-英文-42,113,英文,42,E04,閱讀測驗,否,否,A,2,Which of the following can be inferred from the passage abou
113-數學-01,113,數學,1,M02,多項式、函數與方程式,否,否,D,4,189≈、3 2 1.260≈、2 1.414≈1.若5 ( 2 1)( 2) 2 1 2 A B x x x x = 
113-數學-02,113,數學,2,M03,直線與二元一次不等式,否,是,C,4,設直線1 L的斜角為35°，已知直線2 L與1 L相互垂直，如圖(一)所示，則2 L的斜角為何？
113-數學-03,113,數學,3,M05,三角函數與三角形,否,否,C,4,若180°<θ< 270°且sinθ= sin 2024°，則θ=？
113-數學-04,113,數學,4,M04,圓與圓錐曲線,否,否,A,4,"已知直線L：y = x–5與圓C相切，且圓C的圓心為( 3 ,–4 )，則圓C的半徑為何？"
113-數學-05,113,數學,5,M11,矩陣與聯立方程式,否,否,C,4,已知二元一次方程組的增廣矩陣為1 1 4 2 3 3−，則下列何者為此矩陣經過列運算操作後的增廣矩陣？
113-數學-06,113,數學,6,M05,三角函數與三角形,否,否,B,4,已知sinθtanθ< 0且cosθcotθ> 0，則θ為第幾象限角？
113-數學-07,113,數學,7,M09,排列組合與機率,是,否,C,4,小輝從大賣場採買一些要祭拜祖先的水果，計有西瓜、芒果、蘋果、香瓜、橘子及木瓜等六種水果，他從中各取出一顆水果置於供桌準備
113-數學-08,113,數學,8,M02,多項式、函數與方程式,否,否,D,4,"若點( a , b )落在第一象限且滿足b =–a 2 + 10，則a 2 b的最大值為何？"
113-數學-09,113,數學,9,M11,矩陣與聯立方程式,否,否,A,4,在工程領域中，矩陣運算可用來描述系統的輸入與輸出之關聯性。已知1 2 x x、1 2 y y分別
113-數學-10,113,數學,10,M02,多項式、函數與方程式,否,是,C,4,"在生成式人工智慧技術中，利用函數變換的概念可將資料的分布狀態作轉換。若有十筆原始資料x (以•表示)分布在區間[ 2 ,"
113-數學-11,113,數學,11,M12,微積分,否,否,D,4,若實係數多項式函數f (x) = ax4 + bx2–2x + c，其導函數為f’(x) = 8x3–6x + d且f 
113-數學-12,113,數學,12,M01,數與式、絕對值與複數,否,否,D,4,化簡2 1 1 1 1 1 2 1 2 1 2 1−+ ++ + +=？
113-數學-13,113,數學,13,M04,圓與圓錐曲線,否,否,A,4,已知a > 0，拋物線y = a x 2的正焦弦1 2 F F長度為8，且其頂點為V，則ΔVF1F2的面積為何？
113-數學-14,113,數學,14,M12,微積分,否,否,B,4,"若2 1, 0 1 ( ) , 1 2 x x f x x x x+≤<+≤≤=，則2 0 ( ) f x d"
113-數學-15,113,數學,15,M12,微積分,否,否,D,4,2 2 3 lim 1 2 n n n n n n n→∞−+−+ +=？
113-數學-16,113,數學,16,M07,指數與對數,否,否,B,4,若log x =–2.24，log y = 9.28，則x 2 y落在下列哪個區間？
113-數學-17,113,數學,17,M05,三角函數與三角形,否,是,D,4,有一個在水平地面上的圓形輪子，其半徑為1單位長。輪子上A點與地面接觸，如圖(三)所示，當輪子向右滾動，相對於圓心O而言，
113-數學-18,113,數學,18,M01,數與式、絕對值與複數,否,否,B,4,若θ為一標準位置角，1 i =−。已知3 cos 2 iθ−與1 (sin ) 2 iθ−+為共軛複數，則sin 2θ=
113-數學-19,113,數學,19,M06,平面與空間向量,否,否,C,4,"空間中三點的坐標分別為A ( 0 , 6 ,–1 )、B ( 3 , 3 ,–1 )、C ( 4 , 1 , 1 )，則"
113-數學-20,113,數學,20,M08,數列與級數,是,是,B,4,小美想用火柴棒排成一個n層正三角形金字塔，例如當n = 1、2、3時，如圖(四)所示。若依此規則，則排出一個50層金字塔
113-數學-21,113,數學,21,M03,直線與二元一次不等式,否,否,A,4,"在坐標平面上，若ΔABC的三頂點坐標分別為A (–3 , 4 )、B (–1 , 2 )與C ( 3 , 6 )，則ΔA"
113-數學-22,113,數學,22,M07,指數與對數,否,否,C,4,根據建築物之耐震規範，某類鋼構造建築物之基本振動週期T (單位為秒)之經驗公式為3 4 0.085 T h =，其中h為
113-數學-23,113,數學,23,M12,微積分,否,否,A,4,下列哪一函數在x = 1的極限存在，但不連續？
113-數學-24,113,數學,24,M06,平面與空間向量,否,否,A,4,"空間中兩點A ( 1 , 3 , 4 )與B ( 3 , 2 , 4 )，若x y平面上P點到A與B兩點的距離和為最小，"
113-數學-25,113,數學,25,M06,平面與空間向量,否,是,B,4,"在坐標平面上，已知O為原點，A ( 2 , 1 )，B (–3 , 2 )，如圖(五)所示，若= + t，其中1 1 t"
114-專業一-01,114,專業一,1,B03,代謝、酵素與光合作用,否,否,D,2,細胞需要新陳代謝維持生命現象，有關新陳代謝的敘述，下列何者正確？
114-專業一-02,114,專業一,2,B11,植物構造與生理,否,否,C,2,植物根的功能和構造在不同環境條件下，展現出不同的特殊適應性差異，根的某些部分除負責吸收水分和無機鹽外，還能進一步演化為適
114-專業一-03,114,專業一,3,B11,植物構造與生理,否,否,A,2,植物葉片是進行光合作用的主要場所，葉片內部結構與組織具高度分化，有關陸生植物葉片結構的敘述，下列何者正確？①表皮的角質層
114-專業一-04,114,專業一,4,B11,植物構造與生理,否,否,A,2,植物葉片氣孔開閉與保衛細胞膨脹收縮間具密切關係，有關氣孔開閉與保衛細胞生理調控的敘述，下列何者正確？
114-專業一-05,114,專業一,5,B11,植物構造與生理,否,否,C,2,維管束植物水分縱向運輸過程中，木質部中水柱完整性是維持穩定運輸關鍵，若因氣泡導致空穴現象而中斷水柱，可能造成水分運輸喪失
114-專業一-06,114,專業一,6,B13,消化與營養,否,否,C,2,有關健康人體消化系統的敘述，下列何者正確？
114-專業一-07,114,專業一,7,B14,循環與血液,否,否,B,2,健康人體心臟血管系統包含下列構造，有關血液在體循環與肺循環的流動順序，下列何者正確？①左心房②左心室③右心房④右心室⑤上
114-專業一-08,114,專業一,8,B14,循環與血液,是,否,D,2,有關健康人體血液的敘述，下列何者正確？①血液約占體重的十分之一②血液由55％血球與45％血漿組成③血漿中約有18％血漿蛋
114-專業一-09,114,專業一,9,B16,呼吸,是,否,B,2,有關健康人體肺臟吸氣時的呼吸運動，肌肉、骨骼及肺臟之變化，下列何者正確？①外肋間肌收縮②外肋間肌舒張③肋骨下降④肋骨上升
114-專業一-10,114,專業一,10,B17,排泄,否,否,B,2,有關健康人體泌尿系統及腎臟解剖構造的敘述，下列何者正確？
114-專業一-11,114,專業一,11,B18,神經、肌肉與骨骼,否,是,D,2,健康人體神經元包含下列結構，根據圖(一)選出神經元結構的正確配對？①細胞本體②細胞核③樹突④軸突⑤髓鞘⑥蘭氏結⑦軸突末端
114-專業一-12,114,專業一,12,B19,內分泌,否,否,B,2,有關健康人體內分泌器官與其分泌激素的敘述，下列何者正確？
114-專業一-13,114,專業一,13,B02,細胞構造與觀察,否,否,A,2,下列何種細胞的構造同時存在於動物與植物細胞？①核孔②微管③細胞板④類囊體⑤高基氏體⑥原生質絲
114-專業一-14,114,專業一,14,B19,內分泌,否,否,B,2,有關健康人體胰臟與胰島腺的敘述，下列何者正確？①胰臟同時具外分泌腺與內分泌腺功能②胰島α細胞分泌胰島素，β細胞分泌升糖素
114-專業一-15,114,專業一,15,B02,細胞構造與觀察,否,否,C,2,真核細胞內膜系統將細胞質分隔出能進行獨立反應的空間形成胞器，有關內膜系統特性與功能的敘述，下列何者正確？
114-專業一-16,114,專業一,16,B02,細胞構造與觀察,否,否,D,2,粒線體與葉綠體為細胞內半自主性胞器，有關兩者特性與功能的敘述，下列何者正確？
114-專業一-17,114,專業一,17,B04,細胞分裂,否,否,B,2,減數分裂是生物進行有性生殖，產生生殖細胞的過程，有關減數分裂的敘述，下列何者正確？
114-專業一-18,114,專業一,18,B02,細胞構造與觀察,是,否,D,2,以顯微鏡低倍率觀察細胞時，玻片可看到標本清晰影像，但調至高倍率時卻找不到標本，在顯微鏡正常情況下，下列何者為可能原因？①
114-專業一-19,114,專業一,19,B09,分類、病毒與微生物,否,否,A,2,有關原生動物特性的敘述，下列何者正確？
114-專業一-20,114,專業一,20,B15,免疫,否,否,D,2,健康人體對抗外來物質演化出防禦系統，有關人體免疫作用的敘述，下列何者正確？
114-專業一-21,114,專業一,21,B12,植物生殖,否,否,D,2,雙重受精是被子植物特有生殖過程，涉及精細胞與胚囊內結構的交互關係，有關雙重受精過程的敘述，下列何者正確？
114-專業一-22,114,專業一,22,B22,生物多樣性、保育與環境,是,否,B,2,生物多樣性受到多種環境因子的影響，例如溫度、濕度、光照、棲地結構與人為干擾，不同環境條件可能導致某些物種適應或偏好特定區
114-專業一-23,114,專業一,23,B09,分類、病毒與微生物,是,否,C,2,有關生物分類系統之演變與現代分類方式的敘述，下列何者正確？①五界系統與三域系統的分類方式相同，僅命名的方式不同②懷塔克的
114-專業一-24,114,專業一,24,B08,生命起源與演化,是,否,D,2,西元1831年達爾文搭乘小獵犬號展開為期五年的航海旅程，這期間的見聞對達爾文後來發展演化論產生深遠影響，有關達爾文及演化
114-專業一-25,114,專業一,25,B06,DNA 與基因表現,否,否,C,2,核苷酸是構成DNA與RNA的基本單元，有關核苷酸及核酸的敘述，下列何者正確？
114-專業一-26,114,專業一,26,B06,DNA 與基因表現,否,是,D,2,圖(二)為遺傳訊息的傳遞與表現，有關圖中各階段的敘述，下列何者正確？圖(二)
114-專業一-27,114,專業一,27,B07,生物技術,否,否,A,2,秤取等量材料進行DNA粗萃取時，下列何者可獲得較多DNA？
114-專業一-28,114,專業一,28,B07,生物技術,否,否,C,2,染色體異常會引發遺傳疾病，以唐氏症最為人熟知，該病肇因於染色體數目異常；有些遺傳疾病則出現染色體構造變化，如威廉氏症候群
114-專業一-29,114,專業一,29,B09,分類、病毒與微生物,否,否,A,2,病毒與細菌可能引發人類傳染性疾病，有關病毒與細菌特性的敘述，下列何者正確？
114-專業一-30,114,專業一,30,B16,呼吸,是,否,C,2,小文一年前施打流行性感冒病毒疫苗與新型冠狀病毒疫苗，近日因發燒、持續性咳嗽、胸痛，引發呼吸急促與呼吸困難而送入急診，初步
114-專業一-31,114,專業一,31,B10,動植物類群,否,否,D,2,動物演化歷程中早期生物多呈現輻射對稱，兩側對稱動物出現後，身體結構發展與運動方式皆發生改變，此種對稱性與生存策略有相關，
114-專業一-32,114,專業一,32,B21,族群、群集與生態系,否,否,D,2,生態系中各種化學元素或物質透過特定途徑在環境與生物體間流動，從環境進入生物體再回到環境，並再次被生物體吸收和利用，此完整
114-專業一-33,114,專業一,33,B21,族群、群集與生態系,是,是,D,2,小郁於公園內調查某生物族群數量後，繪製族群成長曲線如圖(三)，有關此族群成長曲線的敘述，下列何者正確？圖(三)個體數量成
114-專業一-34,114,專業一,34,B21,族群、群集與生態系,是,否,C,2,生物圈指包含地球上所有生物及其生活環境，不同環境會形成不同生態系，有關生態系的組成層次，其範圍由小至大依序排列，下列何者
114-專業一-35,114,專業一,35,B21,族群、群集與生態系,否,否,C,2,食物鏈是在生態系中不同營養階層的生物，因吃與被吃關係所建立的網絡，可連繫群落中不同物種，食物鏈甲與乙分別代表臺灣南北不同
114-專業一-36,114,專業一,36,B21,族群、群集與生態系,否,否,C,2,消長又稱演替，指某地區生物群落隨著時間推移轉變，有關群集或消長的敘述，下列何者正確？
114-專業一-37,114,專業一,37,B22,生物多樣性、保育與環境,否,否,A,2,保育是指通過一系列措施和策略來保護生物多樣性，確保它們生存和繁衍，維持生態系平衡與功能，有關物種保育措施或行動的敘述，下
114-專業一-38,114,專業一,38,B22,生物多樣性、保育與環境,是,是,B,2,小星為進行研究於四個地區調查其生物多樣性，結果如表(一)，有關此調查結果的敘述，下列何者正確？物種(隻)地區A B C 
114-專業一-39,114,專業一,39,B05,遺傳法則與人類遺傳,是,否,A,2,下列何者在有性生殖過程中，可觀察到符合孟德爾分離律與獨立分配律的性狀？①鯨②蘇鐵③鏈球菌④猴痘病毒
114-專業一-40,114,專業一,40,B07,生物技術,否,否,A,2,藉由遺傳工程可將外來基因導入宿主進行表現，有關遺傳工程相關技術與材料的敘述，下列何者正確？
114-專業一-41,114,專業一,41,B07,生物技術,否,否,B,2,自然界中僅少數細菌能如肺炎鏈球菌一般，直接由外界攝取DNA發生轉形，針對無法自行發生轉形的細菌，可由下列何種人為操作，促
114-專業一-42,114,專業一,42,B07,生物技術,否,否,B,2,現代生物技術是利用基因、蛋白質或細胞操作，來生產對人類有益的生物或物質，有關現代生物技術的敘述，下列何者正確？
114-專業一-43,114,專業一,43,B10,動植物類群,否,否,C,2,有關兩生類適應陸域環境的敘述，下列何者正確？
114-專業一-44,114,專業一,44,B10,動植物類群,否,否,B,2,有關哺乳類與鳥類恆溫適應的敘述，下列何者正確？
114-專業一-45,114,專業一,45,B20,人類生殖與發育,否,否,B,2,有關健康女性生殖系統的敘述，下列何者正確？①卵子進行第二次減數分裂的位置在甲處②次級卵母細胞發育成熟後由乙排出進入甲③精
114-專業一-46,114,專業一,46,B20,人類生殖與發育,否,否,D,2,有關健康女性懷孕過程的敘述，下列何者正確？
114-專業一-47,114,專業一,47,B05,遺傳法則與人類遺傳,否,否,B,2,一對短腿曼赤肯貓配對繁殖所產下子代中，短腿與長腿的比例，下列何者正確？
114-專業一-48,114,專業一,48,B05,遺傳法則與人類遺傳,否,否,A,2,有關橘色長腿曼赤肯公貓與玳瑁色短腿曼赤肯母貓所生子代的敘述，下列何者正確？
114-專業一-49,114,專業一,49,B22,生物多樣性、保育與環境,否,否,D,2,有關生物保育及環境保護的敘述，下列何者正確？①藍孔雀為外來種，於澎湖當地造成嚴重生態危機②可回收、低污染、省資源為我國環
114-專業一-50,114,專業一,50,B22,生物多樣性、保育與環境,否,否,A,2,有關自然資源的敘述，下列何者正確？①地熱發電為臺灣發電方式之一②柴油是石油分餾後的純物質③海流能、潮汐能、波浪能、海洋溫
114-專業二-01,114,專業二,1,H02,體位、營養與飲食,是,否,A,2,小蕊17歲高一女學生，其BMI為16.3 kg / m 2，擬再增加3公斤，且希望開始快走運動習慣，該運動每天約消耗16
114-專業二-02,114,專業二,2,H06,懷孕、產前產後與哺乳,否,否,A,2,有關母乳哺餵的優點，下列敘述何者正確？
114-專業二-03,114,專業二,3,H06,懷孕、產前產後與哺乳,否,否,A,2,有關產後照顧注意事項，下列何者正確？
114-專業二-04,114,專業二,4,H13,老化、長照與安寧,否,否,B,2,有關安寧照護的敘述，下列何者正確？
114-專業二-05,114,專業二,5,H13,老化、長照與安寧,否,否,A,2,有關長照2.0的說明，下列何者正確？
114-專業二-06,114,專業二,6,H13,老化、長照與安寧,否,否,D,2,有關老化所造成的改變或因應，下列敘述何者最適當？
114-專業二-07,114,專業二,7,H13,老化、長照與安寧,否,否,D,2,有關失智症的說明，下列何者正確？
114-專業二-08,114,專業二,8,H06,懷孕、產前產後與哺乳,否,否,D,2,有關孕期健康管理，下列敘述何者正確？
114-專業二-09,114,專業二,9,H12,事故傷害與急救,是,否,D,2,青青假日到老街遊玩，品嚐當地名產「牛角麵包」，不小心噎到，當下臉脹紅、嘴唇發紫且無法發出聲音，熱心民眾立刻跑到派出所求救
114-專業二-10,114,專業二,10,H12,事故傷害與急救,否,否,A,2,鴻昱日前跟團到嘉義阿里山遊玩，突然表情痛苦，胸口不適昏迷倒地，友人立刻替他施行CPR，領隊撥打119後，救護人員帶著AE
114-專業二-11,114,專業二,11,H12,事故傷害與急救,否,否,A,2,瑞瑞參加公益路跑，當日天氣炎熱沿途沒有遮蔽物，途中突昏倒，經救護人員檢查發現瑞瑞體溫40.9度、心跳168次/分、呼吸2
114-專業二-12,114,專業二,12,H12,事故傷害與急救,否,否,C,2,宸瑋騎車突然忽快忽慢，巡邏員警看到懷疑他酒駕，警方將其攔下後，宸瑋上氣不接下氣向警方表示：「我的氣喘發作，藥吃完了，我要
114-專業二-13,114,專業二,13,H11,物質濫用與用藥安全,否,否,A,2,阿荃因工作不慎，造成嚴重燒燙傷而住院，醫師開立含嗎啡( Morphine )的麻醉性止痛藥。關於嗎啡的使用，下列敘述何者
114-專業二-14,114,專業二,14,H11,物質濫用與用藥安全,否,否,D,2,有關避免濫用成癮物質之倡議策略，下列敘述何者正確？①反毒之「三減新策略」包括減少需求、減少供應、減少使用②遇有藥癮問題可
114-專業二-15,114,專業二,15,H15,環境與職業健康,是,否,D,2,小許在搬家公司任職，每天要搬運家具或大型電器用品，某日小許搬運冰箱到公寓三樓時突然哀叫一聲，無法站立，直喊腰痛、雙腳無力
114-專業二-16,114,專業二,16,H12,事故傷害與急救,是,否,A,2,某民宅發生瓦斯氣爆，警消到場後，自廚房救出70歲長者，其意識清楚，四肢、手、腳及頭、胸部有大水泡、皮膚外觀有紅有白、輕微
114-專業二-17,114,專業二,17,H11,物質濫用與用藥安全,否,否,B,2,有關新興毒品的成分及影響，下列敘述何者正確？
114-專業二-18,114,專業二,18,H11,物質濫用與用藥安全,是,否,D,2,近期震驚全國毒駕造成員警死亡的新聞事件，新興毒品「依托咪酯」引發社會大眾關注討論。關於目前新興毒品防制與處遇之敘述，下列
114-專業二-19,114,專業二,19,H15,環境與職業健康,否,否,A,2,綠色消費是指日常生活中採取適度節制的消費，以減少對環境的破壞，選購對環境傷害較少的綠色產品，綠色消費的目的是以保護生態環
114-專業二-20,114,專業二,20,H04,親密關係、性別與性平,是,否,C,2,小圓與小方交往6個月，但最近小圓發現小方會監視他的行動、通話記錄、社交媒體等，小圓下班後得馬上回家，小方也絕對不允許他跟
114-專業二-21,114,專業二,21,H04,親密關係、性別與性平,否,否,B,2,我們可從許多面向認識性別的多樣性，給予尊重與包容，以消除對性別迷思和歧視。有關理解「性別特質」、「性別認同」、「性傾向」
114-專業二-22,114,專業二,22,H05,生殖保健、避孕與人工流產,否,否,A,2,有關人工流產的敘述，下列何者正確？
114-專業二-23,114,專業二,23,H05,生殖保健、避孕與人工流產,否,否,D,2,有關採取自然避孕法的原理與注意事項，下列敘述何者正確？
114-專業二-24,114,專業二,24,H05,生殖保健、避孕與人工流產,是,否,D,2,有關生殖系統的自我保健，下列敘述何者正確？①甲同學近半年發現左側乳頭持續流出黃白色分泌物，此多為排卵前正常生理表現②乙同
114-專業二-25,114,專業二,25,H07,性傳染病與愛滋,否,否,B,2,有關性傳染疾病之常見臨床症狀，下列敘述何者最適當？
114-專業二-26,114,專業二,26,H07,性傳染病與愛滋,否,否,C,2,有關孕婦感染愛滋病毒的敘述，下列何者正確？①受感染的孕婦，可能於妊娠期將愛滋病毒傳染給寶寶②受感染的孕婦，產後不會經由母
114-專業二-27,114,專業二,27,H07,性傳染病與愛滋,否,否,B,2,下列哪些性傳染病為細菌感染所引起，可透過抗生素治療且治癒？①梅毒②愛滋病③淋病④尖圭濕疣
114-專業二-28,114,專業二,28,H07,性傳染病與愛滋,否,否,D,2,有關愛滋病防治，下列敘述何者正確？①暴露病毒後的預防性投藥，應於暴露12週後進行投藥，以建立體內藥物濃度保護細胞②愛滋病
114-專業二-29,114,專業二,29,H04,親密關係、性別與性平,否,否,A,2,鄭某受呂某邀約參加他的私人生日派對，一進到會場就被呂某強行擁抱親吻表示歡迎，當下令鄭某感到驚訝和困惑，但考慮呂某為生日派
114-專業二-30,114,專業二,30,H02,體位、營養與飲食,否,否,B,2,有關腰圍的測量，下列敘述何者正確？
114-專業二-31,114,專業二,31,H01,健康概念與健康促進,否,否,C,2,有關黃帝內經：「其知道者，法於陰陽，和於術數，食飲有節，起居有常，不妄作勞，故能形於神俱，而盡終其天年，度百歲乃去」之養
114-專業二-32,114,專業二,32,H02,體位、營養與飲食,否,否,B,2,緁斯午餐的內容包括：米飯一碗、荷包蛋一個、水煮地瓜葉半碗、香蕉一大根( 140公克)，依照我國的『每日飲食指南』，有關緁
114-專業二-33,114,專業二,33,H02,體位、營養與飲食,否,否,B,2,阿勛運動後飢腸轆轆，想吃速食當晚餐，下列哪項組合較健康？①烤馬鈴薯②炸豬排③烤雞腿④100公克生菜沙拉淋上30公克千島沙
114-專業二-34,114,專業二,34,H10,視力、口腔與姿勢保健,否,否,C,2,炅南因為長時間近距離使用手機打電動，裸視右眼0.3、左眼0.4，下列敘述何者正確？
114-專業二-35,114,專業二,35,H09,慢性病、代謝症候群與健檢,是,否,C,2,陳先生45歲上班族，三餐外食晚上常加班又有應酬，健康檢查發現有代謝症候群，下列敘述何者正確？①是一種疾病，容易產生胰島素
114-專業二-36,114,專業二,36,H14,健康消費與食品安全,否,否,D,2,桑延看到某髮廊門外的價目表寫著「剪燙染1000元」就進店內消費，等到結帳時卻發現消費金額為3000元，關於消費糾紛的處理
114-專業二-37,114,專業二,37,H10,視力、口腔與姿勢保健,是,否,D,2,有關長期使用手機的影響，下列敘述何者正確？①最容易出現腰薦椎的退化②打字速度及溝通能力變得更好③單手拿著手機，增加手腕與
114-專業二-38,114,專業二,38,H03,心理健康與壓力,否,否,C,2,自尊是指一個人對自己的評價，一個人自尊感的高低，取決於他認為自己是一個怎樣的人、對自己能力的評價、優缺點，以及個人對未來
114-專業二-39,114,專業二,39,H03,心理健康與壓力,否,否,B,2,壓力對身體產生的反應，下列何者屬於副交感神經系統的反應？
114-專業二-40,114,專業二,40,H03,心理健康與壓力,否,否,B,2,壓力會對個人生理、情緒、行為等產生重大的影響，下列何者屬於壓力所產生的行為影響？①頭痛眩暈②坐立難安③生氣無助④注意力不
114-專業二-41,114,專業二,41,H01,健康概念與健康促進,否,否,C,2,加拿大衛生福利部於1974年曾指出影響人類健康的因素包含生活型態、人類生物學、環境和健康照護體系等四大類，關於此四類因素
114-專業二-42,114,專業二,42,H09,慢性病、代謝症候群與健檢,否,否,A,2,國人的十大死因中多數為慢性病，下列敘述何者最符合慢性病的特性？
114-專業二-43,114,專業二,43,H09,慢性病、代謝症候群與健檢,是,是,C,2,代謝症候群是一群容易導致心血管疾病因子的總稱，應及早評估及養成健康生活型態，以預防疾病的發生。李先生家中四位家人的身體檢
114-專業二-44,114,專業二,44,H09,慢性病、代謝症候群與健檢,是,否,B,2,腦中風是常見的慢性病，為國人十大死因之一，在治療後即使存活也容易留下不同程度的神經功能障礙，是我國成人殘障的主因之一。關
114-專業二-45,114,專業二,45,H08,傳染病防治,是,否,C,2,有關肺結核的防治，下列敘述何者正確？①主要是透過飛沫與空氣傳染②持續且規律接受藥物治療至少6個月以上，多數可治癒③潛伏肺
114-專業二-46,114,專業二,46,H08,傳染病防治,否,否,B,2,有關傳染病的三角模式及如何運用此三角模式，來控制或消滅傳染病的威脅，下列敘述何者正確？①三斑家蚊是病原體②有不健康生活型
114-專業二-47,114,專業二,47,H14,健康消費與食品安全,否,否,B,2,2024年國內多款辣椒粉檢出蘇丹紅，有關食品安全的敘述，下列何者正確？
114-專業二-48,114,專業二,48,H02,體位、營養與飲食,否,是,C,2,以凡購買零食一包其營養標示如下表(二)，關於此包零食營養及熱量的敘述，下列何者正確？表(二)營養標示每一份量30公克本包
114-專業二-49,114,專業二,49,H06,懷孕、產前產後與哺乳,是,否,B,2,有關小臻的預產期，下列何者正確？
114-專業二-50,114,專業二,50,H06,懷孕、產前產後與哺乳,否,否,C,2,承上題，若寶寶於114年5月3日出生是屬於下列何種產期？
114-國文-01,114,國文,1,C01,字形,否,否,A,2,下列文句，何者有錯別字？
114-國文-02,114,國文,2,C04,語法、修辭與表達手法,否,否,C,2,「把」做為介詞，可表達右框所示的兩種意義。下列含「把」的文句，何者最適合列為②的例句？
114-國文-03,114,國文,3,C02,字詞義與虛詞,否,否,D,2,新冠肺炎疫情嚴峻時期，多家航空公司推出「類出國航班」，飛至鄰近國家上空再返航停國內機場。下列文句的「類」，何者與「類出國
114-國文-04,114,國文,4,C04,語法、修辭與表達手法,否,否,D,2,下文畫底線處的文句修改建議，何者正確？詐騙集團常假冒警察機關名義，以電話通知民眾：①因查案時發現民眾遭歹徒冒名申辦帳戶，
114-國文-05,114,國文,5,C05,文句排序,否,否,B,2,若要使下文的理路連貫有序，①、②、③、④、⑤最適當的排列應是：韓劇《魷魚遊戲》的成功之處，①不僅在於劇情緊湊刺激，②與無
114-國文-06,114,國文,6,C04,語法、修辭與表達手法,否,是,C,2,下表四種因果論證圖解，是比爾茲利( Monroe Curtis Beardsley )在1950年所提出。表中搭配的例句
114-國文-07,114,國文,7,C06,國學與文學常識,否,是,C,2,前人認為宋詞可分「婉約詞」、「豪放詞」。有一研究從兩類作品取樣發現：其高頻率字、詞前六名如下表所示，確有差異，則①、②、
114-國文-08,114,國文,8,C03,詞語填空,是,否,B,2,下文□□□□內，最適合填入的詞語依序是：炒米粉，是最普及的一種臺灣吃食。我們可以在□□□□的攤販夜市嘗食，也可以在標榜著
114-國文-09,114,國文,9,C08,古典文本閱讀,否,否,A,2,「雙氣泡圖」通常用於呈現兩個事物的共同點、相異點。若要將下文所述「耳鑒」、「揣骨聽聲」繪成雙氣泡圖：介於二者間的實線圈表
114-國文-10,114,國文,10,C08,古典文本閱讀,否,否,B,2,危機發生時，當事人為凝聚同陣營者，通常會使用形象修護策略。下列案例中的鄭文公面對燭之武、劉邦面對張良時，使用的策略為何？
114-國文-11,114,國文,11,C09,白話文學閱讀,否,否,D,2,關於甲文巡警、乙文查大人的逞威尋釁，下列敘述何者正確？
114-國文-12,114,國文,12,C09,白話文學閱讀,否,否,D,2,甲、乙文畫底線處的解釋，何者最適當？
114-國文-13,114,國文,13,C09,白話文學閱讀,否,否,B,2,關於甲、乙文敘寫手法的說明，何者最適當？
114-國文-14,114,國文,14,C09,白話文學閱讀,否,否,A,2,依據下框所示的諷刺手法常見特徵，下列乙文中作者使用的兩項諷刺，最可能含有何種特徵？Ⅰ、（查大人）輕輕地打他一掌說：……那
114-國文-15,114,國文,15,C09,白話文學閱讀,否,否,B,2,若要形容「巡警和查大人的心態」、「賴和對巡警和查大人行徑的批評」，最適合的文句分別是：巡警和查大人的心態：賴和對巡警和查
114-國文-16,114,國文,16,C10,知識性與圖表資訊閱讀,否,否,B,2,依據上文，下列構造位於各燈何處？長信宮燈導煙管夾燈盞放水處銅牛燈放油處
114-國文-17,114,國文,17,C10,知識性與圖表資訊閱讀,否,否,D,2,依據上文，關於燈具的敘述，何者正確？
114-國文-18,114,國文,18,C10,知識性與圖表資訊閱讀,否,否,A,2,上文三個燈具，在設計上的共同考量要素為何？
114-國文-19,114,國文,19,C10,知識性與圖表資訊閱讀,否,否,B,2,依據上文，下列①、②兩項陳述是否適當，正確的研判是：①由〈桃花源記〉「自云先世避秦時亂，率妻子、邑人來此絕境，……乃不知
114-國文-20,114,國文,20,C08,古典文本閱讀,否,否,C,2,關於焦奇的人物形象解讀，何者最符合上文所述？
114-國文-21,114,國文,21,C08,古典文本閱讀,否,否,C,2,關於上文寫作技巧的敘述，何者最適當？
114-國文-22,114,國文,22,C08,古典文本閱讀,是,否,A,2,上文作者說完此故事後，認為焦奇並非「大敵勇而小敵怯」，而是「函牛之鼎不可以烹小鮮，千斤之弩不可以中鼷鼠」，這句話的意思與
114-國文-23,114,國文,23,C08,古典文本閱讀,否,否,D,2,上文描寫焦奇擊貓，使用「焦怒……→焦愈怒……」的遞進手法。下列文句，何者也有類似敘寫方式？
114-國文-24,114,國文,24,C08,古典文本閱讀,否,否,C,2,依據上列資料，可以確知的是：
114-國文-25,114,國文,25,C08,古典文本閱讀,否,否,D,2,若要就上列資料，說明古代韓國士大夫兩種想法：①視岳陽樓為勝景的代表，②視〈岳陽樓記〉作者為理想人格的表徵，分別適合以誰的
114-國文-26,114,國文,26,C08,古典文本閱讀,否,否,D,2,李穡的詩頗多漢文典故。關於右框二詩運用「岳陽樓」、「陶淵明」典故的解說，正確的研判是：①〈詠月〉以「岳陽樓」的湖中倒影浮
114-國文-27,114,國文,27,C08,古典文本閱讀,否,否,C,2,上列資料中的詞語解釋，何者最適當？
114-國文-28,114,國文,28,C10,知識性與圖表資訊閱讀,否,否,B,2,若依上文標記右圖，何者正確？
114-國文-29,114,國文,29,C10,知識性與圖表資訊閱讀,否,否,C,2,依據上文，關於臺灣遠洋漁業的敘述，何者正確？
114-國文-30,114,國文,30,C10,知識性與圖表資訊閱讀,否,否,D,2,下列藉甲圖、乙表以佐證上文的想法，何者明顯不適當？
114-國文-31,114,國文,31,C10,知識性與圖表資訊閱讀,否,否,D,2,依據上文，關於蘭芳公司的敘述，何者正確？
114-國文-32,114,國文,32,C10,知識性與圖表資訊閱讀,否,否,A,2,依據上文，關於婆羅洲華人公司的敘述，何者正確？
114-國文-33,114,國文,33,C10,知識性與圖表資訊閱讀,否,否,A,2,蘭芳公司的某些情況，常成為「婆羅洲華人公司是否為共和國」的論證事例。依據上文，不同觀點的言論最可能以①、②、③何者為支持
114-國文-34,114,國文,34,C10,知識性與圖表資訊閱讀,否,否,A,2,某篇敘述蘭芳公司歷史的文章說：「羅芳伯未號稱『大唐總長』，也未以『蘭芳』紀元」。依據上文，可推知其採用文獻的作法及理由為
114-國文-35,114,國文,35,C08,古典文本閱讀,否,否,B,2,《海錄》是嘉應州人謝清高的南洋經歷紀錄，1820年刊行。下列是書中關於羅芳伯的記載，①～⑤的解釋，何者符合上文？乾隆中，
114-國文-36,114,國文,36,C10,知識性與圖表資訊閱讀,否,否,A,2,依據上文，關於全日物流的敘述，何者正確？
114-國文-37,114,國文,37,C10,知識性與圖表資訊閱讀,否,否,B,2,依據上文，全日物流為了向餐飲業者提供蔬果鏈，在本業外增加的項目為何？
114-國文-38,114,國文,38,C10,知識性與圖表資訊閱讀,否,否,C,2,關於上文寫作手法與意義，何者敘述最適當？
114-英文-01,114,英文,1,E01,字彙題,否,否,A,2,This child is using colored chalks to pictures on a blank pi
114-英文-02,114,英文,2,E01,字彙題,否,否,B,2,The room was so that I couldn’t even find space for these ne
114-英文-03,114,英文,3,E01,字彙題,否,否,B,2,"Many people have climbed the main of Mount Jade in Taiwan, w"
114-英文-04,114,英文,4,E01,字彙題,否,否,C,2,"After looking at his grandfather’s on the wall, John was hap"
114-英文-05,114,英文,5,E01,字彙題,否,否,C,2,It is risky for people to touch plants in rainforests becaus
114-英文-06,114,英文,6,E01,字彙題,否,否,A,2,Governments have the to punish people who drink and drive.
114-英文-07,114,英文,7,E01,字彙題,否,否,A,2,"During the night, the sensor lights in the park will turn on"
114-英文-08,114,英文,8,E01,字彙題,否,否,D,2,Chen Chieh-hsien (陳傑憲) the WBSC Premier12 2024 MVP ( Most Va
114-英文-09,114,英文,9,E01,字彙題,否,否,D,2,"Mary came to me and introduced herself again. Apparently, sh"
114-英文-10,114,英文,10,E01,字彙題,否,否,C,2,My sister decided to abandon her old habits and start a fres
114-英文-11,114,英文,11,E02,對話題,否,否,A,2,"Dad: Hey, you’re always on your phone! Son: I know. I just l"
114-英文-12,114,英文,12,E02,對話題,否,否,C,2,Lucy: Do you know that plastics can take 20 years to break d
114-英文-13,114,英文,13,E02,對話題,否,否,A,2,Vendor: These vegetables are chemical free. Customer: They l
114-英文-14,114,英文,14,E02,對話題,否,否,D,2,"Ken: The line is too long! Let’s cut in line, so we can get "
114-英文-15,114,英文,15,E02,對話題,否,否,A,2,Dave: I’m going to a job interview this Thursday. What shoul
114-英文-16,114,英文,16,E02,對話題,否,否,D,2,"Anna: Hey Terry, do you know that Lee Yang (李洋) and Wang Chi"
114-英文-17,114,英文,17,E02,對話題,否,否,B,2,Mom: Guess what? A high school student offered his seat to m
114-英文-18,114,英文,18,E02,對話題,否,否,C,2,Housekeeping: May I help you? Mrs. Liu: Yes. I’m Mrs. Liu. W
114-英文-19,114,英文,19,E02,對話題,否,否,D,2,"Ms. Lee: Are you an art lover, Johnson? Johnson: I’m passion"
114-英文-20,114,英文,20,E02,對話題,否,否,B,2,Paul: I read an article online. It said Thomas Edison (湯瑪斯．愛
114-英文-21,114,英文,21,E03,綜合測驗,否,否,C,2,
114-英文-22,114,英文,22,E03,綜合測驗,否,否,B,2,
114-英文-23,114,英文,23,E03,綜合測驗,否,否,B,2,
114-英文-24,114,英文,24,E03,綜合測驗,否,否,A,2,
114-英文-25,114,英文,25,E03,綜合測驗,否,否,A,2,
114-英文-26,114,英文,26,E03,綜合測驗,否,否,C,2,
114-英文-27,114,英文,27,E03,綜合測驗,否,否,B,2,
114-英文-28,114,英文,28,E03,綜合測驗,否,否,A,2,
114-英文-29,114,英文,29,E04,閱讀測驗,否,否,A,2,What is the best title for the poster?
114-英文-30,114,英文,30,E04,閱讀測驗,否,否,D,2,"According to the poster, which of the following statements i"
114-英文-31,114,英文,31,E04,閱讀測驗,否,否,D,2,"According to the conversation and the table, which of the fo"
114-英文-32,114,英文,32,E04,閱讀測驗,否,否,C,2,"According to the conversation, which data plan will Dave cho"
114-英文-33,114,英文,33,E04,閱讀測驗,否,否,B,2,Which month has the most typhoons in 2023?
114-英文-34,114,英文,34,E04,閱讀測驗,否,否,D,2,Which of the following statements is true?
114-英文-35,114,英文,35,E04,閱讀測驗,否,是,D,2,Which of the following charts shows the data on the table co
114-英文-36,114,英文,36,E04,閱讀測驗,否,否,C,2,What is the main idea of this passage?
114-英文-37,114,英文,37,E04,閱讀測驗,否,否,C,2,What does“It”in the second paragraph refer to?
114-英文-38,114,英文,38,E04,閱讀測驗,否,否,B,2,"According to the passage, which function is NOT mentioned in"
114-英文-39,114,英文,39,E04,閱讀測驗,否,否,A,2,What is the topic of the passage?
114-英文-40,114,英文,40,E04,閱讀測驗,否,否,D,2,What is the main idea of the third paragraph?
114-英文-41,114,英文,41,E04,閱讀測驗,否,否,B,2,"According to the passage, which of the following statements "
114-英文-42,114,英文,42,E04,閱讀測驗,否,否,B,2,Arrange the following events according to the historical tim
114-數學-01,114,數學,1,M01,數與式、絕對值與複數,否,否,D,4,已知i = 1−。若將( 1 + 2 i ) ( 2–i )化成a + b i之形式，其中a、b為實數，則a + b =
114-數學-02,114,數學,2,M06,平面與空間向量,否,否,C,4,已知∆ABC中，∠A為直角，試問下列敘述何者正確？
114-數學-03,114,數學,3,M12,微積分,否,否,C,4,下列何者可為函數f ( x ) = x 3 + 2 x–5的反導函數？
114-數學-04,114,數學,4,M05,三角函數與三角形,否,否,B,4,試求tan 2025°+ sec 2025°=？
114-數學-05,114,數學,5,M01,數與式、絕對值與複數,否,否,A,4,若3+2 2 ( 2 1) 2 1 a b = +−−，其中a、b為有理數，則a 2–b 2 =？
114-數學-06,114,數學,6,M07,指數與對數,是,是,D,4,溶液酸鹼度的公式為pH =–log [ H + ]，其中[H +]為溶液中的氫離子濃度(單位：莫耳/升)。圖(一)為雨季
114-數學-07,114,數學,7,M08,數列與級數,否,否,C,4,"若數列–2 , a , b , 7成等差數列，且數列a , b , p , q成等比數列，則p + q =？"
114-數學-08,114,數學,8,M05,三角函數與三角形,否,否,C,4,"試問點( sin 155°–sin 55°, cos 222°–cos 122°)在第幾象限？"
114-數學-09,114,數學,9,M02,多項式、函數與方程式,否,否,C,4,"已知k為實數，且一元二次方程式x 2 + k x = k–3有兩個共軛虛根。若k之解的範圍為區間( a , b )，則b"
114-數學-10,114,數學,10,M03,直線與二元一次不等式,否,是,B,4,已知在坐標平面上有多筆物件資料，今將其分成三類，分別以▲、●、★表示。若利用兩條直線1 L：2 x–y = 6與2 L：
114-數學-11,114,數學,11,M04,圓與圓錐曲線,否,是,A,4,茗茗幫家裡設計一款拋物線造型的裝飾品，在設計圖的坐標平面上，畫出此拋物線為Γ：y 2 = 8 x，如圖(三)中的實線。但
114-數學-12,114,數學,12,M12,微積分,否,否,D,4,試問函數f ( x ) = 2 x 3–3 x 2–12 x + 1在下列哪個區間內為遞增？
114-數學-13,114,數學,13,M11,矩陣與聯立方程式,否,否,B,4,"若x a = , y b =為聯立方程組3 4 114 4 5 2025 x y x y + =+ =的解，則a "
114-數學-14,114,數學,14,M09,排列組合與機率,否,否,B,4,從1到9中取出兩個相異的奇數及兩個相異的偶數排成一個四位數。若要求兩個奇數不相鄰且兩個偶數也不相鄰，則滿足此條件的四位數
114-數學-15,114,數學,15,M11,矩陣與聯立方程式,否,否,A,4,已知A為3×n階矩陣、B為k×4階矩陣，試問下列敘述何者正確？
114-數學-16,114,數學,16,M07,指數與對數,否,否,D,4,在某金屬容器中放置質量公克的放射性物質A。經過x年後，該容器中的物質A質量剩下f ( x )公克。已知f ( x )滿足
114-數學-17,114,數學,17,M04,圓與圓錐曲線,否,是,D,4,"已知坐標平面上三點A ( 1 , 4 )、B (–3 ,–4 )、C ( 5 , 2 )形成一個直角三角形，如圖(四)所"
114-數學-18,114,數學,18,M06,平面與空間向量,否,是,A,4,"已知坐標平面上四點O , P , A ( 1 , 2 ) , B (–3 , 4 )，其中O為原點，且點P在線段AB上，"
114-數學-19,114,數學,19,M05,三角函數與三角形,否,否,B,4,已知∆ABC中，AB = 2且∠C = 60°。若AC：BC = 1：3，則∆ABC的面積為何？
114-數學-20,114,數學,20,M05,三角函數與三角形,否,是,C,4,某攝影師參觀一棟圓樓建築，從地面上兩個不同位置點A、B拍攝一樓圓型展演劇場舞台上位於C點的擺飾，如圖(六)所示。已知A、
114-數學-21,114,數學,21,M03,直線與二元一次不等式,否,否,A,4,"已知L是坐標平面上通過點( 1 ,–1 )的直線，且其x截距為a，試問下列敘述何者正確？"
114-數學-22,114,數學,22,M06,平面與空間向量,是,是,B,4,小華遙控一台空拍機。今空拍機從點A出發，首先垂直上升10公尺(至點B )，往東飛了5公尺(至點C )，再往南飛7公尺(至
114-數學-23,114,數學,23,M12,微積分,否,是,D,4,"已知直線L為函數f ( x ) = x 2圖形在P ( 4 , 16 )的切線，A點為L與x軸交點，且B點為P點在x軸上"
114-數學-24,114,數學,24,M06,平面與空間向量,否,是,A,4,"已知空間中一梯形ABCD，AB與CD平行，且與CD垂直，其中三個頂點坐標分別為A ( 4 ,–3 ,–2 )、C ( 3"
114-數學-25,114,數學,25,M12,微積分,否,是,B,4,芳芳用一張長度為3尺、寬度為2尺的紙板設計紙盒，從長度為3尺的兩邊iA點剪至i B點，再將iA點對折至i B點，並將長方
115-專業一-01,115,專業一,1,B01,生命現象與生物分子,否,否,B,2,生命現象是分辨生物與非生物的重要依據，有關生命現象的敘述，下列何者正確？①單醣組合成多醣為同化作用②蚯蚓的正趨光性是其生
115-專業一-02,115,專業一,2,B02,細胞構造與觀察,是,否,C,2,許多早期科學家對細胞構造與功能的研究有極大的貢獻，有關科學家的貢獻，下列何者正確？①英國科學家虎克用解剖顯微鏡觀察軟木塞
115-專業一-03,115,專業一,3,B01,生命現象與生物分子,否,是,A,2,核苷酸分子中含有含氮鹼基，如圖(一)所示，有關此含氮鹼基的敘述，下列何者正確？圖(一)
115-專業一-04,115,專業一,4,B01,生命現象與生物分子,否,否,D,2,醣類又稱碳水化合物，在細胞中有許多功能，有關醣類的敘述，下列何者正確？
115-專業一-05,115,專業一,5,B04,細胞分裂,否,否,A,2,生技醫藥開發新的藥物，其藥物可抑制微管的形成，若將其加入正在進行細胞分裂的組織中，最直接影響下列何者？
115-專業一-06,115,專業一,6,B04,細胞分裂,否,否,D,2,有關有絲分裂與減數分裂的敘述，下列何者正確？
115-專業一-07,115,專業一,7,B14,循環與血液,否,否,B,2,下列何種細胞是從骨髓先驅細胞分化形成？①單核球②T細胞③B細胞④嗜鹼性球⑤紅血球
115-專業一-08,115,專業一,8,B11,植物構造與生理,否,否,A,2,胡蘿蔔、甜菜、白蘿蔔等能久放不易腐爛的蔬菜，是因其根部具有何種生理特性？
115-專業一-09,115,專業一,9,B11,植物構造與生理,否,否,C,2,若以放射性碳標記植物葉片中的二氧化碳，幾天後在植物的地下儲藏根中偵測到放射性物質。根據此結果，下列何者正確？
115-專業一-10,115,專業一,10,B14,循環與血液,是,否,B,2,健康人體血球可分為紅血球、白血球與血小板，有關血球的敘述，下列何者正確？
115-專業一-11,115,專業一,11,B14,循環與血液,否,否,D,2,有關閉鎖式循環系統的敘述，下列何者正確？
115-專業一-12,115,專業一,12,B16,呼吸,否,否,C,2,健康人體肺臟位於胸腔內，其結構主要由數億個肺泡組成，有關肺泡的敘述，下列何者正確？
115-專業一-13,115,專業一,13,B17,排泄,否,否,A,2,健康人體尿液形成的步驟分別為過濾、再吸收與分泌作用，有關尿液形成的敘述，下列何者正確？
115-專業一-14,115,專業一,14,B18,神經、肌肉與骨骼,否,否,C,2,有關健康人體副交感神經作用的敘述，下列何者正確？①抑制排尿②膽囊收縮③抑制腸胃蠕動④減緩心搏⑤支氣管擴張⑥瞳孔縮小⑦刺激
115-專業一-15,115,專業一,15,B19,內分泌,否,否,A,2,健康人體腦垂腺前葉會受到下視丘的調控，可製造並分泌多種激素，下列何種激素由腦垂腺前葉分泌？①甲狀腺刺激素②促腎上腺皮質素
115-專業一-16,115,專業一,16,B15,免疫,否,否,A,2,有關健康人體胸腺的敘述，下列何者正確？
115-專業一-17,115,專業一,17,B20,人類生殖與發育,否,否,A,2,有關健康女性生殖系統的敘述，下列何者正確？
115-專業一-18,115,專業一,18,B20,人類生殖與發育,否,否,B,2,有關健康女性懷孕與胚胎發育的敘述，下列何者正確？
115-專業一-19,115,專業一,19,B13,消化與營養,否,否,D,2,有關水溶性維生素B 1功能的敘述，下列何者正確？
115-專業一-20,115,專業一,20,B07,生物技術,是,否,C,2,淑芬同學在進行DNA粗萃取實驗時，發現實驗室冰箱中的庫存95 %冰酒精已用完，但仍須完成DNA粗萃取實驗，假設她在冰箱中
115-專業一-21,115,專業一,21,B05,遺傳法則與人類遺傳,是,否,C,2,位於體染色體上的致病等位基因T / t為顯性遺傳疾病，在同一條染色體上，基因座T / t與基因座M / m連鎖。患者經過
115-專業一-22,115,專業一,22,B05,遺傳法則與人類遺傳,是,否,A,2,人類X染色體色盲連鎖隱性疾病譜系圖：甲女士外表正常，但她的兄弟患有色盲。甲女士嫁給一位正常男性，生下一位第二代正常女兒。
115-專業一-23,115,專業一,23,B06,DNA 與基因表現,否,否,D,2,一對同卵雙胞胎出生後被不同家庭收養，因為收養家庭條件不同，導致哥哥營養充足、規律運動與充足睡眠；弟弟長期營養不良、運動量
115-專業一-24,115,專業一,24,B08,生命起源與演化,否,是,A,2,親緣關係樹可用來表示不同生物間的演化關係，以樹狀結構呈現共同祖先與後代的分支關係，且節點間距離可表示演化時間長短，圖(二
115-專業一-25,115,專業一,25,B09,分類、病毒與微生物,否,否,B,2,下列何種情況最有利於破傷風桿菌在人體內產生毒素？
115-專業一-26,115,專業一,26,B10,動植物類群,否,否,B,2,下列何者最能解釋松樹在乾旱環境中成功繁殖的原因？
115-專業一-27,115,專業一,27,B10,動植物類群,否,否,C,2,下列何者的孢子體比配子體更發達且功能完善？①地錢②山蘇③蘇鐵④銀杏⑤石松⑥土馬騌⑦昆欄樹
115-專業一-28,115,專業一,28,B10,動植物類群,否,否,D,2,下列何種動物原腸胚口發育成肛門，具脊索，成年後脊索被硬骨形成的脊椎骨取代？①章魚②魟魚③山椒魚④鱷魚⑤海馬
115-專業一-29,115,專業一,29,B08,生命起源與演化,否,是,D,2,陸生植物為適應乾燥環境，發展出許多特徵。根據圖(三)的演化樹，下列何種構造的演化，最先讓植物能適應陸地的缺水環境？
115-專業一-30,115,專業一,30,B10,動植物類群,否,否,C,2,兩側對稱動物依胚胎發育過程中，原腸胚口發育為成體的口或肛門，區分為原口類和後口類，有關原口與後口類動物的敘述，下列何者錯
115-專業一-31,115,專業一,31,B22,生物多樣性、保育與環境,是,是,C,2,小沛對甲、乙兩校園內進行為期一個月的昆蟲物種調查，結果如圖(四)所示。根據生物多樣性的概念，下列敘述何者正確？
115-專業一-32,115,專業一,32,B21,族群、群集與生態系,是,否,C,2,生物間的交互作用是指生物在同一生態系中彼此發生的各種關係，這些作用會影響生物的生存、成長、繁殖與族群大小等，有關生物間的
115-專業一-33,115,專業一,33,B21,族群、群集與生態系,否,否,D,2,消長是指生態系中物種組成與結構隨時間變化的過程，會受到環境條件、生物間的交互作用及其他因素影響，最終發展為相對穩定的巔峰
115-專業一-34,115,專業一,34,B21,族群、群集與生態系,否,是,C,2,氮循環為氮元素在自然界中將大氣中的氮氣轉變為生物可利用的含氮化合物，並經由生物體利用與分解後，再回到大氣中的過程，有關氮
115-專業一-35,115,專業一,35,B21,族群、群集與生態系,是,否,B,2,食物鏈是指能量從生產者開始經由各級消費者逐級傳遞所形成的關係。在某生態系中，其食物鏈如下：甲→乙→丙→丁，若該生態系受到
115-專業一-36,115,專業一,36,B22,生物多樣性、保育與環境,否,否,B,2,保育是依據維持生物多樣性與自然生態平衡的原則，對生物進行保護、復育與管理等行動，這些行動可分為域內保育以及域外保育，有關
115-專業一-37,115,專業一,37,B22,生物多樣性、保育與環境,否,否,A,2,我國包含9座國家公園，其中高山型國家公園是指以高山地形與生態系為主要特色的國家公園，這類公園海拔高、氣候冷涼，擁有豐富的
115-專業一-38,115,專業一,38,B07,生物技術,否,否,A,2,有關體細胞核移置( Somatic cell nuclear transfer，簡稱SCNT )過程與發育成新個體的敘述
115-專業一-39,115,專業一,39,B07,生物技術,否,否,C,2,在利用重組DNA技術進行細胞轉形與後續選殖時，必須確保外源DNA能順利進入細菌，並能有效辨識吸收質體的細菌。下列哪些條件
115-專業一-40,115,專業一,40,B07,生物技術,否,否,B,2,于倫對同一份真菌模板DNA，分別使用兩組序列不同的引子進行基因擴增，兩組引子的黏合溫度數值相近，且PCR的變性、黏合與複
115-專業一-41,115,專業一,41,B07,生物技術,否,否,B,2,進行重組DNA，將載體以EcoRI限制酶切割而目標基因以HindIII限制酶切割後，以DNA連接酶進行接合反應，下列何者
115-專業一-42,115,專業一,42,B22,生物多樣性、保育與環境,否,否,B,2,能源是支撐人類生活與工業發展的重要基礎，可分為再生能源與不可再生能源兩大類，為降低碳排放、減緩氣候變遷的影響，世界各國正
115-專業一-43,115,專業一,43,B02,細胞構造與觀察,是,否,D,2,依據上述觀察結果，有關①與②現象成因的推論，下列何者最合理？
115-專業一-44,115,專業一,44,B02,細胞構造與觀察,是,否,D,2,若另一組學生觀察口腔上皮細胞時，於40×物鏡下無法清楚觀察到細胞核，卻在低倍鏡下可見細胞輪廓，下列何者為最可能的原因？
115-專業一-45,115,專業一,45,B11,植物構造與生理,否,否,A,2,此份組織切片最可能來自何種器官？
115-專業一-46,115,專業一,46,B11,植物構造與生理,否,否,B,2,阻止染料進行質外體運輸的部位為何？
115-專業一-47,115,專業一,47,B05,遺傳法則與人類遺傳,否,否,B,2,由兩隻基因型皆為BbEe的黑色拉不拉多犬進行交配繁殖，後代黃色個體比例最接近下列何者？
115-專業一-48,115,專業一,48,B05,遺傳法則與人類遺傳,否,否,D,2,因市場需求偏好棕色拉不拉多犬，繁殖者以♂bbEe×♀BbEe的組合，希望提升棕色表現型比例，依據獨立分配律原理，後代呈現
115-專業一-49,115,專業一,49,B21,族群、群集與生態系,否,否,C,2,有關西元2020～2024年間臺灣水鹿族群成長趨勢為何？
115-專業一-50,115,專業一,50,B21,族群、群集與生態系,是,否,D,2,根據調查結果，此族群之族群密度、年齡結構、存活曲線與環境負荷量的敘述，下列何者正確？
115-專業二-01,115,專業二,1,H15,環境與職業健康,否,否,B,2,"空氣品質指標( Air Quality Index , AQI )係用以評估空氣污染對健康的影響。關於AQI不同區間與其"
115-專業二-02,115,專業二,2,H03,心理健康與壓力,否,否,B,2,有關憂鬱的發作及其治療，下列敘述何者最適當？
115-專業二-03,115,專業二,3,H03,心理健康與壓力,否,否,A,2,自尊與心理健康密切相關，下列何者較能代表良好自尊的表現？
115-專業二-04,115,專業二,4,H05,生殖保健、避孕與人工流產,否,否,C,2,有關受孕過程的敘述，下列何者正確？
115-專業二-05,115,專業二,5,H06,懷孕、產前產後與哺乳,是,否,B,2,某孕婦目前懷孕10週，關於此階段胎兒發育狀況，下列敘述何者正確？
115-專業二-06,115,專業二,6,H06,懷孕、產前產後與哺乳,否,否,B,2,有關胎盤形成與功能的敘述，下列何者正確？
115-專業二-07,115,專業二,7,H05,生殖保健、避孕與人工流產,是,否,D,2,某女性為增加受孕機會，開始測量基礎體溫。下列關於基礎體溫的敘述何者正確？①起床活動後再測量②每天清晨醒來尚未起床時測量③
115-專業二-08,115,專業二,8,H06,懷孕、產前產後與哺乳,是,否,B,2,一位新手媽媽想親自哺餵母乳，擔心自己乳汁不足，下列何項措施最有利於促進乳汁分泌？
115-專業二-09,115,專業二,9,H06,懷孕、產前產後與哺乳,否,否,B,2,有關職場友善支持哺乳的建議，下列何者正確？①《性別平等工作法》中哺乳時間的規定，哺乳時間視為工作時間②按照《哺乳條例》規
115-專業二-10,115,專業二,10,H13,老化、長照與安寧,是,否,C,2,78歲王奶奶因跌倒後行動不便，不喜歡出門活動，可以透過C級長照柑仔店提供哪些長期照護服務？①提供到宅居家照顧、協助沐浴②
115-專業二-11,115,專業二,11,H13,老化、長照與安寧,是,否,C,2,68歲末期癌症病人表示不希望再接受積極化療，希望減輕疼痛並與家人共度時光。下列哪些符合安寧緩和醫療照護精神？①停止所有醫
115-專業二-12,115,專業二,12,H13,老化、長照與安寧,是,否,D,2,下列行為何者符合健康老化的觀點？①規律運動，維持體適能②為避免跌倒應減少出門③每週參與社區志工服務④按時服用安眠藥以維持
115-專業二-13,115,專業二,13,H15,環境與職業健康,否,否,C,2,向雅是名大二學生，欲利用暑假當上市公司的工讀生。關於求職的注意事項，下列敘述何者正確？
115-專業二-14,115,專業二,14,H12,事故傷害與急救,是,否,D,2,百貨公司美食街發生氣爆事件，造成王爸爸一家四口受傷情形如下，關於事故傷害緊急處理的優先順序，下列何者正確？①王爸爸頭部嚴
115-專業二-15,115,專業二,15,H12,事故傷害與急救,是,否,D,2,6歲的小凡與爸爸到無人的山谷戲水，小凡一時興起從高處跳水後不幸溺水並失去呼吸與心跳，小凡的爸爸見狀欲進行心肺復甦術，下列
115-專業二-16,115,專業二,16,H12,事故傷害與急救,是,否,B,2,平平住在4層樓公寓的3樓，某日睡在隔壁的弟弟幫行動電源充電時突然爆炸引起火災，平平聽到聲響醒來，弟弟房間的門縫已出現濃煙
115-專業二-17,115,專業二,17,H12,事故傷害與急救,否,否,D,2,佑佑邊走路邊滑手機，不慎從樓梯摔下，整個人翻了好幾圈，佑佑右大腿疼痛且外觀變形，疑似右大腿骨折。關於骨折照護之注意事項，
115-專業二-18,115,專業二,18,H12,事故傷害與急救,是,否,D,2,安安與同學發生激烈爭吵後，突然出現胸悶、四肢麻木及全身無力等症狀，經健康中心護理師判斷可能為過度換氣症候群( Hyper
115-專業二-19,115,專業二,19,H11,物質濫用與用藥安全,否,否,D,2,有關成癮性藥物之敘述，下列何者正確？
115-專業二-20,115,專業二,20,H11,物質濫用與用藥安全,否,否,D,2,有關物質濫用分級與對身體危害之敘述，下列何者正確？
115-專業二-21,115,專業二,21,H11,物質濫用與用藥安全,否,否,A,2,2025年7月鳳山一帶大停電，主因是一名15歲國中生使用「依托咪酯、鴉片」後開車衝撞變電箱，關於毒品之敘述，下列何者正確
115-專業二-22,115,專業二,22,H11,物質濫用與用藥安全,否,否,A,2,反毒工作是今天不做，明天就會後悔的事。我國提出新世代反毒策略行動綱領。關於新世代反毒策略之倡議，下列敘述何者正確？
115-專業二-23,115,專業二,23,H02,體位、營養與飲食,是,否,C,2,16歲高中生小波，近3年體重約80 ~ 82公斤，身體質量指數( BMI )介於26 ~ 27之間，腰圍93 ~ 95公
115-專業二-24,115,專業二,24,H02,體位、營養與飲食,是,否,B,2,承上題，小波目前體重為80公斤，平常沒有規律運動，多數時間為靜態生活型態，若要協助小波減重，下列何項建議最適當？
115-專業二-25,115,專業二,25,H04,親密關係、性別與性平,否,否,B,2,情侶交往過程中，下列哪些行為屬於健康的親密關係？①詳細交代自己交友狀況及每日行蹤②經常讚美及肯定對方的努力與付出③可以自
115-專業二-26,115,專業二,26,H04,親密關係、性別與性平,否,否,C,2,針對傳統華人社會普遍存在「男主外、女主內」的觀點，下列何者最符合尊重性別平等與多樣化的敘述？
115-專業二-27,115,專業二,27,H04,親密關係、性別與性平,是,否,C,2,小文跟小齊交往半年，但小文發現小齊在約會時總是低頭滑手機，說話時常得不到小齊的回應，讓小文感到很生氣。小文使用下列何種表
115-專業二-28,115,專業二,28,H04,親密關係、性別與性平,是,否,C,2,當你聽到班上一群同學在課餘時討論某某同學的穿著打扮與行為舉止，用嘲諷語氣說：「某某同學根本不像一個正常的男生」。下列何項
115-專業二-29,115,專業二,29,H05,生殖保健、避孕與人工流產,是,否,C,2,小圓與小方在約會時發生性行為，醒來後驚覺對方並沒有使用保險套，感到非常後悔也擔心會不會懷孕。有關懷孕及避孕的敘述，下列何
115-專業二-30,115,專業二,30,H05,生殖保健、避孕與人工流產,是,否,A,2,小利於2026年4月13日因月經沒來前往醫院檢查，經妊娠試驗確認懷孕，小利最後一次月經來的第一天為2026年2月6日，經
115-專業二-31,115,專業二,31,H05,生殖保健、避孕與人工流產,否,否,B,2,有關兩性青春期常見之生殖系統問題，下列敘述何者正確？
115-專業二-32,115,專業二,32,H07,性傳染病與愛滋,是,否,C,2,小玄昨晚跟同學到夜店狂歡，在酒精的誘發下跟一位陌生人發生性行為，因沒有採取任何防護措施很怕感染到愛滋病。下列處置何者最適
115-專業二-33,115,專業二,33,H07,性傳染病與愛滋,否,否,C,2,有關人類乳突疫苗( HPV )接種之敘述，下列何者正確？
115-專業二-34,115,專業二,34,H04,親密關係、性別與性平,是,否,B,2,高一的林同學在校園內遭到王同學故意觸摸其胸部，林同學感到極度不適並立即報告導師。此時導師採取下列何項行動最適當？
115-專業二-35,115,專業二,35,H01,健康概念與健康促進,否,否,C,2,中國傳統醫學典籍《黃帝內經》所提出的養生觀念，其中提到「治未病」，下列何者最符合此概念？
115-專業二-36,115,專業二,36,H10,視力、口腔與姿勢保健,是,否,A,2,小茗只要有空就低頭滑手機玩遊戲打怪且無法控制上網的時間，最近近視加重及頭痛，關於小茗的健康風險，下列敘述何者正確？
115-專業二-37,115,專業二,37,H14,健康消費與食品安全,是,否,D,2,"小奇在旅展以NT$3,999購買某飯店「雙人住宿券」一張。券面宣稱：「無使用期限、假日不加價」，小奇於三個月後開始訂房，"
115-專業二-38,115,專業二,38,H14,健康消費與食品安全,是,否,A,2,有關各食安事件主要是發生在哪一個食品製造流程端的問題，下列敘述何者正確？
115-專業二-39,115,專業二,39,H09,慢性病、代謝症候群與健檢,否,否,B,2,過年時家族一起圍爐，爺爺突然出現筷子夾不起菜的情形，家人懷疑可能為急性中風。有關中風「FAST」檢查步驟之敘述，下列何者
115-專業二-40,115,專業二,40,H09,慢性病、代謝症候群與健檢,是,否,D,2,有關血壓測量的敘述，下列何者正確？①在熱水沐浴、飲酒、飯後半小時內測量，血壓值常較平時偏低，不宜此時測量②若收縮壓126
115-專業二-41,115,專業二,41,H09,慢性病、代謝症候群與健檢,是,否,C,2,60歲男性，上班久坐、幾乎不運動，診斷為高血壓患者，且持續用藥控制中。最近回診拿藥，相關檢查數據如下，此個案共有幾項符合
115-專業二-42,115,專業二,42,H02,體位、營養與飲食,否,否,D,2,有關成人健康體位與飲食管理的敘述，下列何者正確？
115-專業二-43,115,專業二,43,H08,傳染病防治,否,否,C,2,有關於肺結核的傳染與治療，下列敘述何者最適當？
115-專業二-44,115,專業二,44,H01,健康概念與健康促進,否,否,C,2,加拿大衛生福利部指出，影響人類健康的因素包括人類生物學、環境、生活型態與健康照護體系。關於上述四類因素之敘述，下列何者正
115-專業二-45,115,專業二,45,H10,視力、口腔與姿勢保健,是,否,C,2,國民健康署調查顯示，高中生高度近視盛行率逐年上升，而高度近視可能增加早發性白內障、青光眼、視網膜剝離及黃斑部病變的風險。
115-專業二-46,115,專業二,46,H08,傳染病防治,否,否,A,2,與其被動擔心疾病，不如主動關注健康。甲生新生健康檢查結果顯示：B型肝炎表面抗原( HBsAg )陽性、表面抗體( HBs
115-專業二-47,115,專業二,47,H03,心理健康與壓力,否,否,A,2,有關於壓力對生理功能的影響，下列敘述何者正確？①可能造成自律神經失調，進而引發腸躁症②可能使甲狀腺素分泌增加，導致甲狀腺
115-專業二-48,115,專業二,48,H10,視力、口腔與姿勢保健,否,否,B,2,有關於牙齒保健與口腔疾病的敘述，下列何者正確？①一般高中生以齲齒為主要問題，較少出現牙齦或牙周疾病②牙菌斑主要與齲齒相關
115-專業二-49,115,專業二,49,H02,體位、營養與飲食,否,是,B,2,80歲長者患有高血壓及長期便祕，依表(一)兩種產品的營養標示，應建議何者較適合？糙米米粉/營養標示十穀刀削麵/營養標示每
115-專業二-50,115,專業二,50,H09,慢性病、代謝症候群與健檢,是,是,B,2,甲、乙、丙、丁四位學生之健康檢查結果如下表。依表(二)異常檢驗指標推論，甲、乙、丙、丁最可能的健康問題依序分別為何？學生
115-國文-01,115,國文,1,C01,字形,否,否,C,2,下列文句，何者有錯別字？
115-國文-02,115,國文,2,C02,字詞義與虛詞,否,否,A,2,依據下文兩個「然」的用法，下列敘述，何者正確？蘇子愀①然，正襟危坐而問客曰︰「何為其②然也？」
115-國文-03,115,國文,3,C03,詞語填空,否,否,A,2,下文敘述元始天尊因商朝將亡而召見姜子牙，依據文意，□□□□內最適合填入的詞語依序為何？子牙忙至寶殿座前行禮曰：「弟子姜尚
115-國文-04,115,國文,4,C04,語法、修辭與表達手法,否,否,D,2,下框例句為「就一事物區分為兩個類別，呈現不同的功能或用途」。下列文句，何者也屬此一表述方式？
115-國文-05,115,國文,5,C02,字詞義與虛詞,否,是,B,2,現今中文常用詞語中，有些是日本新造詞，如「電話」；有些是日本將古代詞改了意義，如「交通」，在古代是〈桃花源記〉「阡陌交通
115-國文-06,115,國文,6,C06,國學與文學常識,否,是,B,2,下圖是某講解單元的內容摘要，此單元的名稱最可能為何？
115-國文-07,115,國文,7,C04,語法、修辭與表達手法,否,否,C,2,「屈原既放，遊於江潭，行吟澤畔，顏色憔悴」，敘述者的視線是由整體（屈原）聚焦到局部（面容）。下列文字，何者也運用類似的敘
115-國文-08,115,國文,8,C06,國學與文學常識,否,否,A,2,〈庖丁解牛〉的文惠君，因庖丁闡述「游刃有餘」而「得養生焉」；〈種樹郭橐駝傳〉的問者，因郭橐駝闡述「順木之天」而「得養人術
115-國文-09,115,國文,9,C05,文句排序,否,否,B,2,若要使下文的理路連貫有序，①、②、③、④、⑤最適當的排列應是：在電視機逐漸普及的年代，黃俊雄繼承父親黃海岱的志業，首度將
115-國文-10,115,國文,10,C06,國學與文學常識,否,否,D,2,下列對話. .內應填入的是：
115-國文-11,115,國文,11,C09,白話文學閱讀,否,否,D,2,關於甲、乙二文晚輩送終的敘述，何者正確？
115-國文-12,115,國文,12,C09,白話文學閱讀,否,否,C,2,關於甲、乙二文寫作內容與手法的比較，何者正確？
115-國文-13,115,國文,13,C09,白話文學閱讀,否,否,D,2,關於甲文①②、乙文③④劃線文句的理解，何者最適當？
115-國文-14,115,國文,14,C09,白話文學閱讀,否,是,B,2,依據下表解讀甲、乙二文，何者不適當？兩種敘述觀點兩種敘述觀點皆可明示或暗示作者意圖。基於特定需要，某些作品會兩種敘述觀點
115-國文-15,115,國文,15,C09,白話文學閱讀,否,否,B,2,若將甲文「會不會和上一次一樣？」、乙文「名義上說」視為作者透露諷刺意圖的線索，甲、乙二文諷刺之事依序應是：
115-國文-16,115,國文,16,C08,古典文本閱讀,是,否,A,2,《紅樓夢》中的賈府人口眾多，成員總會經歷程度不一的「社會情緒學習」。依據上文，何者最符合探春在事件中的經驗？
115-國文-17,115,國文,17,C08,古典文本閱讀,否,否,C,2,上文中，趙姨娘提及襲人母親、鴛鴦母親，主要用意為何？
115-國文-18,115,國文,18,C08,古典文本閱讀,否,否,D,2,上文趙姨娘為達到目的，利用「我們是親人」發展兩項情緒勒索說辭，探春分別以何種方式回擊？回擊甲回擊乙
115-國文-19,115,國文,19,C08,古典文本閱讀,否,否,B,2,依據上文與右圖，何者最符合鄭國匠人的想法？轉職前，他自認所做的工作屬於：他希望，轉職後所做的工作屬於：
115-國文-20,115,國文,20,C08,古典文本閱讀,否,否,B,2,依據上文所述的白圭從商經驗，他最可能提出哪句箴言？
115-國文-21,115,國文,21,C10,知識性與圖表資訊閱讀,否,否,C,2,上文農會理事談「時間落後」，主要是想對「與會人員」表達何種觀點？
115-國文-22,115,國文,22,C10,知識性與圖表資訊閱讀,否,否,A,2,依據上文，何者最可能是鄭國匠人的「可轉移技能」？①領導力②執行力③人際溝通④學習新知⑤工作流程優化
115-國文-23,115,國文,23,C10,知識性與圖表資訊閱讀,否,否,D,2,關於上文所述考古研究的取材、目的與成果，何者正確？
115-國文-24,115,國文,24,C10,知識性與圖表資訊閱讀,否,否,A,2,有研究者推論丹尼索瓦人「具有適應多種環境的能力」，依據上文，主要是基於何種事證提出這項推論？
115-國文-25,115,國文,25,C10,知識性與圖表資訊閱讀,否,否,C,2,下列指示AI繪圖的文字，何者最符合由上文得知的更新世臺灣海峽生態地貌？
115-國文-26,115,國文,26,C10,知識性與圖表資訊閱讀,否,否,A,2,依據上文，關於考古結合自然科學研究的①、②敘述，最適當的研判是：①除了提取化石DNA，古蛋白質體學也是有助解析史前人類演
115-國文-27,115,國文,27,C10,知識性與圖表資訊閱讀,否,否,B,2,依據上文，右圖兩種指南魚若靜止於預設的方位，方位甲、乙依序為何？
115-國文-28,115,國文,28,C08,古典文本閱讀,否,否,B,2,依據上文，關於《事林廣記》的指南魚、指南龜，何者正確？
115-國文-29,115,國文,29,C10,知識性與圖表資訊閱讀,否,否,C,2,依據上文所述「當代研究甚多」，這些研究的共同課題為何？
115-國文-30,115,國文,30,C10,知識性與圖表資訊閱讀,否,否,D,2,依據上文，關於①、②兩項推論，最適當的研判是：①古人連接子位和午位的直線，與現今將地球分為南北半球的赤道平行。②古人雖不
115-國文-31,115,國文,31,C10,知識性與圖表資訊閱讀,否,是,A,2,投影片常減少文字，改用圖示。若甲的部分內容改為圖(一)，主題【】與項目、最適合填入：①建立偏鄉及離島無人機物資運補機制②
115-國文-32,115,國文,32,C10,知識性與圖表資訊閱讀,否,否,C,2,綜括乙所列二點，該頁頂端______________內最適合以何者為標題？
115-國文-33,115,國文,33,C10,知識性與圖表資訊閱讀,否,否,D,2,若於口述丙、丁後，扼要歸納「翔隆航太」、「擎壤科技」的異同，最適合的是：
115-國文-34,115,國文,34,C10,知識性與圖表資訊閱讀,否,否,C,2,有人建議：「這份簡報以報導者的立場，介紹無人機的政策方向、公司特色，不宜混入帶有自我宣傳口吻的告示。」依據此建議，哪一張
115-國文-35,115,國文,35,C10,知識性與圖表資訊閱讀,否,是,B,2,上文.內，若要填入最符合表(一)的文句，應是：
115-國文-36,115,國文,36,C10,知識性與圖表資訊閱讀,否,否,A,2,依據右框，上文特許廳的主張、集英社的答辯，聚焦於何種商標識別性？
115-國文-37,115,國文,37,C10,知識性與圖表資訊閱讀,否,否,D,2,關於《鬼滅之刃》的內容，何者最符合上文所述？
115-國文-38,115,國文,38,C10,知識性與圖表資訊閱讀,否,否,A,2,日治時的臺灣也經歷「大正時期」。下列建築樣貌，何者最能展現上文所述的當時風潮？
115-英文-01,115,英文,1,E01,字彙題,否,否,D,2,"These clothes are still , so you need to hang them in the su"
115-英文-02,115,英文,2,E01,字彙題,否,否,B,2,"Wang Guan-hong (王冠閎) , Taiwan’s“Butterfly King,”began his sw"
115-英文-03,115,英文,3,E01,字彙題,否,否,B,2,"The teacher treats all her students , giving every student t"
115-英文-04,115,英文,4,E01,字彙題,否,否,D,2,"With a calm, beautiful beach just within walking distance, t"
115-英文-05,115,英文,5,E01,字彙題,否,否,A,2,"In order to more customers, the bakery caféoffers a 20 % dis"
115-英文-06,115,英文,6,E01,字彙題,否,否,A,2,"Weather forecasts for one or two days ahead are quite , prov"
115-英文-07,115,英文,7,E01,字彙題,否,否,D,2,Amy was certain that she had a high fever after measuring he
115-英文-08,115,英文,8,E01,字彙題,否,否,A,2,When the award presenter Shu Qi (舒淇) as the winner of the Be
115-英文-09,115,英文,9,E01,字彙題,否,否,A,2,"When buying a car, those who want to save money will pick a "
115-英文-10,115,英文,10,E01,字彙題,否,否,C,2,Tim was extremely moved by the eight-part polyphony (八部合音) o
115-英文-11,115,英文,11,E02,對話題,否,否,B,2,"Customer: Hi, do you sell phone chargers? Clerk: Yes, over t"
115-英文-12,115,英文,12,E02,對話題,否,否,B,2,Jane: Did you go to the BLACKPINK concert? Tom: Nope. I was 
115-英文-13,115,英文,13,E02,對話題,否,否,C,2,Liz: I’m going to the supermarket to pick up two boxes of ma
115-英文-14,115,英文,14,E02,對話題,否,否,D,2,Brian: I heard you’re learning Spanish. Is it hard? Lily: Ye
115-英文-15,115,英文,15,E02,對話題,否,否,A,2,Peter: Gosh. I left my bottled water on my bike. Rose: For t
115-英文-16,115,英文,16,E02,對話題,否,否,C,2,Mrs. Wu: I’m going shopping. Would you mind picking up Jimmy
115-英文-17,115,英文,17,E02,對話題,否,否,A,2,Ming: Did you know the skills contest in Taipei last year? A
115-英文-18,115,英文,18,E02,對話題,否,否,B,2,"Ann: Hey, I’m writing my resume. What should I put first? Be"
115-英文-19,115,英文,19,E02,對話題,否,否,C,2,"Dave: Grandma, you need to renew your driver’s license if yo"
115-英文-20,115,英文,20,E02,對話題,否,否,B,2,Willy: Did you hear that Dr. Jane Goodall (珍古德博士) passed awa
115-英文-21,115,英文,21,E03,綜合測驗,否,否,A,2,
115-英文-22,115,英文,22,E03,綜合測驗,否,否,D,2,
115-英文-23,115,英文,23,E03,綜合測驗,否,否,A,2,
115-英文-24,115,英文,24,E03,綜合測驗,否,否,C,2,
115-英文-25,115,英文,25,E03,綜合測驗,否,否,B,2,
115-英文-26,115,英文,26,E03,綜合測驗,否,否,A,2,
115-英文-27,115,英文,27,E03,綜合測驗,否,否,A,2,
115-英文-28,115,英文,28,E03,綜合測驗,否,否,D,2,
115-英文-29,115,英文,29,E04,閱讀測驗,否,否,A,2,What did Elsa post on her blog?
115-英文-30,115,英文,30,E04,閱讀測驗,否,否,C,2,"According to the passage, what would Elsa probably do with h"
115-英文-31,115,英文,31,E04,閱讀測驗,否,否,C,2,"According to the line chart, what is one trend in Taiwan’s e"
115-英文-32,115,英文,32,E04,閱讀測驗,否,否,D,2,"According to the paragraph, which of the following are the c"
115-英文-33,115,英文,33,E04,閱讀測驗,否,否,B,2,"According to the chart, which of the following is correct?"
115-英文-34,115,英文,34,E04,閱讀測驗,否,否,B,2,Which of the following is NOT mentioned as a reason that mak
115-英文-35,115,英文,35,E04,閱讀測驗,否,否,C,2,Which is the correct order about Din Tai Fung’s business his
115-英文-36,115,英文,36,E04,閱讀測驗,否,否,D,2,Which of the following is the best conclusion for the above 
115-英文-37,115,英文,37,E04,閱讀測驗,否,否,D,2,"According to the passage, which of the following is true?"
115-英文-38,115,英文,38,E04,閱讀測驗,否,否,C,2,"According to the passage, what would happen to children when"
115-英文-39,115,英文,39,E04,閱讀測驗,否,否,B,2,What is the passage mainly about?
115-英文-40,115,英文,40,E04,閱讀測驗,否,否,D,2,"According to the passage, which is NOT an important reason f"
115-英文-41,115,英文,41,E04,閱讀測驗,否,否,D,2,Which is closest in meaning to“ride the wave of change”in pa
115-英文-42,115,英文,42,E04,閱讀測驗,否,否,C,2,"According to the passage, which of the following is true?"
115-數學-01,115,數學,1,M02,多項式、函數與方程式,否,否,A,4,732、6 2 sin 75 41.若一元二次方程式2 3 3 0 x x的兩根為、，則下列哪一個方程
115-數學-02,115,數學,2,M08,數列與級數,否,否,B,4,"已知一個等差數列1 a , 2 a , 3 a , 4 a , 5 a，前三項和為24，後四項和為50，試求1 2 3 "
115-數學-03,115,數學,3,M06,平面與空間向量,否,否,C,4,"在空間坐標系中，兩點A (–1 , 2 ,–3 )、B ( 2 , 4 ,–1 )的距離為多少？"
115-數學-04,115,數學,4,M01,數與式、絕對值與複數,否,否,C,4,行政院主計處薪情平台發布，臺灣20～30歲年輕族群的平均薪資呈現上升趨勢，根據2024～2025年數據，未滿30歲者平均
115-數學-05,115,數學,5,M11,矩陣與聯立方程式,否,否,D,4,已知矩陣1 1 0 1 1–0 A及矩陣0 1 1 1 0–1 B。若矩陣乘積11 
115-數學-06,115,數學,6,M12,微積分,否,否,A,4,試求2 2 0 ((1 ) 3) (1 3) lim h h h？
115-數學-07,115,數學,7,M12,微積分,否,否,C,4,已知f ( x )為多項式，且4 1 ( ) 3 f x dx，4 5 ( ) 2 f x dx，試求5 1 (
115-數學-08,115,數學,8,M03,直線與二元一次不等式,否,否,D,4,國中學過「角平分線上任意點到此角的兩邊等距離」。若直線L：2 10 x y為相交直線1 L：7 x y與2 L：
115-數學-09,115,數學,9,M02,多項式、函數與方程式,否,是,A,4,"若二次函數2 y ax bx c的圖形如圖(一)，則點( abc , b2–4ac )在第幾象限？"
115-數學-10,115,數學,10,M07,指數與對數,否,否,B,4,若實數x滿足2 2 2 2 log log 8 ( log )( log 2 ) 2 x x，則x？
115-數學-11,115,數學,11,M07,指數與對數,否,否,D,4,某社群平台的帳號數量N與此平台上線的時間t (單位：天)的關係為0.5 2026 ) 2 ( t N t，則下列敘述
115-數學-12,115,數學,12,M02,多項式、函數與方程式,否,否,C,4,分解部分分式2 3 2 2 2 1 1 1 x x A Bx C x x x x，其中A、B、C為實數
115-數學-13,115,數學,13,M09,排列組合與機率,否,否,B,4,某校羽球隊從12位選手中挑選5名，分別參加五場單打比賽。若12名選手中近況特別良好的選手有3位，教練決定任意安排這3位選
115-數學-14,115,數學,14,M05,三角函數與三角形,否,否,B,4,已知ABC中，∠A60°，∠B45°，且AC4，試求ABC的面積為多少？
115-數學-15,115,數學,15,M05,三角函數與三角形,否,是,D,4,若圖(二)中的實線是虛線sin y x函數圖形經過平移與伸縮後的圖形，則圖(二)中的實線是下列哪一個函數完整一個週期的
115-數學-16,115,數學,16,M03,直線與二元一次不等式,否,否,B,4,"已知實數, x y滿足二元一次聯立不等式2 0 0 x y x y，若a x y，則a的範圍為何？"
115-數學-17,115,數學,17,M04,圓與圓錐曲線,是,否,D,4,"某監控攝影機的中心位於坐標平面上( 5 , 2 )，且監控範圍在半徑為5的圓內(含邊界)。若某隻小老鼠從(–1 ,–2 "
115-數學-18,115,數學,18,M12,微積分,否,否,A,4,試求2 115 ( 1) x x dx？
115-數學-19,115,數學,19,M04,圓與圓錐曲線,是,否,B,4,已知橢圓具有下列光學性質：由其中一焦點F發射光線，經過橢圓鏡面一次反射，必然通過另一焦點F '。考慮橢圓2 2 1 25
115-數學-20,115,數學,20,M05,三角函數與三角形,是,是,D,4,林業及自然保育署利用空拍機拍攝一個堰塞湖。小茗想知道該堰塞湖的蓄水量，因此在該照片上畫了一個平行四邊形，如圖(三)所示，
115-數學-21,115,數學,21,M04,圓與圓錐曲線,否,否,A,4,在直角坐標平面上，極坐標表示法為sin cos rθθ的圖形為何？
115-數學-22,115,數學,22,M12,微積分,否,否,C,4,已知多項式f ( x )滿足f ( 2 )(2) f115，試求2 (2) 2 ( ) lim 2 x x f f
115-數學-23,115,數學,23,M06,平面與空間向量,是,否,C,4,"阿勇以平面向量設計戰爭攻略遊戲，設O ( 0 , 0 )為基地，列車與砲彈同時由O點出發及發射。列車沿= ( 1 , 2"
115-數學-24,115,數學,24,M11,矩陣與聯立方程式,是,否,C,4,小樺與同學參加密室逃脫遊戲，其中有一道門需二個數字a、b開鎖，門上開鎖提示：矩陣1 11 1 5 a b經列
115-數學-25,115,數學,25,M05,三角函數與三角形,否,否,A,4,試求函數( ) 3sin ( ) cos 3 f的最大值為多少？
