題目編號,年度,考科,題號,章節代碼,章節名稱,公告答案,配分,題幹摘要
108-專業一-01,108,專業一,1,A01,人體概論、細胞與組織,D,2,人體呈現解剖學姿勢 ( anatomical position ) 時，下列有關方位術語的敘述，何者正確？
108-專業一-02,108,專業一,2,A02,皮膚系統,B,2,指甲下面的表皮構成下列哪一種構造？
108-專業一-03,108,專業一,3,A01,人體概論、細胞與組織,B,2,網狀結締組織 ( reticular connective tissue ) 是下列何種組織內主要的支持架構？
108-專業一-04,108,專業一,4,A01,人體概論、細胞與組織,A,2,下列有關棕色脂肪組織的敘述，何者正確？
108-專業一-05,108,專業一,5,A03,骨骼與關節,A,2,下列何者是骨細胞之間相通的構造？
108-專業一-06,108,專業一,6,A03,骨骼與關節,D,2,下列哪一構造位於蝶骨小翼 ( lesser wing of sphenoid ) ？
108-專業一-07,108,專業一,7,A03,骨骼與關節,B,2,下列有關典型椎骨 ( typical vertebrae ) 的敘述，何者正確？
108-專業一-08,108,專業一,8,A03,骨骼與關節,A,2,下列哪塊骨骼與第三掌骨形成第三掌腕關節 ( carpometacarpal joint )？
108-專業一-09,108,專業一,9,A03,骨骼與關節,D,2,下列何者與橈腕關節 ( radiocarpal joint ) 屬於同一類型的滑液關節 ( synovial joint
108-專業一-10,108,專業一,10,A04,肌肉系統,C,2,下列哪條眼外肌 ( extrinsic muscles of the eye ) 是由滑車神經 ( trochlear 
108-專業一-11,108,專業一,11,A04,肌肉系統,D,2,下列哪條肌肉的止端 ( insertion ) 不是位於下頜骨 ( mandible )？
108-專業一-12,108,專業一,12,A04,肌肉系統,A,2,肩旋轉肌群 ( rotator cuff muscles ) 中的哪條肌肉是受腋神經 ( axillary nerve 
108-專業一-13,108,專業一,13,A04,肌肉系統,C,2,下列何者是嬰兒肌肉注射最理想的部位？
108-專業一-14,108,專業一,14,A05,神經系統,B,2,下列何者是對視覺刺激而引起頭部及眼球運動的反射中樞？
108-專業一-15,108,專業一,15,A05,神經系統,B,2,下列何者是膈神經 ( phrenic nerve ) 主要包含的脊神經深枝？
108-專業一-16,108,專業一,16,A05,神經系統,D,2,當一位病人無法做出手肘屈曲的動作時，最有可能是下列哪條神經受損？
108-專業一-17,108,專業一,17,A07,內分泌系統,A,2,下列有關濾泡旁細胞 ( parafollicular cells ) 的敘述，何者正確？
108-專業一-18,108,專業一,18,A09,心臟與血管,D,2,心臟的房室結 ( atrioventricular node ) 位於下列何處？
108-專業一-19,108,專業一,19,A09,心臟與血管,C,2,下列有關胎兒循環 ( fetal circulation ) 的敘述，何者正確？
108-專業一-20,108,專業一,20,A10,呼吸系統,C,2,下列何者是人體呈現解剖學姿勢時，位置最低的副鼻竇 ( paranasal sinus )？
108-專業一-21,108,專業一,21,A11,消化系統與營養代謝,A,2,正常人的恆齒 ( permanent teeth )，哪一種齒根 ( root ) 的數目最多？
108-專業一-22,108,專業一,22,A11,消化系統與營養代謝,B,2,肝胰壺腹 ( hepatopancreatic ampulla ) 內的膽汁，主要是由下列何者直接匯集而成？
108-專業一-23,108,專業一,23,A12,泌尿系統、體液與酸鹼,C,2,腎循環中直血管 ( vasa recta ) 的血液，主要是由下列哪一條血管直接匯入？
108-專業一-24,108,專業一,24,A13,生殖系統與發育,C,2,下列何者是男性避孕時最常施行結紮的部位？
108-專業一-25,108,專業一,25,A13,生殖系統與發育,D,2,下列有關輸卵管 ( uterine tube ) 的構造，何者最接近卵巢？
108-專業一-26,108,專業一,26,A01,人體概論、細胞與組織,A,2,下列何者為平滑內質網 ( smooth endoplasmic reticulum ) 之功能？
108-專業一-27,108,專業一,27,A04,肌肉系統,B,2,下列何者不是骨骼肌的構造？
108-專業一-28,108,專業一,28,A04,肌肉系統,C,2,運動終板 ( motor end plate ) 上乙醯膽鹼受器 ( acetylcholine receptor ) 
108-專業一-29,108,專業一,29,A05,神經系統,B,2,當感覺神經衝動由背根神經節傳入脊髓後，最終經過下列何處將神經衝動轉投射至大腦？
108-專業一-30,108,專業一,30,A06,感覺系統,C,2,當近距離視物時，下列何種變化會導致水晶體呈現橢圓以利聚焦？
108-專業一-31,108,專業一,31,A05,神經系統,C,2,交感神經節前神經元 ( preganglionic neuron ) 所釋放之神經傳導物質作用於節後神經元 的何種受器？
108-專業一-32,108,專業一,32,A05,神經系統,C,2,下列何種軸突動作電位特性，使其神經訊號傳遞具有單方向性？
108-專業一-33,108,專業一,33,A06,感覺系統,D,2,下列有關味覺與其訊號傳遞機制的配對，何者正確？
108-專業一-34,108,專業一,34,A11,消化系統與營養代謝,A,2,下列何者與飢餓感的調節最無關？
108-專業一-35,108,專業一,35,A07,內分泌系統,D,2,當飲食缺碘時導致甲狀腺腫大，其血中激素濃度變化為何？
108-專業一-36,108,專業一,36,A13,生殖系統與發育,A,2,哺乳時嬰兒吸吮媽媽的乳頭，會導致哪些激素的分泌？ ① 泌乳素 ( prolactin ) ② 催產素 ( oxytoci
108-專業一-37,108,專業一,37,A09,心臟與血管,A,2,依據法蘭克 - 史達林定律 ( Frank-Starling law )，正常心跳時靜脈回流 ( venous retu
108-專業一-38,108,專業一,38,A09,心臟與血管,D,2,下列是血管局部調控因素，哪些會增加血管阻力？ ① 組織pH 值下降 ② 血液中 CO 2 增加 ③ 內皮細胞釋出內皮素 
108-專業一-39,108,專業一,39,A08,血液、淋巴與免疫,C,2,凝血因子活化過程中，下列何者沒有直接參與凝血酶 ( thrombin ) 的活化步驟？
108-專業一-40,108,專業一,40,A09,心臟與血管,A,2,微血管的淨過濾壓 ( net filtration pressure ) 會因為下列哪些變化而增加？ ① 微血管靜水壓 
108-專業一-41,108,專業一,41,A08,血液、淋巴與免疫,B,2,組織被感染時釋出趨化因子 ( chemokines )，最先被影響的是下列哪種血球？
108-專業一-42,108,專業一,42,A11,消化系統與營養代謝,B,2,某些消化酶是以非活化的『 酶原 』( zymogens ) 形式產生，須由活化劑轉換成活化狀態， 下列消化酶與其活化劑的
108-專業一-43,108,專業一,43,A11,消化系統與營養代謝,B,2,"葡萄糖依賴型胰島素控制胜肽 ( glucose-dependent insulinotropic peptide , G"
108-專業一-44,108,專業一,44,A12,泌尿系統、體液與酸鹼,D,2,韓哈氏方程式 ( Henderson-Hasselbalch equation ) 的計算值，可用來理解體內的哪種狀態？
108-專業一-45,108,專業一,45,A12,泌尿系統、體液與酸鹼,A,2,糖尿病造成的酮酸血症 ( ketoacidosis ) 可引發下列何種現象？ ① 代謝性酸中毒 ② 代謝性鹼中毒 ③ 加
108-專業一-46,108,專業一,46,A07,內分泌系統,B,2,當非專一性壓力產生時會導致身體何種激素之分泌？
108-專業一-47,108,專業一,47,A12,泌尿系統、體液與酸鹼,C,2,下列何者最接近人體腎絲球之血液靜水壓？
108-專業一-48,108,專業一,48,A12,泌尿系統、體液與酸鹼,C,2,身體健康時，下列物質的腎臟清除率 ( renal clearance ) 由大至小排序為何？ ① 葡萄糖 ( gluco
108-專業一-49,108,專業一,49,A13,生殖系統與發育,B,2,下列何者不是睪丸內賽托利細胞 ( Sertoli cell ) 的功能？
108-專業一-50,108,專業一,50,A13,生殖系統與發育,D,2,下列何種機制可改善因前列腺素導致子宮平滑肌收縮而引起的月經週期疼痛問題？
108-專業二-01,108,專業二,1,N12,排泄（排尿、導尿、灌腸、排便）,D,2,有關連續性膀胱灌洗的敘述，何者錯誤？
108-專業二-02,108,專業二,2,N03,護理紀錄與交班,D,2,有關記錄的書寫，何者較適當？
108-專業二-03,108,專業二,3,N04,溝通與護病關係,C,2,有關建立專業性人際關係過程的敘述，何者正確？
108-專業二-04,108,專業二,4,N08,安全、約束、姿勢與活動,C,2,有關拐杖使用的敘述，何者正確？
108-專業二-05,108,專業二,5,N12,排泄（排尿、導尿、灌腸、排便）,D,2,有關灌腸的敘述，何者正確？
108-專業二-06,108,專業二,6,N05,感染控制與消毒滅菌,C,2,下列何者不屬於內科無菌？
108-專業二-07,108,專業二,7,N18,臨終與遺體護理,C,2,對於遺體護理的敘述，何者錯誤？
108-專業二-08,108,專業二,8,N08,安全、約束、姿勢與活動,B,2,有關約束的注意事項，何者正確？
108-專業二-09,108,專業二,9,N13,給藥與醫囑,C,2,有關給藥醫囑縮寫的意義，何者正確？ ① gtt：滴 ② c ：各 ③ OD：右耳 ④ Supp .：栓劑 ⑤ CM：午夜
108-專業二-10,108,專業二,10,N10,個人衛生與皮膚照護（含壓傷）,D,2,某位病人因化學治療造成口腔黏膜破損疼痛，護理師在飯前為其進行特別口腔護理 以利用餐，使用下列哪一種漱口劑最合適？
108-專業二-11,108,專業二,11,N08,安全、約束、姿勢與活動,A,2,病人採仰臥姿勢時，應注意下列哪些事項？ ① 可用粗隆捲軸預防髖關節外翻 ② 特別注意骶骨及足跟有無壓瘡 ③ 應維持頭頸與
108-專業二-12,108,專業二,12,N10,個人衛生與皮膚照護（含壓傷）,D,2,某位長期臥床病人，左眼因為感染而產生黃色分泌物結痂。護理師進行眼睛護理時， 應注意下列哪些事項？ ① 清潔眼睛時由外眼角
108-專業二-13,108,專業二,13,N04,溝通與護病關係,A,2,預計今日出院的病人說：「人工肛門袋我自己貼不好，但我太太已經學會了。」護理師回答： 「我不太瞭解您的意思，您可以再多說一
108-專業二-14,108,專業二,14,N05,感染控制與消毒滅菌,A,2,有關醫療照護相關感染的敘述，何者正確？
108-專業二-15,108,專業二,15,N12,排泄（排尿、導尿、灌腸、排便）,D,2,病人解出黑色的大便，可能是下列何種原因所造成？
108-專業二-16,108,專業二,16,N07,檢體收集與檢查,C,2,有關為女病人收集尿液檢體的敘述，何者錯誤？
108-專業二-17,108,專業二,17,N11,營養與管灌飲食,C,2,中風住院病人因吞嚥障礙、嗆咳的問題，採用鼻胃管灌食方式進食。有關灌食的注意 事項，何者正確？
108-專業二-18,108,專業二,18,N03,護理紀錄與交班,D,2,有關護理記錄書寫的原則，何者正確？
108-專業二-19,108,專業二,19,N06,生命徵象,B,2,某人今早測量的上肢血壓值比平日偏高，其可能的原因，何者錯誤？
108-專業二-20,108,專業二,20,N15,冷熱療法,C,2,有關熱水袋的使用方法，何者正確？
108-專業二-21,108,專業二,21,N09,休息與睡眠,B,2,有關睡眠障礙的敘述，何者錯誤？
108-專業二-22,108,專業二,22,N16,傷口照護與繃帶包紮,B,2,以三角巾為右手臂骨折病人進行懸吊手臂包紮時，其患肢肘關節與手腕以下列哪一種 擺位最適當？
108-專業二-23,108,專業二,23,N14,輸液、輸血與體液電解質,C,2,某人的 Hb 8.0 g / dL，輸血曾經有明顯過敏反應，此次輸血最好給予何種製劑？
108-專業二-24,108,專業二,24,N06,生命徵象,B,2,82 歲的病人，服用毛地黃。護理師應於何部位測量此病人的脈搏？
108-專業二-25,108,專業二,25,N08,安全、約束、姿勢與活動,C,2,某人每兩小時做10 次手伸直推牆的動作，此動作的特徵何者正確？
108-專業二-26,108,專業二,26,N09,休息與睡眠,A,2,有關成人理想睡眠週期的敘述，何者正確？ ① 7 ~ 8 小時睡眠中約有4 ~ 5 個睡眠週期 ② 每個週期70 ~ 90
108-專業二-27,108,專業二,27,N08,安全、約束、姿勢與活動,B,2,某中風病人右手關節可以移動，但沒有辦法舉起來，他的肌力等級和配合的運動型態， 何者最適當？
108-專業二-28,108,專業二,28,N02,護理過程,C,2,護理師為無法自理清潔的病人計畫了維持口腔清潔的護理措施，在措施中有一項「三餐 飯後30 分鐘內，協助照顧者執行病人口腔護
108-專業二-29,108,專業二,29,N13,給藥與醫囑,A,2,有關口服給藥的敘述，何者正確？
108-專業二-30,108,專業二,30,N16,傷口照護與繃帶包紮,C,2,有關捲軸繃帶包紮法的適用部位，何者正確？
108-專業二-31,108,專業二,31,N15,冷熱療法,D,2,有關熱療法的禁忌症，何者正確？
108-專業二-32,108,專業二,32,N16,傷口照護與繃帶包紮,A,2,前臂以繃帶包紮，下列末梢肢體評估結果，何者屬異常？ ① 手指溫暖 ② 手指膚色蒼白 ③ 手指移動時會痛 ④ 輕壓指甲床放
108-專業二-33,108,專業二,33,N03,護理紀錄與交班,C,2,護理師以 S.O.A.P.I.E.R. 記錄法書寫護理記錄，下列敘述何者正確？
108-專業二-34,108,專業二,34,N06,生命徵象,B,2,有關熱衰竭的敘述，何者正確？ ① 長期處於高溫環境，無法排汗 ② 臉色蒼白 ③ 脈搏快且弱 ④ 體溫上升至41 ℃ ⑤ 
108-專業二-35,108,專業二,35,N13,給藥與醫囑,A,2,住院中的病人，藥物醫囑為： Aspirin 100 mg / cap 1 pc AC PO QD，Amlodipine 
108-專業二-36,108,專業二,36,N10,個人衛生與皮膚照護（含壓傷）,C,2,有關皮膚壓瘡產生的敘述，何者正確？
108-專業二-37,108,專業二,37,N02,護理過程,A,2,病人因為風濕性關節炎入院，他移動緩慢、精細動作受限，也無法走太遠，為提升獨立 執行活動的目標，所處理的護理問題為何？
108-專業二-38,108,專業二,38,N15,冷熱療法,A,2,有關冷熱使用的敘述，何者正確？ ① 皮膚較厚的區域，對冷熱的耐受力較高 ② 冷熱使用時間愈長，皮膚對冷熱的敏感度下降 ③
108-專業二-39,108,專業二,39,N06,生命徵象,D,2,某人呼吸速率增加，可能的原因為何？ ① 血中 CO 2升高 ② 使用 Demerol ③ 腦壓增高 ④ 喝咖啡 ⑤ 處在
108-專業二-40,108,專業二,40,N14,輸液、輸血與體液電解質,D,2,體液容積過量的病人可能出現下列哪些症狀與徵象？ ① 血壓下降 ② 呼吸次數增加且短促 ③ 靜脈充盈時間延長 ④ 血紅素下
108-專業二-41,108,專業二,41,N11,營養與管灌飲食,C,2,病人自拔鼻胃管後重新放置，確認鼻胃管放置正確的方法，何者錯誤？
108-專業二-42,108,專業二,42,N10,個人衛生與皮膚照護（含壓傷）,A,2,護理師為80 歲長期臥床的病人進行背部護理與按摩，採用哪些按摩法較合適？ ① 按撫法 ( storking ) ② 揉捏
108-專業二-43,108,專業二,43,N10,個人衛生與皮膚照護（含壓傷）,D,2,糖尿病病人足部護理應注意下列哪些事項？ ① 足部乾燥應該擦拭乳液，尤其是趾間 ② 勿將電毯放在腳上 ③ 腳趾甲應修平避免
108-專業二-44,108,專業二,44,N13,給藥與醫囑,B,2,9AM 醫囑開立Acetaminophen 500 mg / tab 1 pc PO Q 6 H PRN FOR FEV
108-專業二-45,108,專業二,45,N13,給藥與醫囑,A,2,醫囑 Gentamicin ( 80 mg / 2 ml ) 80 mg IVD st. then 60 mg IVD 
108-專業二-46,108,專業二,46,N11,營養與管灌飲食,B,2,52 歲男性，身高175 公分，體重84 公斤，腰圍37 吋，健康檢查報告為血壓正常，白蛋白 ( albumin )：4
108-專業二-47,108,專業二,47,N02,護理過程,A,2,病人因癌症住院接受化學治療，護理師評估後確立以下診斷，依據護理診斷優先順序 原則之排序為何？ ① 睡眠型態紊亂 / 因治
108-專業二-48,108,專業二,48,N02,護理過程,C,2,病人於108 年4 月25 日因心肌梗塞住院，護理師在其住院第2 天訂立護理目標：「病人 在4 月27 日前能恢復到住院
108-專業二-49,108,專業二,49,N01,護理專業、法規與醫療環境,D,2,70 歲病人因解黑便住院治療，下列哪些是適合這位病人的舒適環境安排？ ① 室內溫度維持在19 ~ 21 ℃之間，溼度10
108-專業二-50,108,專業二,50,N07,檢體收集與檢查,A,2,有關痰液檢體收集的敘述，何者錯誤？
108-國文-01,108,國文,1,C02,字詞義與詞語辨析,D,2,下列各組「」內的詞語，何者意義最相近？
108-國文-02,108,國文,2,C02,字詞義與詞語辨析,A,2,下列選項「」內的詞語，何者具有「謙讓虛心」的意思？
108-國文-03,108,國文,3,C02,字詞義與詞語辨析,D,2,下列選項「」內的詞語，何者解釋正確？
108-國文-04,108,國文,4,C08,文言文閱讀,B,2,閱讀下文，最適合詮釋此文題旨的選項是： 昔人有癢，令其子索之，三索而三弗中。令其妻索之，五索而五弗中也。其人怒曰：「妻子
108-國文-05,108,國文,5,C08,文言文閱讀,B,2,閱讀下詩，與劃線處句子意義最接近的選項是： 車塵馬足貴者趣，酒盞花枝貧者緣。若將富貴比貧者，一在平地一在天。若將貧賤比車
108-國文-06,108,國文,6,C06,文學與國學常識,C,2,下列詞作為秦觀〈鵲橋仙〉，其中所描寫的季節，出現在下列哪一句成語的□中？ 纖雲弄巧，飛星傳恨，銀漢迢迢暗度，金風玉露一相
108-國文-07,108,國文,7,C08,文言文閱讀,B,2,閱讀下文，合乎該段文字內容的選項是︰ 士生而處豐厚，安居飽食，毫不沾風霜冰雪之氣，即有所成，去凡品不遠。惟夫計窮慮迫，困
108-國文-08,108,國文,8,C08,文言文閱讀,A,2,閱讀下文，合乎該段文字內容的選項是： 殺一人謂之不義，必有一死罪矣，若以此說往，殺十人十重不義，必有十死罪矣；殺百人百重
108-國文-09,108,國文,9,C09,白話文學閱讀,D,2,閱讀下文，與文章意旨最接近的選項是： 生命是由新到舊的一段過程，無論靜物或動物，花或草，從誕生的一刻起，死亡就等著它。一
108-國文-10,108,國文,10,C09,白話文學閱讀,C,2,閱讀下文，與文章意旨最接近的選項是： 擁有一個家，或者只是一個房間，在家鄉，或在此地彼地有一處熟悉的地方，有四壁將我們圍
108-國文-11,108,國文,11,C10,知識性與圖表閱讀,A,2,閱讀下文，合乎該段文字內容的選項是︰ 人口結構快速轉變的集體長壽現象，這是古人在過去的時空之中難以想像的挑戰。正視人類社
108-國文-12,108,國文,12,C05,文句排序與安排,C,2,下列是一段中間拆散的文句，請依文意選出排列順序最恰當的選項︰ 香草植物如此脆弱，當然不是珍貴之物，用來做菜也說得過去， 
108-國文-13,108,國文,13,C04,語法、修辭與表達,A,2,流行語「幹大事」，結構是「動詞+形容詞+名詞」。以下詞語何者組成結構與此相同？
108-國文-14,108,國文,14,C04,語法、修辭與表達,D,2,層遞是句子與句子之間，表現出層層遞升或遞降的語意。如：「天時不如地利，地利不如人和。」 下列何者表現出層遞的效果？
108-國文-15,108,國文,15,C02,字詞義與詞語辨析,A,2,下列選項中的「是」，何者不是代名詞的用法？
108-國文-16,108,國文,16,C04,語法、修辭與表達,D,2,錯綜修辭是將上下詞句調動次序，使其安排得參差不齊。如：「句讀之不知，惑之不解，或師焉，或不焉」 語次可以解為「句讀之不知
108-國文-17,108,國文,17,C07,應用文,D,2,下列對聯均有祝賀之意，何者最適用於祝賀長輩壽誕？
108-國文-18,108,國文,18,C06,文學與國學常識,D,2,先秦學院舉辦諸子講座，邀請學者依照各自學說配合時事演講，以下演講的題目與諸子思想的搭配 何者最適宜？
108-國文-19,108,國文,19,C06,文學與國學常識,B,2,「吹牛」是一種誇口遊戲，將沒有的事說成有。以下模擬四位古代文人正在進行吹牛遊戲。請根據 時代及文學發展知識，判斷何者不是
108-國文-20,108,國文,20,C06,文學與國學常識,C,2,眉批是一種傳統的閱讀方式，讀者將所思所感批注於讀本上形成互動。以下是某讀者閱讀《紅樓夢》 的眉批，其中針對劃線處文本的眉
108-國文-21,108,國文,21,C06,文學與國學常識,B,2,閱讀下文，文中劃線處最適合填入的作品名稱依序是： 醞釀還不止是在臨篇之前，對作家而言更是一生的事，學養見聞，涵容調和，造
108-國文-22,108,國文,22,C08,文言文閱讀,B,2,依據上文，下列關於馬雅谷事件的敘述，何者正確？
108-國文-23,108,國文,23,C08,文言文閱讀,D,2,從上文中可知，事件中的馬雅谷曾出現在哪些地方？ ( 甲 ) 泉州 ( 乙 ) 廈門 ( 丙 ) 臺南 ( 丁 ) 鳳山 
108-國文-24,108,國文,24,C08,文言文閱讀,B,2,依據上文，下列敘述何者正確？
108-國文-25,108,國文,25,C08,文言文閱讀,A,2,依據上文，關於祈雨過程與結果的敘述，何者正確？
108-國文-26,108,國文,26,C08,文言文閱讀,C,2,依據上文，作者對雨神的態度是：
108-國文-27,108,國文,27,C08,文言文閱讀,B,2,下列何者與作者所認知天、雨神、民之關係最為符合？
108-國文-28,108,國文,28,C08,文言文閱讀,A,2,依據 ( 甲 )、( 乙 ) 兩文，對 ( 甲 ) 文中的角色進行分析，下列何者完全正確？
108-國文-29,108,國文,29,C08,文言文閱讀,D,2,( 甲 ) 文中，燭之武對秦伯所說的一段話，沒有使用 ( 乙 ) 文哪一項雙贏談判要點？
108-國文-30,108,國文,30,C08,文言文閱讀,C,2,若燭之武以簡報的方式站在秦國立場向秦伯提案，文中「舍鄭以為東道主，行李之往來，共其乏困」 應該放在表格中的哪個位子？ 有
108-國文-31,108,國文,31,C08,文言文閱讀,B,2,文中華子「謁史而卜之，弗占；謁巫而禱之，弗禁；謁醫而攻之，弗已」，與下列何者的描述最接近？
108-國文-32,108,國文,32,C08,文言文閱讀,C,2,依據上文，下列關於儒生的敘述，何者正確？
108-國文-33,108,國文,33,C08,文言文閱讀,A,2,依據上文，華子「大怒，黜妻罰子，操戈逐儒生」的可能原因為何？
108-國文-34,108,國文,34,C10,知識性與圖表閱讀,A,2,依據上列圖文，判斷圖中甲、乙、丙依序應填入哪些階段？
108-國文-35,108,國文,35,C10,知識性與圖表閱讀,C,2,依據上文，下列廣告標語何者最符合該智慧羊毛品牌的核心價值？
108-國文-36,108,國文,36,C10,知識性與圖表閱讀,B,2,依據上文，下列敘述何者與文中觀點最接近？
108-國文-37,108,國文,37,C10,知識性與圖表閱讀,D,2,依據上文，判斷下列選項的敘述，何者不符合作者的觀點？
108-國文-38,108,國文,38,C10,知識性與圖表閱讀,B,2,關於本篇文章的脈絡，哪一個選項順序正確？
108-國文-39,108,國文,39,C10,知識性與圖表閱讀,C,2,依據上文，劃線處最適合填入下列哪一個選項？
108-國文-40,108,國文,40,C01,字音字形,A,2,以下一周新聞大事標題中的□，依序應填入正確的字為何？ 本 周 明起集水區有豪大雨，旱象將可□解 國 內 花蓮外海捕□地震
108-國文-41,108,國文,41,C01,字音字形,B,2,下列文句，何者用字完全正確？
108-國文-42,108,國文,42,C01,字音字形,C,2,下列文句，何者用字完全正確？
108-國文-43,108,國文,43,C03,詞語與成語運用,A,2,閱讀下文，空格處最適合填入的詞語依序是： 這些大樓原來都是父親一板一釘，架構出來□□□□的世界。從城的邊緣往中心，他沿路
108-國文-44,108,國文,44,C03,詞語與成語運用,A,2,閱讀下文，空格處最適合填入的詞語依序是： 同學們一出校門，便各奔前程。風雲際會，拖青紆紫者有之；踵武陶朱，□□□□者有之
108-國文-45,108,國文,45,C03,詞語與成語運用,D,2,閱讀下文，空格處最適合填入的詞語依序是： 真正有價值的成功，通常是來自辛勤而漫長的努力，就像蚌對待一粒沙般，唯有□□□□
108-國文-46,108,國文,46,C04,語法、修辭與表達,C,2,在某次考試結束之後，老師詢問學生考試的狀況，下列哪幾位同學回答老師時，「」內使用的成語最 恰當？ 大平：雖然盡全力準備，
108-國文-47,108,國文,47,C03,詞語與成語運用,C,2,老師要求同學使用成語形容下文〈出師表〉中的諸葛亮與劉備，下列何者的答案最貼切？ 臣 ( 諸葛亮 ) 本布衣，躬耕於南陽，
108-國文-48,108,國文,48,C04,語法、修辭與表達,B,2,以下是一則報導，文句 ( 甲 ) ( 乙 ) ( 丙 ) ( 丁 ) 何者沒有冗贅的現象？ ( 甲 ) 根據調查，臺灣獨
108-國文-49,108,國文,49,C05,文句排序與安排,B,2,閱讀下文，判斷「難道，正義也淪為自由時代的附屬產物？」最適合填入文中何處？ 新聞或網路裡充斥著「公理」與「正義」的字眼，
108-國文-50,108,國文,50,C05,文句排序與安排,D,2,閱讀下文，文中劃線處應填入語句的編號順序何者最恰當？ 陪伴小孩很重要，上了國中後，小孩現在沒我陪伴也不會怎樣。陪伴像是加
108-英文-01,108,英文,1,E01,字彙題,A,2,Tai Tzu-ying ( 戴資穎 ) is a professional who has been regarded
108-英文-02,108,英文,2,E01,字彙題,B,2,My grandmother has been suffering from a ( n ) loss of memor
108-英文-03,108,英文,3,E01,字彙題,D,2,Cigarette-smoking is known to many people as a cause of lung
108-英文-04,108,英文,4,E01,字彙題,A,2,Many travelers who want to sleep well carry their own pillow
108-英文-05,108,英文,5,E01,字彙題,D,2,The pop idol has a positive image because his success story 
108-英文-06,108,英文,6,E01,字彙題,B,2,"If you are not satisfied with the dress, you may it for the "
108-英文-07,108,英文,7,E01,字彙題,C,2,Before she published the first Harry Potter ( 哈利波特 ) novel a
108-英文-08,108,英文,8,E01,字彙題,C,2,"Cindy just had some coffee to stay awake, but it doesn’t see"
108-英文-09,108,英文,9,E01,字彙題,A,2,"When the typhoon hit last July, all the streets were flooded"
108-英文-10,108,英文,10,E01,字彙題,D,2,"After winning the 2016 election, Donald Trump ( 川普 ) his pre"
108-英文-11,108,英文,11,E01,字彙題,A,2,Many children died young during the 18th century as a result
108-英文-12,108,英文,12,E01,字彙題,D,2,"For drivers, it is good manners to stop and give to people c"
108-英文-13,108,英文,13,E01,字彙題,D,2,"In the movie Aquaman ( 水行俠 ) , the superhero is able to comm"
108-英文-14,108,英文,14,E01,字彙題,A,2,"Mr. Lin was with high blood pressure, so he has to take medi"
108-英文-15,108,英文,15,E01,字彙題,B,2,"In the near future, we may go on reality vacations because t"
108-英文-16,108,英文,16,E02,對話題,B,2,"Mother: Tony and Lisa, dinner time! Who’s supposed to set th"
108-英文-17,108,英文,17,E02,對話題,C,2,"Julie: So ... what are we going to do? Sandra: Well, I like "
108-英文-18,108,英文,18,E02,對話題,B,2,Daniel: Do you want to go on a trip round the world with me?
108-英文-19,108,英文,19,E02,對話題,C,2,Ken: Are you ready for the English test tomorrow? I really h
108-英文-20,108,英文,20,E02,對話題,C,2,Passenger 1: Excuse me. I think this is my seat. Passenger 2
108-英文-21,108,英文,21,E02,對話題,A,2,Amy: I heard you went on a vacation to Thailand. What did yo
108-英文-22,108,英文,22,E02,對話題,C,2,"Steven: I’d like to see a doctor, please. Nurse: ___________"
108-英文-23,108,英文,23,E02,對話題,B,2,Allen: Are you keeping any pets? David: Sure. I’ve got a dog
108-英文-24,108,英文,24,E02,對話題,D,2,Matt: I saw you at Happy Café the other night. Winnie: Reall
108-英文-25,108,英文,25,E02,對話題,A,2,Cindy: Know what? I have been trying to cut down on my socia
108-英文-26,108,英文,26,E03,綜合測驗（克漏字）,A,2,
108-英文-27,108,英文,27,E03,綜合測驗（克漏字）,A,2,
108-英文-28,108,英文,28,E03,綜合測驗（克漏字）,B,2,
108-英文-29,108,英文,29,E03,綜合測驗（克漏字）,C,2,
108-英文-30,108,英文,30,E03,綜合測驗（克漏字）,A,2,
108-英文-31,108,英文,31,E03,綜合測驗（克漏字）,A,2,
108-英文-32,108,英文,32,E03,綜合測驗（克漏字）,D,2,
108-英文-33,108,英文,33,E03,綜合測驗（克漏字）,B,2,
108-英文-34,108,英文,34,E03,綜合測驗（克漏字）,D,2,
108-英文-35,108,英文,35,E03,綜合測驗（克漏字）,A,2,
108-英文-36,108,英文,36,E03,綜合測驗（克漏字）,C,2,
108-英文-37,108,英文,37,E03,綜合測驗（克漏字）,B,2,
108-英文-38,108,英文,38,E03,綜合測驗（克漏字）,D,2,
108-英文-39,108,英文,39,E03,綜合測驗（克漏字）,D,2,
108-英文-40,108,英文,40,E03,綜合測驗（克漏字）,A,2,
108-英文-41,108,英文,41,E04,閱讀測驗,C,2,What is the cause of “ Seasonal Affective Disorder ”?
108-英文-42,108,英文,42,E04,閱讀測驗,B,2,What is the main idea of the third paragraph?
108-英文-43,108,英文,43,E04,閱讀測驗,C,2,Which of the following is closest in meaning to artificial i
108-英文-44,108,英文,44,E04,閱讀測驗,B,2,"According to the passage, which of the following is true?"
108-英文-45,108,英文,45,E04,閱讀測驗,D,2,Which of the following is the best title of this passage?
108-英文-46,108,英文,46,E04,閱讀測驗,C,2,What is the main idea of this passage?
108-英文-47,108,英文,47,E04,閱讀測驗,C,2,Why were Formosan rock monkeys considered an endangered spec
108-英文-48,108,英文,48,E04,閱讀測驗,B,2,What does the word native in paragraph one suggest?
108-英文-49,108,英文,49,E04,閱讀測驗,A,2,Which of the following is NOT a reason why some monkeys are 
108-英文-50,108,英文,50,E04,閱讀測驗,C,2,"According to the passage, which of the following is true?"
109-專業一-01,109,專業一,1,A01,人體概論、細胞與組織,A,2,乙狀結腸 ( sigmoid colon ) 主要位於腹盆腔九分法的哪一部位？
109-專業一-02,109,專業一,2,A06,感覺系統,B,2,梅斯納氏小體 ( Meissner ' s corpuscle ) 可偵測下列何種感覺？
109-專業一-03,109,專業一,3,A01,人體概論、細胞與組織,C,2,下列何種組織沒有血管的分布？
109-專業一-04,109,專業一,4,A01,人體概論、細胞與組織,B,2,胸膜 ( pleura ) 屬於下列何種構造？
109-專業一-05,109,專業一,5,A03,骨骼與關節,D,2,下列哪一構造沒有骨外膜 ( periosteum ) 的覆蓋？
109-專業一-06,109,專業一,6,A03,骨骼與關節,B,2,肩帶 ( pectoral girdle ) 中的哪塊骨骼連接到中軸骨 ( axial skeleton )？
109-專業一-07,109,專業一,7,A03,骨骼與關節,C,2,下列何者稱為隆椎 ( vertebra prominens )？
109-專業一-08,109,專業一,8,A03,骨骼與關節,C,2,閉孔 ( obturator foramen ) 是由下列哪兩塊骨骼構成？
109-專業一-09,109,專業一,9,A03,骨骼與關節,B,2,下列何種關節可做迴旋 ( circumduction ) 動作？
109-專業一-10,109,專業一,10,A04,肌肉系統,A,2,下列哪一條肌肉是由外旋神經 ( abducens nerve ) 所支配？
109-專業一-11,109,專業一,11,A04,肌肉系統,A,2,下列哪一條肌肉的止端 ( insertion ) 位於肱骨的大結節 ( greater tubercle )？
109-專業一-12,109,專業一,12,A04,肌肉系統,D,2,下列何者是正中神經 ( median nerve ) 支配的手部肌肉？
109-專業一-13,109,專業一,13,A04,肌肉系統,D,2,下列何者不是由閉孔神經 ( obturator nerve ) 支配的肌肉？
109-專業一-14,109,專業一,14,A05,神經系統,C,2,下列哪一小腦的纖維束連接橋腦 ( pons )？
109-專業一-15,109,專業一,15,A05,神經系統,D,2,舌後三分之一的味覺衝動是由下列何者傳送到中樞？
109-專業一-16,109,專業一,16,A05,神經系統,A,2,脊髓前角 ( anterior horn ) 負責下列何種神經訊息的傳遞？
109-專業一-17,109,專業一,17,A07,內分泌系統,B,2,分泌黑色素細胞刺激素 ( melanocyte-stimulating hormone ) 的細胞位於下列何處？
109-專業一-18,109,專業一,18,A09,心臟與血管,C,2,下列哪一條血管伴行著心大靜脈 ( great cardiac vein )？
109-專業一-19,109,專業一,19,A09,心臟與血管,A,2,後肋間動脈 ( posterior intercostal artery ) 主要是下列哪一條血管的直接分支？
109-專業一-20,109,專業一,20,A10,呼吸系統,D,2,呼吸道的哪一部位沒有軟骨 ( cartilage )？
109-專業一-21,109,專業一,21,A11,消化系統與營養代謝,A,2,下列何者將胃小彎 ( lesser curvature ) 與十二指腸連接在肝臟的下方？
109-專業一-22,109,專業一,22,A11,消化系統與營養代謝,B,2,總肝管 ( common hepatic duct ) 與下列何種構造會合形成總膽管 ( common bile duc
109-專業一-23,109,專業一,23,A12,泌尿系統、體液與酸鹼,D,2,下列何種構造的細胞具有大量的微絨毛 ( microvilli )？
109-專業一-24,109,專業一,24,A13,生殖系統與發育,C,2,下列有關精子 ( spermatozoa ) 的敘述，何者正確？
109-專業一-25,109,專業一,25,A13,生殖系統與發育,B,2,下列何者具有勃起海綿組織？
109-專業一-26,109,專業一,26,A01,人體概論、細胞與組織,A,2,下列何種胞器可將攝入的酒精氧化成為乙醛 ( acetaldehyde )？
109-專業一-27,109,專業一,27,A04,肌肉系統,A,2,下列有關多單位平滑肌 ( multiunit smooth muscle ) 特性的敘述，何者正確？
109-專業一-28,109,專業一,28,A04,肌肉系統,B,2,奧運一百公尺短跑選手小腿的腓腸肌中，何種肌肉纖維的比例明顯較一般人低？
109-專業一-29,109,專業一,29,A05,神經系統,A,2,某同學右手碰觸到剛煮沸的熱開水後立刻縮回，此動作屬於下列哪一種反射？
109-專業一-30,109,專業一,30,A05,神經系統,C,2,下列哪一種組織或器官不受副交感神經控制？
109-專業一-31,109,專業一,31,A05,神經系統,B,2,下列哪一種狀況最不可能發生於快速動眼睡眠 ( rapid eye movement sleep )？
109-專業一-32,109,專業一,32,A07,內分泌系統,D,2,下列有關腎上腺素 ( epinephrine ) 第二傳訊者的作用路徑，何者正確？ ( PDE = 磷酸雙酯酶；cAMP
109-專業一-33,109,專業一,33,A07,內分泌系統,D,2,一位50 歲的婦人因腫瘤而切除腦下腺，在沒有後續藥物治療時，最可能發生下列何種情況？
109-專業一-34,109,專業一,34,A07,內分泌系統,B,2,"下列有關甲狀腺素 ( thyroxine , T4 ) 的敘述，何者正確？"
109-專業一-35,109,專業一,35,A07,內分泌系統,C,2,醛固酮 ( aldosterone ) 分泌過量的症狀，下列何者錯誤？
109-專業一-36,109,專業一,36,A09,心臟與血管,B,2,下列哪一種變化可導致血管阻力增加最多？
109-專業一-37,109,專業一,37,A09,心臟與血管,D,2,下列何者代表心室射血期結束後，還留在心室內的血液量？
109-專業一-38,109,專業一,38,A08,血液、淋巴與免疫,送分,2,下列有關血漿蛋白質 ( plasma proteins ) 功能之敘述，何者錯誤？
109-專業一-39,109,專業一,39,A09,心臟與血管,C,2,一位健康的成年人捐血500 ml，經身體反射性代償，數分鐘後與捐血前相比何者最可能 增加？
109-專業一-40,109,專業一,40,A11,消化系統與營養代謝,D,2,嬰兒喝奶時常伴隨排便，主要是受到下列何者的調控？
109-專業一-41,109,專業一,41,A11,消化系統與營養代謝,C,2,食用富含下列何種營養素的食物後，胃排空速率最慢？
109-專業一-42,109,專業一,42,A11,消化系統與營養代謝,C,2,攝取含有乳糖的食物後，其主要之消化過程下列何者正確？
109-專業一-43,109,專業一,43,A10,呼吸系統,A,2,外呼吸 ( external respiration ) 可發生在下列哪個位置？
109-專業一-44,109,專業一,44,A10,呼吸系統,B,2,下列有關動脈血二氧化碳分壓 ( PCO2 ) 上升所引起的反應，何者正確？
109-專業一-45,109,專業一,45,A08,血液、淋巴與免疫,A,2,正常情況下，有關成人血紅素的特性與功能之敘述，何者正確？ ① 每個血紅素分子可攜帶 4 個氧分子 3 + ② 血紅素血基
109-專業一-46,109,專業一,46,A12,泌尿系統、體液與酸鹼,B,2,下列何者可降低腎臟尿液濃縮的能力？
109-專業一-47,109,專業一,47,A12,泌尿系統、體液與酸鹼,A,2,下列何種情況最可能增加人體腎小管的鉀離子分泌？
109-專業一-48,109,專業一,48,A12,泌尿系統、體液與酸鹼,A,2,下列何者是腎小管對於代謝性酸中毒 ( metabolic acidosis ) 的主要反應？
109-專業一-49,109,專業一,49,A13,生殖系統與發育,A,2,若用藥物阻斷成人睪丸萊氏細胞 ( Leydig cells ) 的黃體生成素 ( LH ) 接受器，將導致血漿LH 及睪
109-專業一-50,109,專業一,50,A13,生殖系統與發育,B,2,未懷孕的成年女性，其性腺生理功能之敘述，何者錯誤？
109-專業二-01,109,專業二,1,N08,安全、約束、姿勢與活動,C,2,為防止病人自拔鼻胃管，使用約束帶約束，何者較適當？
109-專業二-02,109,專業二,2,N08,安全、約束、姿勢與活動,B,2,何者不屬於體外輻射防護的原則？
109-專業二-03,109,專業二,3,N02,護理過程,B,2,有關「睡眠型態紊亂」護理診斷之導因 ( etiology ) ，何者適當？
109-專業二-04,109,專業二,4,N02,護理過程,D,2,有關護理目標的訂定，何者最適當？
109-專業二-05,109,專業二,5,N04,溝通與護病關係,D,2,非疫情期間，與剛入院意識清楚病人的第一次溝通，何者最適當？
109-專業二-06,109,專業二,6,N16,傷口照護與繃帶包紮,A,2,某高三學生 3 天前打籃球不慎右腳扭傷，現腳踝處仍微腫脹，以彈性繃帶採哪種型式包紮 最適當？
109-專業二-07,109,專業二,7,N05,感染控制與消毒滅菌,A,2,有關酒精 ( alcohol ) 消毒之敘述，何者正確？
109-專業二-08,109,專業二,8,N02,護理過程,A,2,何者屬於客觀資料？ ① 護理師觀察到病人臉色蒼白、冒冷汗 ② 看護敘述「他的血壓應該有高到 180」 ③ 檢驗師測出病人
109-專業二-09,109,專業二,9,N13,給藥與醫囑,A,2,有關藥物醫囑縮寫的說明，何者正確？
109-專業二-10,109,專業二,10,N11,營養與管灌飲食,B,2,有關營養的評估，何者正確？
109-專業二-11,109,專業二,11,N14,輸液、輸血與體液電解質,C,2,何者不屬於等張性靜脈輸液？
109-專業二-12,109,專業二,12,N16,傷口照護與繃帶包紮,D,2,有關捲軸繃帶包紮肢體過程的敘述，何者正確？
109-專業二-13,109,專業二,13,N08,安全、約束、姿勢與活動,B,2,意識不清或有吞嚥困難的病人，有利引流口鼻分泌物的姿勢為哪一種？
109-專業二-14,109,專業二,14,N04,溝通與護病關係,A,2,接受腹部手術的病人問：「我開完刀 3 天了，傷口怎麼還會痛？」此時護理人員的回答 何者最適當？
109-專業二-15,109,專業二,15,N02,護理過程,A,2,下列何者屬於症狀 ( symptoms ) ？ ① 臉色蒼白 ② 血壓高 ③ 呼吸音有喘鳴音 ④ 右腳無力 ⑤ 走路會喘
109-專業二-16,109,專業二,16,N10,個人衛生與皮膚照護（含壓傷）,A,2,有關壓傷 ( 壓瘡 ) 的護理，何者適當？
109-專業二-17,109,專業二,17,N09,休息與睡眠,D,2,有關睡眠障礙的敘述，何者正確？
109-專業二-18,109,專業二,18,N09,休息與睡眠,C,2,何者是處於「非快速動眼睡眠」的特性？
109-專業二-19,109,專業二,19,N08,安全、約束、姿勢與活動,A,2,長期臥床對人體造成的不良影響，何者正確？
109-專業二-20,109,專業二,20,N11,營養與管灌飲食,B,2,鼻胃管灌食之執行，何者正確？
109-專業二-21,109,專業二,21,N13,給藥與醫囑,C,2,醫囑「Mycomb Otic 1 drop A.U. h.s.」，其給藥途徑為何？
109-專業二-22,109,專業二,22,N11,營養與管灌飲食,A,2,放置鼻胃管的措施，何者正確？
109-專業二-23,109,專業二,23,N12,排泄（排尿、導尿、灌腸、排便）,B,2,某 76 歲病人髖關節置換手術後第 4 天未解便，牙齒不好進食軟質飲食，何者不屬於其 目前未排便的影響因素？
109-專業二-24,109,專業二,24,N10,個人衛生與皮膚照護（含壓傷）,A,2,病人採仰臥姿勢 ( Supine position ) 時，應特別注意哪些易形成壓傷 ( 壓瘡 ) 的壓力點？ ① 肩胛
109-專業二-25,109,專業二,25,N03,護理紀錄與交班,C,2,有關護理紀錄的敘述，何項不符合記錄的原則？
109-專業二-26,109,專業二,26,N10,個人衛生與皮膚照護（含壓傷）,A,2,病人主訴咽喉腫痛，建議給予何種漱口劑？
109-專業二-27,109,專業二,27,N05,感染控制與消毒滅菌,D,2,下列哪些疾病可透過空氣傳染？ ① 愛滋病 ② 水痘 ③ 瀰漫性帶狀疱疹 ④ 麻疹 ⑤ 登革熱 ⑥ 傷寒
109-專業二-28,109,專業二,28,N10,個人衛生與皮膚照護（含壓傷）,C,2,78 歲住院病人尾骶骨有發紅情形，評估病人有皮膚完整性受損的潛在危險，在執行身體 清潔時可使用何種方法促進尾骶骨血液循環
109-專業二-29,109,專業二,29,N06,生命徵象,D,2,病人同一日的體溫為 9 AM 39 ℃、1 PM 38 ℃、5 PM 40.5 ℃，屬於何種發燒型態？
109-專業二-30,109,專業二,30,N14,輸液、輸血與體液電解質,B,2,病人在短時間內輸入大量全血過程中，出現呼吸短促、心搏過速、血壓升高、水腫、 尿量減少、頸靜脈怒張、咳嗽及呼吸困難等症狀，
109-專業二-31,109,專業二,31,N10,個人衛生與皮膚照護（含壓傷）,B,2,有關足部護理的敘述，何者正確？ ① 傳染性皮膚炎是禁忌症 ② 雙足浸泡於 40 ℃ 溫水 15 分鐘後擦乾 ③ 糖尿病人
109-專業二-32,109,專業二,32,N12,排泄（排尿、導尿、灌腸、排便）,D,2,45 歲女病人無留置導尿管，術後 7 小時尚未自解小便，可藉由何種方式協助病人最適當？
109-專業二-33,109,專業二,33,N08,安全、約束、姿勢與活動,D,2,協助病人翻身或變換姿勢時，何者正確？
109-專業二-34,109,專業二,34,N12,排泄（排尿、導尿、灌腸、排便）,C,2,病人進食後 30 分鐘左右，請他到廁所嘗試解便，主要是運用哪一種腸道運動？
109-專業二-35,109,專業二,35,N06,生命徵象,C,2,病人的平均動脈壓為 150 mmHg，收縮壓為 180 mmHg，其脈搏壓為：
109-專業二-36,109,專業二,36,N06,生命徵象,C,2,有關呼吸型態的敘述，何者錯誤？
109-專業二-37,109,專業二,37,N06,生命徵象,A,2,有關人體輻射方式散熱，何者錯誤？
109-專業二-38,109,專業二,38,N15,冷熱療法,C,2,有關冷熱應用的敘述，何者錯誤？
109-專業二-39,109,專業二,39,N15,冷熱療法,C,2,有關溫水坐浴之敘述，何者錯誤？
109-專業二-40,109,專業二,40,N08,安全、約束、姿勢與活動,B,2,以圓滾木翻身法協助脊椎損傷病人移動時，何者正確？
109-專業二-41,109,專業二,41,N12,排泄（排尿、導尿、灌腸、排便）,B,2,24 歲女病人因尿道感染就診，主訴不喜歡喝沒味道的水，會盡量避免上班時上廁所。護理 衛教重點不包括：
109-專業二-42,109,專業二,42,N18,臨終與遺體護理,C,2,某癌症末期病人在得知治療失敗後，開始不吃不喝，不願說話並拒絕與人互動，有時會 流淚哭泣。病人的心理過程與照護重點，何者最
109-專業二-43,109,專業二,43,N13,給藥與醫囑,D,2,有關盤尼西林皮膚試驗 ( PST 或 PCT ) ，何者正確？ ① 採皮下注射法 ② 上臂外側是適當的注射部位 ③ 注
109-專業二-44,109,專業二,44,N13,給藥與醫囑,D,2,有關口服藥錠劑的說明，何者正確？
109-專業二-45,109,專業二,45,N07,檢體收集與檢查,B,2,協助病人收集糞便檢體進行細菌培養，何者適當？
109-專業二-46,109,專業二,46,N05,感染控制與消毒滅菌,C,2,有關傳染病房病人出院後之病室處理，何者不適當？
109-專業二-47,109,專業二,47,N06,生命徵象,A,2,有關老年病人服用毛地黃 ( digoxin ) 藥物之心跳測量，何者錯誤？
109-專業二-48,109,專業二,48,N13,給藥與醫囑,B,2,以胰島素空針為 60 歲，170 公分，90 公斤病人注射 RI 時，何者正確？ ① 大腿中段外側為其注射部位 ② 前臂
109-專業二-49,109,專業二,49,N01,護理專業、法規與醫療環境,D,2,一位 12 歲的糖尿病病人，其接受人體實驗之病歷保存，何者正確？
109-專業二-50,109,專業二,50,N13,給藥與醫囑,B,2,醫囑 Zaditen 0.25 mg / ml 1 gtt O.S. b.i.d.，Tetracycline eye o
109-國文-01,109,國文,1,C01,字音字形,C,2,下列文句中畫底線的詞語，何者用字完全正確？
109-國文-02,109,國文,2,C01,字音字形,D,2,下列文句，空格處的正確用字依序為何？ 在□條的冬日，一切都顯得□然乏味，因為你的到來，為我枯□的生活平添了幾許樂趣。
109-國文-03,109,國文,3,C01,字音字形,B,2,下列文句中，何者用字完全正確？
109-國文-04,109,國文,4,C03,詞語與成語運用,A,2,閱讀下文，空格處最適合填入的詞語依序是： 在北方，每屆嚴冬季節，大地雪凝冰封。此時百花凋謝，而梅竹獨秀；諸木零落，而□□
109-國文-05,109,國文,5,C03,詞語與成語運用,B,2,閱讀下文，空格處最適合填入的詞語依序是： 金庸作品集儘管歸入武俠小說一流，然其敷演史事，幻寫江湖；光怪陸離，□□□□。想
109-國文-06,109,國文,6,C03,詞語與成語運用,D,2,閱讀下文，空格處最適合填入的詞語依序是： 說故事大概是世界上最古老的行業之一，□□時代不同，展現的樣貌也不盡相同。□□是
109-國文-07,109,國文,7,C05,文句排序與安排,A,2,閱讀下文，判斷「就該高聳矗立在豔陽下」一句，最適合填入文中何處？ 親友送來當做門面的一層樓高的兩柱罐頭塔，每柱由九百罐飲
109-國文-08,109,國文,8,C05,文句排序與安排,A,2,下列 中，應填入何者，可使語意更完整？ 專家說， 。例如我們對離世母親的外表或聲音可能已模糊難憶，因為在五感中， 視覺、
109-國文-09,109,國文,9,C04,語法、修辭與表達,B,2,下列句子中，何者沒有冗贅的詞語？
109-國文-10,109,國文,10,C04,語法、修辭與表達,D,2,下列文句中畫底線處，何者有語意上的失誤而需要修改的情形？ 雖說成人每日的飲水量大約落在1500 ～ 2000 c. c.
109-國文-11,109,國文,11,C02,字詞義與詞語辨析,B,2,下列文句「」中的詞語，哪幾組的意思前後相同？ 甲：古之「學者」為己，今之學者為人 ／ 研究文章的歷史或理論的是文學家，是
109-國文-12,109,國文,12,C02,字詞義與詞語辨析,A,2,下列文句「」中的詞語意思皆為水酒容器，何者不是當名詞使用？
109-國文-13,109,國文,13,C02,字詞義與詞語辨析,B,2,下列選項「」中的詞語，何者解釋正確？
109-國文-14,109,國文,14,C08,文言文閱讀,C,2,閱讀下文，此篇故事的旨意在說明： 莊子之齊，見餓人而哀之，餓者從而求食，莊子曰：「吾已不食七日矣。」餓者吁曰：「吾見 過
109-國文-15,109,國文,15,C08,文言文閱讀,D,2,下列選項，何者符合下文所述黔婁及黔婁之妻所共同表現的精神？ 魯黔婁先生之妻也。先生死，曾子與門人往弔之。其妻出戶，曾子弔
109-國文-16,109,國文,16,C08,文言文閱讀,A,2,閱讀下文，依據文意選出正確的選項： 荒政難辦，不能有功，但求無過。須安撫之，不使哀鴻離散；控御之，不使烏合逞兇。 (《 
109-國文-17,109,國文,17,C08,文言文閱讀,B,2,閱讀下文，依據文意選出正確的選項： 東安一士人喜畫，作鼠一軸，獻之邑令。令初不知愛，漫懸於壁。旦而過之，軸必墜地，屢懸 
109-國文-18,109,國文,18,C09,白話文學閱讀,D,2,閱讀下文，關於文中寫作手法的敘述，何者正確？ 因為路是柏油馬路，地是水泥地，或紅磚鋪成的天井，此外就是鋼筋水泥的房子。青
109-國文-19,109,國文,19,C10,知識性與圖表閱讀,C,2,閱讀下文，選出最接近文意的選項： 凡是好書，必有文字沒有表達出來的部分，而且其真正受用之處也就在這裡。所包含沒字的 部分
109-國文-20,109,國文,20,C10,知識性與圖表閱讀,D,2,閱讀下文，選出最適合說明文章中「標籤」性質的選項： 創意就是要超越界限，重新定義事物和事物之間的關係。貼標籤的本能使人們
109-國文-21,109,國文,21,C09,白話文學閱讀,B,2,閱讀下文，判斷文中所書寫的對象為何？ 如果說額是懸崖，仰望是天空，那無聲無濤從天而降的瀑布——黑色的，便是了。（陳黎〈臉
109-國文-22,109,國文,22,C04,語法、修辭與表達,A,2,「說桃不可直說破桃，須用紅雨、劉郎等字；說柳不可直說破柳，須用章台、灞岸等字。」這句話 所強調的修辭法最接近下列何者？
109-國文-23,109,國文,23,C04,語法、修辭與表達,C,2,以兩種對立的觀念或事物來比較，以突顯意義或強調產品特性，是廣告常用的手法，例如「最大 的小車」。下列選項，何者也使用了相
109-國文-24,109,國文,24,C07,應用文,A,2,人際相處時為了表示客套，常會運用敬語和謙詞，以下用法何者正確？
109-國文-25,109,國文,25,C07,應用文,B,2,下列哪些題辭適合祝壽？ ( 甲 ) 慈竹長青 ( 乙 ) 鳳卜其昌 ( 丙 ) 松柏同春 ( 丁 ) 五福全歸 ( 戊 
109-國文-26,109,國文,26,C06,文學與國學常識,C,2,閱讀下下文，空格處處依序最適合合填入者為何何？ 甲、女女娃遊於東海海，溺而不返返，故為□□□，常銜西山山之木石，以以堙於
109-國文-27,109,國文,27,C06,文學與國學常識,A,2,某研討討會在探討清清代小說的寫寫作特色，下下列各組討論論書目，何者者完全正確 ？
109-國文-28,109,國文,28,C06,文學與國學常識,D,2,閱讀下下列新詩，判判斷詩句所描描述的是哪位位詩人之死？？ 看見水水／就想起你你／多年來／／你一直沒有有上岸……你你說你犯
109-國文-29,109,國文,29,C06,文學與國學常識,A,2,選出「「正史紀傳體體創始者」 、「合《論論》《孟》 《學》《庸庸》為四書者者」、「提 出知行合一一 學說者者」，依序為為
109-國文-30,109,國文,30,C06,文學與國學常識,B,2,若將甲、乙、丙三三區依序稱為為「先秦諸子子區」、「唐唐宋八大家區區」、「宋明明理學家區」，能否符合合 各區神神木名稱的類
109-國文-31,109,國文,31,C05,文句排序與安排,B,2,下列是是一段中間拆拆散的文句，請依文意選選出排列順序序最恰當的選選項︰ 疫情促促使民眾減少少外出吃飯，但一日三餐餐「食」
109-國文-32,109,國文,32,C05,文句排序與安排,B,2,下列是是一段中間拆拆散的文句，請依文意選選出排列順序序最恰當的選選項︰ 狗在生 物學的分類類裡，只是狼狼的某一亞種種而已
109-國文-33,109,國文,33,C08,文言文閱讀,D,2,據丙文記載，李白去桃花潭的原因為何？
109-國文-34,109,國文,34,C08,文言文閱讀,C,2,根據甲詩，下列選項何者正確？
109-國文-35,109,國文,35,C08,文言文閱讀,B,2,若依據上述詩文進行①、②兩項推論，其成立的可能性是： ①汪倫因經營萬家酒店而致富 ②袁枚的補述來自汪倫的後代
109-國文-36,109,國文,36,C08,文言文閱讀,C,2,上文主要從哪方面說明臺灣的防務扼塞？
109-國文-37,109,國文,37,C08,文言文閱讀,A,2,下列選項，何者符合上文文意？
109-國文-38,109,國文,38,C08,文言文閱讀,A,2,如外敵已拿下澎湖，欲直接進攻安平，依上文所述臺灣海防位置的重要性，臺灣應優先守住何處？
109-國文-39,109,國文,39,C08,文言文閱讀,C,2,依據上文，雁奴與雁群之間的關係，何者敘述正確？
109-國文-40,109,國文,40,C08,文言文閱讀,D,2,依據上文，下列關於捕雁者的敘述何者正確？
109-國文-41,109,國文,41,C08,文言文閱讀,C,2,依據上文，作者想要傳達的寓意，下列何者較為接近？
109-國文-42,109,國文,42,C10,知識性與圖表閱讀,C,2,依據上文，在靜電棉材料、加電方式等所有條件都一樣的前提下，下列關於口罩的敘述，何者錯誤？
109-國文-43,109,國文,43,C10,知識性與圖表閱讀,A,2,本文的段落要旨依序為何？
109-國文-44,109,國文,44,C10,知識性與圖表閱讀,C,2,依據上文，從工作環境推斷下列人員，何者更應該要提高口罩的更換頻率？
109-國文-45,109,國文,45,C09,白話文學閱讀,B,2,下列選項，何者最適合作為上文的主題？
109-國文-46,109,國文,46,C09,白話文學閱讀,D,2,下列文句，何者不是文中對現今山村的描述？
109-國文-47,109,國文,47,C09,白話文學閱讀,D,2,下列關於上文寫作手法的敘述，何者錯誤？
109-國文-48,109,國文,48,C10,知識性與圖表閱讀,D,2,依據上文，下列敘述何者正確？
109-國文-49,109,國文,49,C10,知識性與圖表閱讀,A,2,依據上文文意，文章末尾畫底線處，最適合填入下列哪一個選項？
109-國文-50,109,國文,50,C10,知識性與圖表閱讀,C,2,依據上文，作者寫作本文的主要意旨為何？
109-英文-01,109,英文,1,E01,字彙題,B,2,Jason wears glasses to help him see distant objects clearly 
109-英文-02,109,英文,2,E01,字彙題,D,2,Free samples of our factory’s products are available upon . 
109-英文-03,109,英文,3,E01,字彙題,A,2,These little pet pictures are so warm-looking and charming t
109-英文-04,109,英文,4,E01,字彙題,C,2,Michael’s paintings are so incredibly and full of details th
109-英文-05,109,英文,5,E01,字彙題,A,2,The blood bank is to the public to roll up their sleeves and
109-英文-06,109,英文,6,E01,字彙題,D,2,People should be warned not to take selfies at high areas in
109-英文-07,109,英文,7,E01,字彙題,C,2,The new collection of women’s clothing is teenagers because 
109-英文-08,109,英文,8,E01,字彙題,A,2,"Unlike fruits and vegetables, highly and unnatural foods suc"
109-英文-09,109,英文,9,E01,字彙題,C,2,Any unattended luggage and personal items at the airport wil
109-英文-10,109,英文,10,E01,字彙題,B,2,"Although Sammy and Stella are twins and look alike, they hav"
109-英文-11,109,英文,11,E01,字彙題,A,2,Isabella’s magazine subscription will be for a full year aft
109-英文-12,109,英文,12,E01,字彙題,C,2,An committee was formed to find out the cause of the helicop
109-英文-13,109,英文,13,E01,字彙題,B,2,"Visitors can take pictures of the Eiffel Tower in Paris, Fra"
109-英文-14,109,英文,14,E01,字彙題,C,2,The Chen family felt concerned that their holiday was likely
109-英文-15,109,英文,15,E01,字彙題,B,2,These figures aim to the various factors that have impacted 
109-英文-16,109,英文,16,E02,對話題,C,2,"Clerk: How may I help you? Bruce: Yes, I’d like two scoops o"
109-英文-17,109,英文,17,E02,對話題,D,2,"Tina: Happy Coffee Shop. Tina Chen speaking. Beth: Hi, Tina."
109-英文-18,109,英文,18,E02,對話題,B,2,"Lucy: Hello, this is Lucy Lin from Doctor Wang’s office. May"
109-英文-19,109,英文,19,E02,對話題,A,2,Ava: The supermarket down the street is selling everything a
109-英文-20,109,英文,20,E02,對話題,D,2,Bob: I need something to drink. Is there a vending machine i
109-英文-21,109,英文,21,E02,對話題,A,2,Sandy: Do you want to go on a trip with us to Hawaii this su
109-英文-22,109,英文,22,E02,對話題,B,2,Franklin: I’d like to change some US dollars into Japanese y
109-英文-23,109,英文,23,E02,對話題,D,2,"Jane: What are you doing, Paul? Paul: I’m packing for my cam"
109-英文-24,109,英文,24,E02,對話題,B,2,"Katy: Hey Jack, do you feel like going bowling? Jack: ______"
109-英文-25,109,英文,25,E02,對話題,C,2,"Nick: Hey, any news from the job you applied for? Rose: No. "
109-英文-26,109,英文,26,E03,綜合測驗（克漏字）,B,2,
109-英文-27,109,英文,27,E03,綜合測驗（克漏字）,C,2,
109-英文-28,109,英文,28,E03,綜合測驗（克漏字）,D,2,
109-英文-29,109,英文,29,E03,綜合測驗（克漏字）,A,2,
109-英文-30,109,英文,30,E03,綜合測驗（克漏字）,D,2,
109-英文-31,109,英文,31,E03,綜合測驗（克漏字）,A,2,
109-英文-32,109,英文,32,E03,綜合測驗（克漏字）,B,2,
109-英文-33,109,英文,33,E03,綜合測驗（克漏字）,D,2,
109-英文-34,109,英文,34,E03,綜合測驗（克漏字）,C,2,
109-英文-35,109,英文,35,E03,綜合測驗（克漏字）,A,2,
109-英文-36,109,英文,36,E03,綜合測驗（克漏字）,A,2,
109-英文-37,109,英文,37,E03,綜合測驗（克漏字）,C,2,
109-英文-38,109,英文,38,E03,綜合測驗（克漏字）,B,2,
109-英文-39,109,英文,39,E03,綜合測驗（克漏字）,B,2,
109-英文-40,109,英文,40,E03,綜合測驗（克漏字）,D,2,
109-英文-41,109,英文,41,E04,閱讀測驗,D,2,What is the main idea of the passage?
109-英文-42,109,英文,42,E04,閱讀測驗,A,2,"According to the passage, why can some fruits and vegetables"
109-英文-43,109,英文,43,E04,閱讀測驗,C,2,"According to the passage, which of the plants are usually gr"
109-英文-44,109,英文,44,E04,閱讀測驗,B,2,"According to the passage, which of the following statements "
109-英文-45,109,英文,45,E04,閱讀測驗,A,2,Which of the following inferences can be drawn from the pass
109-英文-46,109,英文,46,E04,閱讀測驗,D,2,What is the best title for this passage?
109-英文-47,109,英文,47,E04,閱讀測驗,A,2,Which of the following is NOT the reason why the authorities
109-英文-48,109,英文,48,E04,閱讀測驗,C,2,What is the third paragraph mainly about?
109-英文-49,109,英文,49,E04,閱讀測驗,B,2,"According to the passage, which of the following statements "
109-英文-50,109,英文,50,E04,閱讀測驗,D,2,Which of the following inferences can be drawn from the pass
110-專業一-01,110,專業一,1,A01,人體概論、細胞與組織,C,2,腹盆腔九分法的左右兩條線是由恥骨聯合 ( pubic symphysis ) 和下列哪一構造連線中點的 垂直線所構成？
110-專業一-02,110,專業一,2,A02,皮膚系統,B,2,毛囊 ( hair follicle ) 的縱切面可以看到： ① 髓質 ( medulla ) ② 內根鞘 ( inte
110-專業一-03,110,專業一,3,A01,人體概論、細胞與組織,D,2,左房室瓣 ( left atrioventricular valve ) 是屬於下列哪一種組織？
110-專業一-04,110,專業一,4,A01,人體概論、細胞與組織,B,2,下列何者是腸道黏膜上皮最接近管腔的細胞連接 ( cell junction )？
110-專業一-05,110,專業一,5,A03,骨骼與關節,B,2,內側半月板 ( medial meniscus ) 屬於下列哪一種構造？
110-專業一-06,110,專業一,6,A03,骨骼與關節,D,2,下列哪一種副鼻竇位於顏面骨 ( facial bones )？
110-專業一-07,110,專業一,7,A03,骨骼與關節,A,2,有關成人脊柱 ( vertebral column ) 的敘述，下列何者正確？
110-專業一-08,110,專業一,8,A03,骨骼與關節,C,2,下列何者屬於尺骨 ( ulna ) 近端的骨面構造？
110-專業一-09,110,專業一,9,A03,骨骼與關節,A,2,下列何者是包覆肩關節使其強固穩定的主要構造？
110-專業一-10,110,專業一,10,A04,肌肉系統,A,2,下列哪一條肌肉的起點 ( origin ) 位於肱骨的內上髁 ( medial epicondyle )？
110-專業一-11,110,專業一,11,A04,肌肉系統,D,2,以人體解剖學姿勢 ( anatomical position )，下列哪一條肌肉位於手掌的最淺最外側？
110-專業一-12,110,專業一,12,A04,肌肉系統,D,2,下列哪一條眼球外在肌 ( extrinsic eye muscles ) 收縮可使我們往外上方看？
110-專業一-13,110,專業一,13,A04,肌肉系統,A,2,下列哪一條肌肉收縮可使足底外翻及微屈？
110-專業一-14,110,專業一,14,A05,神經系統,D,2,下橄欖核 ( inferior olivary nucleus ) 位於下列何處？
110-專業一-15,110,專業一,15,A05,神經系統,A,2,下列何者的副交感神經纖維分布到淚腺及舌下腺？
110-專業一-16,110,專業一,16,A05,神經系統,C,2,下列哪一條肌肉是由胸長神經 ( long thoracic nerve ) 所支配？
110-專業一-17,110,專業一,17,A07,內分泌系統,C,2,胰臟蘭氏小島 ( islets of Langerhans ) 中的哪一種細胞會分泌體制素 ( somatostatin
110-專業一-18,110,專業一,18,A09,心臟與血管,B,2,下列哪一構造直接連接在心臟瓣膜的尖端？
110-專業一-19,110,專業一,19,A09,心臟與血管,C,2,上頜動脈 ( maxillary artery ) 是下列哪一條動脈的直接分支？
110-專業一-20,110,專業一,20,A10,呼吸系統,C,2,下列何者具有明顯的心臟切迹 ( cardiac notch )？
110-專業一-21,110,專業一,21,A11,消化系統與營養代謝,D,2,下列哪一構造具有防止大腸內容物逆流入小腸的調控？
110-專業一-22,110,專業一,22,A11,消化系統與營養代謝,A,2,下列哪一構造位於肝臟的右葉與方形葉之間？
110-專業一-23,110,專業一,23,A12,泌尿系統、體液與酸鹼,B,2,分泌腎素 ( renin ) 的細胞是由下列哪一條血管的平滑肌特化而來？
110-專業一-24,110,專業一,24,A13,生殖系統與發育,C,2,賽托利氏細胞 ( Sertoli cell ) 位於下列何處？
110-專業一-25,110,專業一,25,A13,生殖系統與發育,B,2,下列哪一種韌帶直接將卵巢連接於子宮的外上角？
110-專業一-26,110,專業一,26,A01,人體概論、細胞與組織,A,2,下列何種離子在多數細胞的細胞內液濃度最接近150 毫體積莫耳濃度 ( mM )？
110-專業一-27,110,專業一,27,A04,肌肉系統,B,2,與快肌纖維相較，下列有關慢肌纖維的敘述，何者正確？
110-專業一-28,110,專業一,28,A09,心臟與血管,B,2,有關心室肌細胞 ( ventricular cardiomyocyte ) 動作電位特徵的敘述，下列何者錯誤？
110-專業一-29,110,專業一,29,A06,感覺系統,A,2,當兩耳聽力相當且正常的情況下，若以耳塞塞住右耳，再將震動的音叉柄放在顱頂中 央，下列敘述何者正確？
110-專業一-30,110,專業一,30,A05,神經系統,D,2,下列何者是由膽鹼性神經纖維 ( cholinergic nerve fiber ) 興奮所引起的反應？
110-專業一-31,110,專業一,31,A05,神經系統,C,2,γ-胺基丁酸 ( GABA ) 與大腦神經元的GABAA受體結合後，引發突觸傳遞的過程，下列何 者錯誤？
110-專業一-32,110,專業一,32,A05,神經系統,B,2,有關大腦習慣化 ( habituation ) 的敘述，下列何者正確？
110-專業一-33,110,專業一,33,A07,內分泌系統,C,2,下列何者是由細胞膜磷脂質 ( phospholipids ) 所形成？
110-專業一-34,110,專業一,34,A07,內分泌系統,B,2,"有關心房利鈉胜肽 ( atrial natriuretic peptide, ANP ) 的敘述，下列何者正確？"
110-專業一-35,110,專業一,35,A07,內分泌系統,C,2,有關腎上腺皮質促素依賴型庫欣氏症候群 ( ACTH-dependent Cushing’s syndrome ) 的症 
110-專業一-36,110,專業一,36,A08,血液、淋巴與免疫,B,2,一位飲食均衡的女性卻發生缺鐵性貧血，下列何者是最可能的原因？
110-專業一-37,110,專業一,37,A09,心臟與血管,C,2,有關心臟節律點 ( pacemaker ) 的敘述，下列何者正確？
110-專業一-38,110,專業一,38,A09,心臟與血管,A,2,引起微血管膠體滲透壓 ( colloid osmotic pressure ) 下降的原因，下列何者錯誤？
110-專業一-39,110,專業一,39,A09,心臟與血管,B,2,下列何者可能是造成動脈血壓上升的原因？
110-專業一-40,110,專業一,40,A11,消化系統與營養代謝,A,2,當胰泌素 ( secretin ) 分泌增加後，胰液中何種物質的濃度會大幅上升？ 
110-專業一-41,110,專業一,41,A11,消化系統與營養代謝,C,2,胃酸可以活化下列何種物質的消化酶？
110-專業一-42,110,專業一,42,A11,消化系統與營養代謝,D,2,人體攝取富含脂肪的食物後，其消化與吸收作用的敘述，下列何者錯誤？
110-專業一-43,110,專業一,43,A10,呼吸系統,D,2,有關肺順應性 ( lung compliance ) 的敘述，下列何者錯誤？
110-專業一-44,110,專業一,44,A10,呼吸系統,A,2,運動後氧氣和血紅素親和力下降，最可能是血液中下列何種變化所導致？
110-專業一-45,110,專業一,45,A10,呼吸系統,D,2,在正常平靜吸氣後，肺內的體積為何？
110-專業一-46,110,專業一,46,A12,泌尿系統、體液與酸鹼,D,2,若缺乏抗利尿激素並且限水時，血漿滲透度 ( Posm )、血漿鈉離子濃度 Na (P ) + 最可能是下列 何種變化？
110-專業一-47,110,專業一,47,A12,泌尿系統、體液與酸鹼,C,2,下列動脈血氣體分析的結果由左到右分別為pH 值、 PaCO 2 ( mmHg )、 HCO3 ( mM )，何 者屬於未
110-專業一-48,110,專業一,48,A12,泌尿系統、體液與酸鹼,D,2,有關腎絲球過濾率 ( GFR ) 調控的敘述，下列何者正確？
110-專業一-49,110,專業一,49,A13,生殖系統與發育,A,2,下列哪一種胎盤激素主要是由胎兒的腎上腺及肝臟合成雄性素，再送至胎盤加以合成？
110-專業一-50,110,專業一,50,A13,生殖系統與發育,C,2,睪丸中的睪固酮 ( testosterone ) 濃度比血漿高，主要是下列何種蛋白的作用？
110-專業二-01,110,專業二,1,N06,生命徵象,B,2,病人一天24 小時當中，測量的最低及最高體溫各為38.2 °C、39.0 °C，其發燒型態最可能 是下列哪一種？
110-專業二-02,110,專業二,2,N10,個人衛生與皮膚照護（含壓傷）,A,2,協助鼻胃管留置病人進行口腔護理，下列何者不適當？
110-專業二-03,110,專業二,3,N13,給藥與醫囑,C,2,有關眼部給藥的敘述，下列何者正確？
110-專業二-04,110,專業二,4,N13,給藥與醫囑,D,2,甲藥的藥效為A，乙藥的藥效為B，兩藥同時使用的藥效為C，當C 小於A 加B，屬於 下列何者？
110-專業二-05,110,專業二,5,N13,給藥與醫囑,C,2,有關給藥醫囑的縮寫，下列敘述何者正確？ ①「dil.」：稀釋 ② 「pulv.」：懸浮液 ③「p.r.」：經由直腸 ④「
110-專業二-06,110,專業二,6,N07,檢體收集與檢查,B,2,以化學作用檢查糞便潛血 ( occult blood ) 可能出現偽陽性反應的原因，下列何者錯誤？
110-專業二-07,110,專業二,7,N06,生命徵象,A,2,有關熱衰竭 ( heat exhaustion ) 的敘述，下列何者正確？
110-專業二-08,110,專業二,8,N16,傷口照護與繃帶包紮,C,2,右肘關節至前臂有多處傷口的病人，家屬對於更換彈性繃帶的回應，下列何者表示家屬 對相關指導已經正確瞭解？
110-專業二-09,110,專業二,9,N08,安全、約束、姿勢與活動,A,2,為病人執行腕部全關節被動運動，不包括下列何項動作？
110-專業二-10,110,專業二,10,N02,護理過程,A,2,確認、組織、分析歸納所收集的資料，是屬於護理過程的哪一個步驟？
110-專業二-11,110,專業二,11,N10,個人衛生與皮膚照護（含壓傷）,A,2,有關足部護理的敘述，下列何者正確？ ① 腳趾甲宜修平 ② 硫酸鎂可以緩解乾燥的腳後跟 ③ 足部有水泡宜浸泡於37 °C 
110-專業二-12,110,專業二,12,N10,個人衛生與皮膚照護（含壓傷）,A,2,為有鼻胃管減壓 ( NG decompression ) 、存留導尿與右手有靜脈點滴注射的女病人進行床 上沐浴，下列敘述
110-專業二-13,110,專業二,13,N15,冷熱療法,C,2,給予產後婦女進行溫水坐浴，下列何者正確？ ① 選用1 ： 100 優碘溶液 ② 水溫應維持38 ～ 40 °C ③ 浸泡
110-專業二-14,110,專業二,14,N03,護理紀錄與交班,D,2,有關護理紀錄的書寫方式，下列何者正確？
110-專業二-15,110,專業二,15,N03,護理紀錄與交班,A,2,下列何者為「生命徵象紀錄表」TPR 欄位下方所記錄的內容？
110-專業二-16,110,專業二,16,N08,安全、約束、姿勢與活動,B,2,預防70 歲病人機械性傷害的措施，下列何者最適當？
110-專業二-17,110,專業二,17,N15,冷熱療法,A,2,有關冷熱應用的敘述，下列何者正確？
110-專業二-18,110,專業二,18,N10,個人衛生與皮膚照護（含壓傷）,A,2,有關背部按摩 – 按撫法 ( stroking ) 的敘述，下列何者正確？
110-專業二-19,110,專業二,19,N17,呼吸道照護與氧療,C,2,有關蒸氣吸入法的敘述，下列何者錯誤？
110-專業二-20,110,專業二,20,N08,安全、約束、姿勢與活動,B,2,有關臥式及其支托位置的敘述，下列何者正確？
110-專業二-21,110,專業二,21,N13,給藥與醫囑,B,2,有關刺激性藥物注射法的敘述，下列何者正確？
110-專業二-22,110,專業二,22,N13,給藥與醫囑,C,2,使用下列何種藥物易導致腹瀉？
110-專業二-23,110,專業二,23,N12,排泄（排尿、導尿、灌腸、排便）,C,2,有關清潔灌腸 ( cleansing enema ) 的敘述，下列何者正確？ ① 屬非保留性灌腸 ② 2 % 肥皂水為灌
110-專業二-24,110,專業二,24,N07,檢體收集與檢查,B,2,有關尿液分析結果，屬正常者為何？ ① 顏色：茶褐色 ② pH：7.1 ③ 尿比重：1.020 ④ 白血球：8 / hpf
110-專業二-25,110,專業二,25,N12,排泄（排尿、導尿、灌腸、排便）,B,2,有關導尿管移除前的導尿管訓練 ( foley training ) ，下列何者最適當？
110-專業二-26,110,專業二,26,N05,感染控制與消毒滅菌,C,2,下列何者屬於醫療照護相關感染？
110-專業二-27,110,專業二,27,N05,感染控制與消毒滅菌,D,2,有關消毒滅菌法的敘述，下列何者正確？
110-專業二-28,110,專業二,28,N05,感染控制與消毒滅菌,C,2,有關傳染病人病室及用物的終期消毒處理，下列何者正確？
110-專業二-29,110,專業二,29,N15,冷熱療法,B,2,有關冷熱應用的生理效應，下列何者正確？
110-專業二-30,110,專業二,30,N08,安全、約束、姿勢與活動,D,2,右小腿骨折以石膏固定的病人，對柺杖使用的回應，下列何者表示病人對相關指導已經 正確瞭解？
110-專業二-31,110,專業二,31,N06,生命徵象,B,2,下列哪些情況，會使體溫升高？ ① 禁食 ② 吸菸 ③ 排卵後 ④ 情緒壓力 ⑤ 大出血 ⑥ 甲狀腺機能亢進
110-專業二-32,110,專業二,32,N04,溝通與護病關係,D,2,對於專業性人際關係的敘述，下列何者正確？ ① 共同訂定以病人為中心的目標 ② 護理師必須自我表露才能獲得個案信任 ③ 護
110-專業二-33,110,專業二,33,N08,安全、約束、姿勢與活動,C,2,病人出現自我傷害行為，需進行約束保護病人，下列何者正確？
110-專業二-34,110,專業二,34,N06,生命徵象,C,2,有關血壓測量的敘述，下列何者正確？
110-專業二-35,110,專業二,35,N11,營養與管灌飲食,A,2,58 歲男性，身高168 cm、體重70 kg、體脂肪率26 %，依身體質量指數 ( BMI ) 計算，其 營養評估結果
110-專業二-36,110,專業二,36,N16,傷口照護與繃帶包紮,B,2,有關多頭帶包紮的應用，下列何者錯誤？
110-專業二-37,110,專業二,37,N06,生命徵象,C,2,進行下肢血管攝影檢查後，評估血循的最佳測量部位為：
110-專業二-38,110,專業二,38,N02,護理過程,B,2,有關症狀 ( symptoms ) 與徵象 ( signs ) 的敘述，下列何者正確？
110-專業二-39,110,專業二,39,N09,休息與睡眠,A,2,對於睡眠週期變化的敘述，下列何者正確？ ① 非快速動眼期的沉睡期睡眠有助傷口修復癒合 ② 快速動眼期的睡眠佔夜間睡眠時間
110-專業二-40,110,專業二,40,N09,休息與睡眠,C,2,有關睡眠障礙的敘述，下列何者正確？
110-專業二-41,110,專業二,41,N10,個人衛生與皮膚照護（含壓傷）,B,2,有關各種姿勢容易發生壓力性損傷的部位，下列何者錯誤？
110-專業二-42,110,專業二,42,N10,個人衛生與皮膚照護（含壓傷）,D,2,依據美國國家壓傷諮詢委員會對「壓力性損傷分級和定義」的敘述，下列何者正確？
110-專業二-43,110,專業二,43,N14,輸液、輸血與體液電解質,D,2,動脈氣體血液分析的結果為pH：7.52， Pa CO 2 ： 40 mmHg， Pa O 2 ：90 mmHg， HCO
110-專業二-44,110,專業二,44,N02,護理過程,D,2,有關護理診斷的敘寫，下列何者最適當？
110-專業二-45,110,專業二,45,N04,溝通與護病關係,D,2,護理師：「已經半夜了，明天一早還要去檢查，你怎麼還在追劇沒睡呢？」病人： 「累了我就會睡。」。上述的溝通是屬於柏恩 ( 
110-專業二-46,110,專業二,46,N18,臨終與遺體護理,A,2,臨終病人呼吸時不斷發出嘠嘠聲 ( death rattle ) ，讓家屬感到焦慮不安，下列何者不適當？
110-專業二-47,110,專業二,47,N11,營養與管灌飲食,B,2,為病人置入鼻胃管後「首次」執行灌食，下列何者不適當？
110-專業二-48,110,專業二,48,N11,營養與管灌飲食,B,2,衛教病人多攝取含維生素A 的食物，宜優先建議哪些食物？ ① 菠菜 ② 黑木耳 ③ 蛋黃 ④ 芒果 ⑤ 堅果 ⑥ 牛奶
110-專業二-49,110,專業二,49,N13,給藥與醫囑,D,2,有關服用藥物的注意事項，下列何者錯誤？
110-專業二-50,110,專業二,50,N14,輸液、輸血與體液電解質,C,2,有關輸血「不良反應」的敘述，下列何者正確？
110-國文-01,110,國文,1,C01,字音字形,D,2,下列選項，何者沒有錯別字？
110-國文-02,110,國文,2,C01,字音字形,A,2,某班級舉行成語填空比賽，只要文字書寫正確，每□可得一分，以下四位學生何者得分 最高？ 亦步亦□ ／ 無遠弗□ ／ 指桑罵
110-國文-03,110,國文,3,C03,詞語與成語運用,A,2,閱讀下文，空格處最適合填入的詞語依序是： 之前的我，總以人生導師的角色面對你們。□□隨著你們的日漸成熟，我們的角色開始 
110-國文-04,110,國文,4,C03,詞語與成語運用,B,2,閱讀下文，空格處最適合填入的詞語依序是： 通木微微皺眉，說道：「峰師兄，瓦崗的英雄們□□□□，令人佩服。然而這些血性男子
110-國文-05,110,國文,5,C03,詞語與成語運用,C,2,閱讀下文，空格處最適合填入的詞語依序是： 電玩遊戲成為娛樂主流已是既成事實，從大數據、心理學、神經學，到人工智慧廣泛 運
110-國文-06,110,國文,6,C05,文句排序與安排,A,2,閱讀下文，判斷「像是掉了一地的繁星」一句，最適合填入文中何處？ 沙灘上撒滿了閃亮的貝殼， 甲 。那孩子撿起一個貝殼看看，
110-國文-07,110,國文,7,C04,語法、修辭與表達,D,2,下列句子，何者沒有語病？
110-國文-08,110,國文,8,C05,文句排序與安排,C,2,下列 中，應填入何者，可使語意更完整？ 紐西蘭青年魯本隻身來臺旅行，走入森林後音訊杳然。一般而言，登山健行最
110-國文-09,110,國文,9,C04,語法、修辭與表達,C,2,說話或行文常運用遞進 ( 遞減 ) 關係以發揮強調的作用，除依程度輕重順序，並應符合邏 輯。下列語句所運用的遞進 ( 遞
110-國文-10,110,國文,10,C04,語法、修辭與表達,B,2,以下是一則衛教新聞，文句 ( 甲 ) ( 乙 ) ( 丙 ) ( 丁 ) 何者沒有冗贅的現象？ 電子煙多含有尼古丁、甲醛
110-國文-11,110,國文,11,C02,字詞義與詞語辨析,B,2,下列選項中的「無狀」，何者解釋正確？
110-國文-12,110,國文,12,C02,字詞義與詞語辨析,D,2,下列選項「」中的詞語，何者意義與其他不同？
110-國文-13,110,國文,13,C02,字詞義與詞語辨析,B,2,下列「」內的詞語與意義通同的字，何者錯誤？
110-國文-14,110,國文,14,C08,文言文閱讀,B,2,閱讀下文，判斷東方朔「竊飲之」最可能的用意為何？ 武帝時，有獻不死之酒者，東方朔竊飲之。帝怒，欲殺朔。朔曰：「臣所飲，不
110-國文-15,110,國文,15,C08,文言文閱讀,D,2,下列選項，何者最接近「使齊人傅之」所主張的學習觀念？ 「有楚大夫於此，欲其子之齊語也，則使齊人傅諸？使楚人傅諸？」「使齊
110-國文-16,110,國文,16,C08,文言文閱讀,D,2,依據下文對領導者特質的敘述，下列選項何者正確？ 主德者，聰明平淡，達眾材而不以事自任者也。是故主道立，則眾材各得其任也。
110-國文-17,110,國文,17,C08,文言文閱讀,A,2,閱讀下文，判斷「去趣愈遠」的原因： 夫趣得之自然者深，得之學問者淺……迨夫年漸長，官漸高，品漸大，有身如梏，有心 如棘，
110-國文-18,110,國文,18,C08,文言文閱讀,B,2,閱讀下文，作者所表達的感懷與下列何者最為接近？ 一片歡場，鞠為茂草，紅牙碧串，妙舞清歌，不可得而聞也；洞房綺疏，湘簾綉幕
110-國文-19,110,國文,19,C09,白話文學閱讀,C,2,閱讀下文，依據文意選出正確的選項： 屋子裡攏著爐火，老爺吩咐開窗買水果，說「天氣不冷火太熱，別任它烤壞了我。」 屋子外躺
110-國文-20,110,國文,20,C09,白話文學閱讀,A,2,閱讀下文，請判斷「他總是穿學校制服」最可能的動機： 他寄住在板橋親戚家，親戚做的是承包辦公大樓清潔的生意，假日或寒暑假他
110-國文-21,110,國文,21,C09,白話文學閱讀,C,2,閱讀下文，作者先後兩次指出「掃興」的感受，其可能原因分別為下列何者？ 年輕的時候，參加長輩的宴會，不甚能了解何以每當一道
110-國文-22,110,國文,22,C04,語法、修辭與表達,D,2,古文語法常有省略主、受詞的情形，請閱讀下文，判斷下列選項中對主、受詞省略的說 明，何者正確？ 范增數目項王，(甲)舉所佩
110-國文-23,110,國文,23,C04,語法、修辭與表達,B,2,在「孟嘗君為相數十年，無纖介之禍者，馮諼之計也」一句中，將時間名詞「數十年」 置於動詞之後，意在補充說明孟嘗君為相的行為
110-國文-24,110,國文,24,C09,白話文學閱讀,D,2,閱讀下列現代詩，關於詩中畫線處的解說，何者正確？ (甲)風狂，雨點急如過橋的鞋聲 ／ 是你倉促赴約的腳步？ ／ 撐著那把
110-國文-25,110,國文,25,C06,文學與國學常識,B,2,某出版社欲出版一套「中國古典章回小說」系列叢書，為增加銷售量，特為此叢書寫了 一篇宣傳文案，其中所選書目，何者錯誤？ 創
110-國文-26,110,國文,26,C05,文句排序與安排,A,2,閱讀下文，文中畫線處應填入語句的編號順序何者最恰當？ 使用鉛筆具有一種悠閒的態度，因為它需要「削」，自動鉛筆當然不算。能
110-國文-27,110,國文,27,C07,應用文,A,2,以下是小華寫給母親的一封家書，下列選項何者完全錯誤？ 母親大人台鑒(甲)： 您所寄禦寒衣物，兒已收到，值此歲末寒冬之時備
110-國文-28,110,國文,28,C06,文學與國學常識,B,2,以下是小名的閱讀心得，請根據書寫內容判斷應該屬於哪一本書？ •以禮為宗，以為禮是治人治世的最佳工具。 •主張積善化性，強
110-國文-29,110,國文,29,C06,文學與國學常識,C,2,下文是某舞台劇的廣告文案，請判斷此劇改編自哪一位作家的文學作品？ 魯冰花 本劇改編自臺灣文學之 母的經典小說，藉由一 個
110-國文-30,110,國文,30,C08,文言文閱讀,D,2,下列選項，何者符合甲文的文意？
110-國文-31,110,國文,31,C08,文言文閱讀,B,2,依甲文文意，乙表中的作者是以何種類別的稱呼呈現？
110-國文-32,110,國文,32,C08,文言文閱讀,A,2,依乙表目錄，判斷下列選項中的作者與卷別，何者符合甲文「一人之詞，時割數首入前後 卷」的說法？
110-國文-33,110,國文,33,C08,文言文閱讀,B,2,燕將之所以死守聊城的原因為何？
110-國文-34,110,國文,34,C08,文言文閱讀,D,2,下列關於上文文意的敘述，何者正確？
110-國文-35,110,國文,35,C08,文言文閱讀,C,2,下列關於上文畫底線處說服策略的說明，請選出正確選項： ①說之以理：以燕將勿從俗而應作真正的智勇雙全者 ②誘之以利：以燕國
110-國文-36,110,國文,36,C08,文言文閱讀,C,2,下列「」內語句的詮釋，何者正確？
110-國文-37,110,國文,37,C08,文言文閱讀,B,2,依據上文，作者認為竹「翦棄若是，本性猶存」，以下何者最能說明其本性？
110-國文-38,110,國文,38,C08,文言文閱讀,C,2,依據上文，作者寫作本文的主要意旨為何？
110-國文-39,110,國文,39,C10,知識性與圖表閱讀,A,2,依上文，分類詞與量詞完全相同之處為下列何者？
110-國文-40,110,國文,40,C10,知識性與圖表閱讀,B,2,下列關於分類詞與量詞的比較，何者正確？
110-國文-41,110,國文,41,C10,知識性與圖表閱讀,D,2,依上文，判斷下列選項「」中的詞類說明，何者正確？
110-國文-42,110,國文,42,C10,知識性與圖表閱讀,A,2,依上列文、圖，畫線處 甲 應該填入下列哪一個選項較為合適？
110-國文-43,110,國文,43,C10,知識性與圖表閱讀,C,2,依上列文、圖，下列何者最有可能是臺灣的工時比例圖？( 標準工時 加班工時) 27% 26%
110-國文-44,110,國文,44,C10,知識性與圖表閱讀,A,2,下列關於本文的敘述，何者正確？
110-國文-45,110,國文,45,C09,白話文學閱讀,D,2,依據 ( 甲 ) ( 乙 ) 文對巴布．狄倫的敘述，何者正確？
110-國文-46,110,國文,46,C09,白話文學閱讀,C,2,( 甲 ) ( 乙 ) 文分析評論的角度分別為何？
110-國文-47,110,國文,47,C09,白話文學閱讀,A,2,下列關於( 甲 ) ( 乙 ) 文寫作脈絡的說明，請選出正確選項： ①甲文先肯定巴布．狄倫獲獎成就，再分析創作內涵 ②乙
110-國文-48,110,國文,48,C10,知識性與圖表閱讀,D,2,依據上文，使臺灣食材在地化的因素，下列何者並未提及？
110-國文-49,110,國文,49,C10,知識性與圖表閱讀,A,2,依據上文，下列敘述何者符合文中提及的觀點？
110-國文-50,110,國文,50,C10,知識性與圖表閱讀,B,2,關於本文的文意脈絡，哪一個選項順序正確？
110-英文-01,110,英文,1,E01,字彙題,A,2,"While learning how to ride a bicycle, Johnny has come to rea"
110-英文-02,110,英文,2,E01,字彙題,C,2,We need to decide what sales strategy we should for encourag
110-英文-03,110,英文,3,E01,字彙題,D,2,As soon as the lifeguard saw someone nearly drown in the swi
110-英文-04,110,英文,4,E01,字彙題,B,2,"Nancy is good at managing her money, and she places a of her"
110-英文-05,110,英文,5,E01,字彙題,A,2,A new to teaching in Taiwan is the flipped classroom where s
110-英文-06,110,英文,6,E01,字彙題,C,2,"As climate change has already happened on Earth, scientists "
110-英文-07,110,英文,7,E01,字彙題,A,2,Engineers have been fixing the computer system since it sudd
110-英文-08,110,英文,8,E01,字彙題,D,2,Children should learn to express their to others whenever th
110-英文-09,110,英文,9,E01,字彙題,C,2,People in Taiwan can COVID-19 vaccines produced by global co
110-英文-10,110,英文,10,E01,字彙題,B,2,"Hotels provide most doors with ""Do Not "" signs so that the s"
110-英文-11,110,英文,11,E01,字彙題,A,2,The tour guide told the tourists when to in front of the fou
110-英文-12,110,英文,12,E01,字彙題,D,2,Henry has been constantly warned by the manager that his bad
110-英文-13,110,英文,13,E01,字彙題,B,2,"In addition to science fiction, young adults enjoy reading l"
110-英文-14,110,英文,14,E01,字彙題,C,2,Some people like to shop at the wholesale store because they
110-英文-15,110,英文,15,E01,字彙題,A,2,George still actively engages in learning and education to i
110-英文-16,110,英文,16,E02,對話題,D,2,Robert: Excuse me. Is this the bus going to the train statio
110-英文-17,110,英文,17,E02,對話題,B,2,Peter: Let's discuss where to eat with our guests after the 
110-英文-18,110,英文,18,E02,對話題,C,2,"Liam: Hi, Alison. Do you have any hobbies after school? Alis"
110-英文-19,110,英文,19,E02,對話題,B,2,Mike: My friends are raving about Netflix's newest hit The Q
110-英文-20,110,英文,20,E02,對話題,A,2,Susan: I'm starving. Let's grab a bite. Teddy: What kind of 
110-英文-21,110,英文,21,E02,對話題,D,2,Tiffany: I'd like to get a part-time job this semester since
110-英文-22,110,英文,22,E02,對話題,A,2,Aaron: Do you have the sales proposal with you? Mike: Hold o
110-英文-23,110,英文,23,E02,對話題,C,2,"Joan: What do you want for your birthday gift? Betty: Mom, m"
110-英文-24,110,英文,24,E02,對話題,B,2,Jacky: Is it safe to travel in the States during the pandemi
110-英文-25,110,英文,25,E02,對話題,D,2,"Tina: Hi, Alan. _______________ Alan: The 2020 Nobel prize w"
110-英文-26,110,英文,26,E03,綜合測驗（克漏字）,B,2,
110-英文-27,110,英文,27,E03,綜合測驗（克漏字）,D,2,
110-英文-28,110,英文,28,E03,綜合測驗（克漏字）,A,2,
110-英文-29,110,英文,29,E03,綜合測驗（克漏字）,C,2,
110-英文-30,110,英文,30,E03,綜合測驗（克漏字）,B,2,
110-英文-31,110,英文,31,E03,綜合測驗（克漏字）,D,2,
110-英文-32,110,英文,32,E03,綜合測驗（克漏字）,C,2,
110-英文-33,110,英文,33,E03,綜合測驗（克漏字）,A,2,
110-英文-34,110,英文,34,E03,綜合測驗（克漏字）,B,2,
110-英文-35,110,英文,35,E03,綜合測驗（克漏字）,D,2,
110-英文-36,110,英文,36,E03,綜合測驗（克漏字）,C,2,
110-英文-37,110,英文,37,E03,綜合測驗（克漏字）,D,2,
110-英文-38,110,英文,38,E03,綜合測驗（克漏字）,B,2,
110-英文-39,110,英文,39,E03,綜合測驗（克漏字）,C,2,
110-英文-40,110,英文,40,E03,綜合測驗（克漏字）,A,2,
110-英文-41,110,英文,41,E04,閱讀測驗,D,2,What is the main idea of the passage?
110-英文-42,110,英文,42,E04,閱讀測驗,B,2,Which of the following is closest in meaning to the word mis
110-英文-43,110,英文,43,E04,閱讀測驗,D,2,"According to the passage, which of the following is the key "
110-英文-44,110,英文,44,E04,閱讀測驗,A,2,"According to the passage, which of the following statements "
110-英文-45,110,英文,45,E04,閱讀測驗,C,2,Which of the following inferences can be drawn from the pass
110-英文-46,110,英文,46,E04,閱讀測驗,A,2,What is the main idea of the passage?
110-英文-47,110,英文,47,E04,閱讀測驗,A,2,"According to the passage, how can video conferencing increas"
110-英文-48,110,英文,48,E04,閱讀測驗,B,2,"According to the passage, which of the following is consider"
110-英文-49,110,英文,49,E04,閱讀測驗,D,2,"According to the passage, which of the following statements "
110-英文-50,110,英文,50,E04,閱讀測驗,C,2,Which of the following inferences can be drawn from the pass
111-專業一-01,111,專業一,1,A01,人體概論、細胞與組織,B,2,下列有關人體器官對應在腹盆腔九分法的敘述，何者正確？
111-專業一-02,111,專業一,2,A02,皮膚系統,C,2,真皮乳頭 ( dermal papillae ) 與下列哪一構造交錯嵌合？
111-專業一-03,111,專業一,3,A01,人體概論、細胞與組織,C,2,下列有關上皮組織的敘述，何者正確？
111-專業一-04,111,專業一,4,A01,人體概論、細胞與組織,A,2,下列哪一構造的軟骨屬於彈性軟骨 ( elastic cartilage ) ？
111-專業一-05,111,專業一,5,A03,骨骼與關節,A,2,下列哪一構造中有造骨細胞 ( osteoblast ) ？
111-專業一-06,111,專業一,6,A03,骨骼與關節,B,2,下列何者是人體肩胛骨 ( scapula ) 前面的骨面標記 ( bone surface markings ) ？
111-專業一-07,111,專業一,7,A04,肌肉系統,A,2,股四頭肌的止端 ( insertion ) 肌腱終止於下列哪一構造？
111-專業一-08,111,專業一,8,A03,骨骼與關節,D,2,三叉神經下頜枝 ( mandibular division of trigeminal nerve ) 通過下列哪一塊骨
111-專業一-09,111,專業一,9,A03,骨骼與關節,C,2,「回眸一笑」的頸部動作會用到下列哪一種類型的滑液關節 ( synovial joint ) ？
111-專業一-10,111,專業一,10,A08,血液、淋巴與免疫,A,2,胸管 ( thoracic duct ) 通過橫膈膜上的哪一個構造？
111-專業一-11,111,專業一,11,A04,肌肉系統,A,2,下列哪一塊肌肉收縮可以使上臂外展？
111-專業一-12,111,專業一,12,A04,肌肉系統,B,2,下列何種肌肉收縮可屈曲蹠趾關節及伸展趾間關節？
111-專業一-13,111,專業一,13,A04,肌肉系統,B,2,「伸舌頭」這個動作會使用到下列哪一條肌肉？
111-專業一-14,111,專業一,14,A05,神經系統,D,2,下列何者是屬於脊髓白質的構造？
111-專業一-15,111,專業一,15,A05,神經系統,C,2,下列哪一段神經叢的腹側枝組成梨狀肌神經 ( piriformis nerve ) ？
111-專業一-16,111,專業一,16,A05,神經系統,D,2,下列哪一條腦神經受損後會失去舌後三分之一的一般感覺？
111-專業一-17,111,專業一,17,A07,內分泌系統,B,2,分泌泌乳激素 ( prolactin ) 的細胞是位於下列哪一部位？
111-專業一-18,111,專業一,18,A09,心臟與血管,D,2,下列哪一條血管會直接匯入膕靜脈 ( popliteal vein ) ？
111-專業一-19,111,專業一,19,A09,心臟與血管,A,2,冠狀動脈 ( coronary artery ) 是由下列哪一條血管直接分支而來？
111-專業一-20,111,專業一,20,A10,呼吸系統,C,2,下列哪一種構造具有軟骨 ( cartilage ) ？
111-專業一-21,111,專業一,21,A11,消化系統與營養代謝,B,2,下列有關肝臟表面韌帶的敘述，何者正確？
111-專業一-22,111,專業一,22,A11,消化系統與營養代謝,D,2,肝臟所分泌的膽汁是經由下列哪一構造注入膽管？
111-專業一-23,111,專業一,23,A12,泌尿系統、體液與酸鹼,D,2,在排尿的過程中，下列哪一個構造是由自主意識所控制？
111-專業一-24,111,專業一,24,A13,生殖系統與發育,C,2,精子產生後最先游動至下列何處？
111-專業一-25,111,專業一,25,A13,生殖系統與發育,B,2,下列何者是子宮動脈分支至子宮內膜功能層的血管？
111-專業一-26,111,專業一,26,A01,人體概論、細胞與組織,D,2,下列體液中，何者所含的鉀離子濃度最高？
111-專業一-27,111,專業一,27,A04,肌肉系統,A,2,下列何者可抑制乙醯膽鹼酯酶 ( acetylcholinesterase ) ，導致神經肌肉連接處乙醯膽鹼 濃度增加？
111-專業一-28,111,專業一,28,A09,心臟與血管,B,2,下列何者最可能使心肌細胞停止收縮？
111-專業一-29,111,專業一,29,A05,神經系統,A,2,數個突觸前神經末稍同時將訊息傳遞到同一個突觸後神經元，導致突觸後神經元膜電位 變化的現象為何？
111-專業一-30,111,專業一,30,A05,神經系統,A,2,一位失語症 ( aphasia ) 病人，雖然可聽懂他人說的話，但自己卻很少開口，並且說話不 流暢，最可能是下列哪個腦區
111-專業一-31,111,專業一,31,A05,神經系統,A,2,當醫師輕劃二十歲的車禍傷患足底外緣時，出現大拇趾背屈 ( dorsiflexion ) ，其他四趾呈 現扇形張開的反應，
111-專業一-32,111,專業一,32,A05,神經系統,C,2,具有自主神經系統雙重神經支配 ( dual innervation ) 且為拮抗作用 ( antagonistic ef
111-專業一-33,111,專業一,33,A07,內分泌系統,D,2,血漿中缺乏下列何種物質最可能造成續發性副甲狀腺機能亢進 ( secondary hyperparathyroidism 
111-專業一-34,111,專業一,34,A07,內分泌系統,D,2,有關胰島素 ( insulin ) 的作用速率，由快至慢的順序，下列何者正確？ ① 增加脂質合成 ② 抑制糖質新生作用之
111-專業一-35,111,專業一,35,A08,血液、淋巴與免疫,B,2,可以刺激紅血球生成素 ( erythropoietin ) 分泌的因素，下列何者錯誤？
111-專業一-36,111,專業一,36,A12,泌尿系統、體液與酸鹼,A,2,一位成人身體浸入深及頸部的水中 2 小時，產生的生理反應何者正確？
111-專業一-37,111,專業一,37,A09,心臟與血管,A,2,記錄心電圖第 II 標準肢導 ( standard limb leads ) 的正負極電極接觸位置，下列何者正確？
111-專業一-38,111,專業一,38,A08,血液、淋巴與免疫,C,2,有關 Rh 陽性 A 型血液者的敘述，下列何者錯誤？
111-專業一-39,111,專業一,39,A09,心臟與血管,D,2,心動週期 ( cardiac cycle ) 中心室壓力上升最快與降幅最大的時期，分別是下列哪兩期？ ① 心室充血期 (
111-專業一-40,111,專業一,40,A11,消化系統與營養代謝,B,2,膽鹽 ( bile salt ) 主要在消化道的哪一段落，以鈉離子 － 膽鹽共同運輸 ( Na + - bile sal
111-專業一-41,111,專業一,41,A11,消化系統與營養代謝,C,2,正常情況下，口服葡萄糖比注射葡萄糖使胰島素更快分泌，主要是因為小腸內葡萄糖會 刺激下列何種激素分泌所致？
111-專業一-42,111,專業一,42,A11,消化系統與營養代謝,D,2,有關母乳中免疫球蛋白的吸收方式，下列何者最能增加新生兒的被動免疫 ( passive immunity) ？
111-專業一-43,111,專業一,43,A10,呼吸系統,D,2,有關赫 – 鮑二氏反射 ( Hering - Breuer reflex ) 的敘述，下列何者正確？
111-專業一-44,111,專業一,44,A10,呼吸系統,B,2,劇烈運動時伴隨著呼吸頻率加快，不可能是下列何種原因所致？
111-專業一-45,111,專業一,45,A10,呼吸系統,B,2,下列何種原因會造成氧 – 血紅素解離曲線 ( oxygen - hemoglobin dissociation curv
111-專業一-46,111,專業一,46,A12,泌尿系統、體液與酸鹼,C,2,腎絲球過濾的氯離子，可在何處與鉀離子以及鈉離子經共同運輸蛋白 ( cotransporter ) 運送 到腎小管細胞中？
111-專業一-47,111,專業一,47,A12,泌尿系統、體液與酸鹼,B,2,有關肌酸酐 ( creatinine ) 的敘述，下列何者錯誤？
111-專業一-48,111,專業一,48,A12,泌尿系統、體液與酸鹼,D,2,在腎功能不足 ( renal insufficiency ) 的狀況下，血漿中下列何種物質的濃度最可能下降？
111-專業一-49,111,專業一,49,A13,生殖系統與發育,C,2,有關抗穆勒氏管激素 ( anti - Müllerian hormone ) 的敘述，下列何者正確？
111-專業一-50,111,專業一,50,A13,生殖系統與發育,C,2,"產後 2 週仍持續全母乳親餵的母親，其體內動情素 ( estrogen, E ) 與黃體素 ( progesterone"
111-專業二-01,111,專業二,1,N10,個人衛生與皮膚照護（含壓傷）,A,2,有關頭髮護理的敘述，下列何者最適當？
111-專業二-02,111,專業二,2,N08,安全、約束、姿勢與活動,C,2,病人可將肢體抬高，輕壓其肢體即落下，此肌肉力量評估屬於哪一等級？
111-專業二-03,111,專業二,3,N08,安全、約束、姿勢與活動,C,2,有關約束的措施，下列何者最適當？
111-專業二-04,111,專業二,4,N05,感染控制與消毒滅菌,D,2,有關出院終期消毒的敘述，下列何者錯誤？
111-專業二-05,111,專業二,5,N02,護理過程,A,2,下列護理診斷，何者需要最優先處理？
111-專業二-06,111,專業二,6,N02,護理過程,A,2,下列何者為主觀資料 ( subjective data ) ？
111-專業二-07,111,專業二,7,N10,個人衛生與皮膚照護（含壓傷）,C,2,為女病人進行會陰沖洗的敘述，何者最適當？
111-專業二-08,111,專業二,8,N15,冷熱療法,B,2,泡溫泉出現頭暈、脈搏變快、呼吸加速，此現象屬於何種用熱反應？
111-專業二-09,111,專業二,9,N12,排泄（排尿、導尿、灌腸、排便）,D,2,造成反射性尿失禁的因素，何者正確？
111-專業二-10,111,專業二,10,N13,給藥與醫囑,C,2,為病人施行盤尼西林皮膚試驗 ( Penicillin skin test ) 的敘述，何者正確？
111-專業二-11,111,專業二,11,N10,個人衛生與皮膚照護（含壓傷）,B,2,下列何者不宜進行背部按摩？ ① 70 歲者 ② 心臟病 ③ 糖尿病 ④ 前、後胸有帶狀疱疹 ⑤ 血小板過低
111-專業二-12,111,專業二,12,N01,護理專業、法規與醫療環境,A,2,有關醫療環境設置的敘述，下列何者正確？
111-專業二-13,111,專業二,13,N02,護理過程,D,2,有關護理目標訂定的敘述，下列何者最適當？
111-專業二-14,111,專業二,14,N11,營養與管灌飲食,B,2,有關促進傷口癒合功能的營養素，下列何者正確？ ① 維生素 B12 ② 維生素 C ③ 磷 ( phosphorus ) 
111-專業二-15,111,專業二,15,N08,安全、約束、姿勢與活動,A,2,有關制動對於營養代謝的影響，下列護理措施何者正確？
111-專業二-16,111,專業二,16,N11,營養與管灌飲食,B,2,以鼻胃管灌食的病人出現腹瀉，可能的原因為何？ ① 配方為低濃度 ② 灌食速度過快 ③ 病人採平躺姿勢 ④ 配方溫度過低
111-專業二-17,111,專業二,17,N14,輸液、輸血與體液電解質,A,2,血清鉀離子 ( potassium ) 為 2.7 mEq / L，可能出現的症狀或徵象何者正確？ ① 腸蠕動音減少 ②
111-專業二-18,111,專業二,18,N10,個人衛生與皮膚照護（含壓傷）,C,2,為軟弱無力且呈張口呼吸的病人進行口腔護理，何者最適當？
111-專業二-19,111,專業二,19,N05,感染控制與消毒滅菌,D,2,有關紫外線消毒法 ( ultraviolet disinfection ) 的敘述，下列何者正確？
111-專業二-20,111,專業二,20,N05,感染控制與消毒滅菌,B,2,水痘併發症病人，於住院期間的照護措施何者最適當？
111-專業二-21,111,專業二,21,N14,輸液、輸血與體液電解質,C,2,上午 10：00 開始為病人進行第一袋紅血球濃厚液 ( packed RBC ) 輸血，何者最適當？
111-專業二-22,111,專業二,22,N15,冷熱療法,C,2,有關熱療法的敘述，下列何者錯誤？
111-專業二-23,111,專業二,23,N07,檢體收集與檢查,A,2,有關檢體收集的注意事項，下列何者最適當？
111-專業二-24,111,專業二,24,N02,護理過程,D,2,有關症狀、徵象及觀察法的敘述，下列何者正確？ ① 胸口悶痛、頭暈為症狀，經由問診取得屬於間接觀察法 ② 雙下肢足背動脈：
111-專業二-25,111,專業二,25,N04,溝通與護病關係,D,2,護理師：「您的鼻孔露出來了，應該要隨時戴好口罩，保護自己。」病人：「對啊！現 在真的要小心，不要被 COVID-19 傳
111-專業二-26,111,專業二,26,N04,溝通與護病關係,A,2,有關治療性溝通技巧的敘述，下列何者正確？
111-專業二-27,111,專業二,27,N16,傷口照護與繃帶包紮,C,2,傷者由樓梯跌落，造成頭皮撕裂傷出血、左肩脫臼、左手上臂疼痛無法上舉、左小腿變 形無法站立，下列措施何者最不適當？
111-專業二-28,111,專業二,28,N16,傷口照護與繃帶包紮,D,2,有關繃帶使用的敘述，下列何者最適當？
111-專業二-29,111,專業二,29,N03,護理紀錄與交班,D,2,有關焦點記錄法中「A ( action )」的敘述，下列何者正確？
111-專業二-30,111,專業二,30,N12,排泄（排尿、導尿、灌腸、排便）,D,2,有關 24 小時尿液總量的敘述，下列何者正確？
111-專業二-31,111,專業二,31,N13,給藥與醫囑,A,2,下列哪一種藥物不適合選用留泡注射法 ( Air-lock Technique ) 給予？
111-專業二-32,111,專業二,32,N10,個人衛生與皮膚照護（含壓傷）,D,2,有關造成壓力性損傷的危險因子，下列何者正確？
111-專業二-33,111,專業二,33,N06,生命徵象,B,2,有關血壓測量出現聽診間隙的敘述，下列何者正確？
111-專業二-34,111,專業二,34,N06,生命徵象,B,2,手術後因傷口感染最常見的發燒型態，何者正確？
111-專業二-35,111,專業二,35,N12,排泄（排尿、導尿、灌腸、排便）,D,2,有關糞便嵌塞的敘述，下列何者錯誤？
111-專業二-36,111,專業二,36,N06,生命徵象,A,2,下列哪些因素容易造成呼吸速率變快？ ① 血壓突然上升 ② 體溫下降 ③ 抽菸 ④ 二氧化碳增加 ⑤ 大氣壓力變低
111-專業二-37,111,專業二,37,N13,給藥與醫囑,B,2,有關醫囑的敘述，下列何者正確？
111-專業二-38,111,專業二,38,N18,臨終與遺體護理,B,2,死亡後遺體變化的敘述，何者正確？
111-專業二-39,111,專業二,39,N07,檢體收集與檢查,C,2,有關檢查及檢驗的醫學英文縮寫，下列何者錯誤？
111-專業二-40,111,專業二,40,N06,生命徵象,C,2,病人在吸氣期心跳速率增加、吐氣期心跳速率減慢，此現象的心律屬於何者？
111-專業二-41,111,專業二,41,N15,冷熱療法,B,2,有關低溫毯的使用注意事項，下列何者正確？
111-專業二-42,111,專業二,42,N11,營養與管灌飲食,B,2,病人依醫囑需進食清流質飲食 ( clear liquid diet )，可吃的食物為？ ① 牛奶 ② 無油的肉湯 ③ 豆
111-專業二-43,111,專業二,43,N10,個人衛生與皮膚照護（含壓傷）,D,2,有關 Braden 壓傷危險因子評估表的敘述，下列何者正確？
111-專業二-44,111,專業二,44,N13,給藥與醫囑,C,2,"醫囑開立「Novamin 7.5 mg, St., IM」，該藥品包裝為 5 mg / 2 ml / amp，備藥時應抽"
111-專業二-45,111,專業二,45,N12,排泄（排尿、導尿、灌腸、排便）,D,2,為病人執行治療痢疾的結腸灌洗，下列護理措施何者不適當？
111-專業二-46,111,專業二,46,N13,給藥與醫囑,B,2,為病人執行醫囑「0.5 % Erythromycin Ophthalmic Ointment and Gentamyci
111-專業二-47,111,專業二,47,N13,給藥與醫囑,A,2,不同給藥方式的吸收速率，由慢到快的順序何者正確？ ① 口服投予 ② 舌下含服 ③ 吸入法 ④ 直腸投予 ⑤ 皮下注射 ⑥
111-專業二-48,111,專業二,48,N09,休息與睡眠,C,2,有關睡眠週期腦波圖與生理表徵的敘述，下列何者正確？
111-專業二-49,111,專業二,49,N09,休息與睡眠,A,2,有關影響睡眠週期的因素，下列何者正確？
111-專業二-50,111,專業二,50,N08,安全、約束、姿勢與活動,C,2,協助長期臥床病人採仰臥姿 ( supine position ) ，下列擺位何者最適當？ ① 雙手臥小卷軸上舉至頭側 ②
111-國文-01,111,國文,1,C01,字音字形,B,2,下列選項，何者沒有錯別字？
111-國文-02,111,國文,2,C01,字音字形,A,2,下列文句，空格處的正確用字依序為何？ 小新對於學習之事□不經心，再加上誤交損友，□而走險，做盡了壞事卻完全沒有悔意， 真
111-國文-03,111,國文,3,C01,字音字形,B,2,下列各組「」內的讀音，前後完全相同的選項是：
111-國文-04,111,國文,4,C02,字詞義與詞語辨析,B,2,下列文句的「蓋」字替換為「盍」字後，原句意義不變的選項是： 甲、夫子之道至大也，故天下莫能容夫子，夫子「蓋」少貶焉 乙、
111-國文-05,111,國文,5,C02,字詞義與詞語辨析,C,2,下列選項「」中的詞義，前後相同的選項是：
111-國文-06,111,國文,6,C03,詞語與成語運用,B,2,閱讀下文，空格處最適合填入的詞語依序是： 他看了多時，收起銀票，取出那本武功冊子，照著所傳秘訣，盤膝而坐，練了起來。他點
111-國文-07,111,國文,7,C03,詞語與成語運用,A,2,閱讀下文，空格處最適合填入的詞語依序是： 當雨點在藍天下聚成氣候，其勢足以□□□□時，便從天而降。有時無聲而下，雨絲細細
111-國文-08,111,國文,8,C03,詞語與成語運用,C,2,下列文句「」內的詞語，何者使用最恰當？
111-國文-09,111,國文,9,C05,文句排序與安排,C,2,閱讀下文，判斷「近乎等同於用肉眼觀看月球上的一顆橘子」一句，最適合填入文中何處？ 前一次黑洞成為媒體焦點，是在 2012
111-國文-10,111,國文,10,C04,語法、修辭與表達,C,2,閱讀下文，判斷文句 ① ② ③ ④，何者有冗贅的現象？ 食品業者會透過「亞硫酸鹽」漂白劑來漂白食物，① 其超強還原力，可
111-國文-11,111,國文,11,C04,語法、修辭與表達,B,2,下列文句，何者沒有語病？
111-國文-12,111,國文,12,C08,文言文閱讀,C,2,下列選項，何者最接近下文意旨？ 物固莫不有長，莫不有短，人亦然。故善學者，假人之長以補其短。(《呂氏春秋》)
111-國文-13,111,國文,13,C08,文言文閱讀,B,2,請閱讀並推論下文寓意，選出最接近現今社會現象的選項： 女几之山，乾鵲所巢，有虎出于樸簌，鵲集而噪之。鴝鵒聞之，亦集而噪。
111-國文-14,111,國文,14,C07,應用文,D,2,「大節仰忠貞，氣吐虹霓，天問九章歌浩蕩；修能明治亂，志存社稷，澤遺萬世頌□□。」 依內容推斷這副對聯□□處，最適合填入的
111-國文-15,111,國文,15,C04,語法、修辭與表達,D,2,文學藝術作品為了表現抽象意念，常用具體事物進行聯想及暗示。如以「踏花歸去馬蹄 香」作為畫題，即是用一群蝴蝶翩翩飛舞於馬蹄
111-國文-16,111,國文,16,C04,語法、修辭與表達,B,2,「選賢舉能」第二、三字可調換為「選舉賢能」後，意義並無改變。下列「」內詞語以 此法調換後，何者意義產生改變？
111-國文-17,111,國文,17,C05,文句排序與安排,C,2,下列是一段中間拆散的文句，請依文意選出排列順序最恰當的選項： 與其他種旗魚不同，這條被俗稱為「丁挽」的白肉旗魚，嘴尖粗壯
111-國文-18,111,國文,18,C07,應用文,A,2,小強是大學應屆畢業生，想在畢業前將個人履歷資料，郵寄給航海王公司人事部經理李 最大。請問下列四種信封中間欄的寫法，何者最
111-國文-19,111,國文,19,C03,詞語與成語運用,A,2,閱讀下列對話，判斷 ( 甲 )、( 乙 ) 依序最適合填入的詞語為何？
111-國文-20,111,國文,20,C07,應用文,D,2,下列四副對聯，適合貼在書房的選項是： 甲：平理若衡照辭如鏡 ／ 動墨橫錦搖筆散珠 乙：宴爾嘉賓既多且旨 ／ 樂至君子喜壽
111-國文-21,111,國文,21,C06,文學與國學常識,A,2,宋詞婉約者欲其辭情蘊藉，豪放者欲其氣象恢弘。下列表格中的宋詞引文之風格歸 類，何者正確？ 婉約 豪放
111-國文-22,111,國文,22,C06,文學與國學常識,C,2,下表是 4 位同學依報告主題所借閱的書籍，哪些同學借的書籍正確？
111-國文-23,111,國文,23,C08,文言文閱讀,A,2,關於王昌齡詩的詮釋，下列何者最適當？
111-國文-24,111,國文,24,C08,文言文閱讀,D,2,下列 ① ② 是甲、乙兩詩寫作手法的敘述，請選出正確選項： ① 兩詩皆以時間為順序，由早敘寫至晚 ② 兩詩皆敘明在春日寒
111-國文-25,111,國文,25,C08,文言文閱讀,D,2,上文「」內詞義的正確解釋，依序是：
111-國文-26,111,國文,26,C08,文言文閱讀,D,2,下列選項，何者最符合上文意旨？
111-國文-27,111,國文,27,C08,文言文閱讀,C,2,依上文，舟子「乃大驚悟」的原因為何？
111-國文-28,111,國文,28,C08,文言文閱讀,B,2,依上文，推論尼庵由冷落到香火鼎盛的原因，下列何者正確？
111-國文-29,111,國文,29,C08,文言文閱讀,A,2,若要為上文訂一個標題，下列何者最適切？
111-國文-30,111,國文,30,C08,文言文閱讀,A,2,下列對上文畫底線處的解說，何者正確？
111-國文-31,111,國文,31,C08,文言文閱讀,C,2,根據甲、乙二文，下列表格中處的情節與故事內容相符的選項是： 情節 時間從晚上到次日早晨 狼有攻擊屠戶意圖 屠戶故意設陷
111-國文-32,111,國文,32,C08,文言文閱讀,D,2,作者在甲、乙二文的文末皆以「笑」作結，其涵義最有可能是下列何者？
111-國文-33,111,國文,33,C10,知識性與圖表閱讀,A,2,依文意，文中畫底線處最適合填入的文句是：
111-國文-34,111,國文,34,C10,知識性與圖表閱讀,C,2,依上文，作者寫作本文主要意旨為何？
111-國文-35,111,國文,35,C10,知識性與圖表閱讀,B,2,依文意，下列 ① ② 的敘述，請選出正確選項： ① 奧地利素人建築師百水先生的建築風格影響全歐洲，並已成為當代主流 ② 
111-國文-36,111,國文,36,C08,文言文閱讀,A,2,甲文對節儉之德的議論手法，下列何者正確？
111-國文-37,111,國文,37,C08,文言文閱讀,A,2,下列甲文中的文句，何者最符合乙文「棘輪效應」的定義？
111-國文-38,111,國文,38,C08,文言文閱讀,A,2,根據乙文，下列何者最適合以「棘輪效應」來解釋？
111-國文-39,111,國文,39,C09,白話文學閱讀,D,2,依文中對「丈夫擁有萬卷書，何假南面百城」的理解，作者認為說這句話的人應是：
111-國文-40,111,國文,40,C09,白話文學閱讀,C,2,依文意，下列關於書房的敘述，何者正確？
111-國文-41,111,國文,41,C09,白話文學閱讀,B,2,關於本文的文意脈絡，哪一個選項順序正確？
111-國文-42,111,國文,42,C10,知識性與圖表閱讀,C,2,依甲文，下列關於「面膏方」的敘述，何者正確？
111-國文-43,111,國文,43,C10,知識性與圖表閱讀,A,2,下列選項，何者是甲、乙二文有共同提及處？
111-國文-44,111,國文,44,C10,知識性與圖表閱讀,B,2,下列關於甲、乙二文內容異同的敘述，何者正確？
111-國文-45,111,國文,45,C10,知識性與圖表閱讀,D,2,依上文，下列關於 CPI 與通貨膨脹的敘述，何者錯誤？
111-國文-46,111,國文,46,C10,知識性與圖表閱讀,A,2,說明文本如具備實際客觀資料的輔助，能有助於理解文章內容的相關性。文中畫線處， 何者屬於實際的客觀資料？
111-國文-47,111,國文,47,C10,知識性與圖表閱讀,D,2,下列是臺灣與美國的 CPI 組成類別及百分比權數比重表，請結合上文，判斷 ① ② 的解讀， 選出正確選項： 類別 食物 
111-國文-48,111,國文,48,C10,知識性與圖表閱讀,D,2,有關上文文意的敘述，正確的選項是：
111-國文-49,111,國文,49,C10,知識性與圖表閱讀,D,2,有關上文結構的敘述，正確的選項是：
111-國文-50,111,國文,50,C10,知識性與圖表閱讀,B,2,下表為京劇人物行當的設定，判斷其與臉譜、唱唸方式的搭配，何者正確？ 人物 周瑜 虞姬 張飛 劉姥姥 行當設定 生 旦 淨
111-英文-01,111,英文,1,E01,字彙題,D,2,"Natural such as coal, iron ore, and petroleum are very impor"
111-英文-02,111,英文,2,E01,字彙題,A,2,I have the current competitive price lists to this email and
111-英文-03,111,英文,3,E01,字彙題,C,2,"Before the students moved into the apartment, they had to tw"
111-英文-04,111,英文,4,E01,字彙題,B,2,"If you find that gas is , it is important to phone the emerg"
111-英文-05,111,英文,5,E01,字彙題,D,2,The student tried very hard and eventually his shyness in de
111-英文-06,111,英文,6,E01,字彙題,A,2,Children often do not want to take medicine because they may
111-英文-07,111,英文,7,E01,字彙題,C,2,"In comparison with other students, Sherry is more in that sh"
111-英文-08,111,英文,8,E01,字彙題,B,2,James is a man of ; he never does anything that goes against
111-英文-09,111,英文,9,E01,字彙題,C,2,The professor her points with tables and figures to provide 
111-英文-10,111,英文,10,E01,字彙題,D,2,Sandy is a pet-lover and good at using different to make her
111-英文-11,111,英文,11,E01,字彙題,C,2,"When we travel abroad, it is necessary for the immigration o"
111-英文-12,111,英文,12,E01,字彙題,C,2,"According to medical research, most back pain can be relieve"
111-英文-13,111,英文,13,E01,字彙題,B,2,"On the first day of work, Oscar was told to treat all people"
111-英文-14,111,英文,14,E01,字彙題,A,2,Ski resorts often use snow to keep them open through the win
111-英文-15,111,英文,15,E01,字彙題,D,2,We will be more and safer to wear bright-colored clothes whe
111-英文-16,111,英文,16,E02,對話題,B,2,"Andy: Professor Lee, could I have a word with you? Professor"
111-英文-17,111,英文,17,E02,對話題,D,2,"Claire: I’m experiencing a culture shock. Francis: Oh, reall"
111-英文-18,111,英文,18,E02,對話題,A,2,Timothy: Jeremy is driving me to my job interview at the ban
111-英文-19,111,英文,19,E02,對話題,C,2,"Staff: Good morning, sir. Simon: My wife and I would like to"
111-英文-20,111,英文,20,E02,對話題,B,2,"Kevin: Hi, Laura. What’re you doing here? Laura: Uh...I’m us"
111-英文-21,111,英文,21,E02,對話題,A,2,Jennifer: Let’s have brunch together tomorrow. Cathy: Sure. 
111-英文-22,111,英文,22,E02,對話題,D,2,"George: Sir, could you show me how to get to the library? Ja"
111-英文-23,111,英文,23,E02,對話題,A,2,Shawn: What’s playing at the cinema? Vicky: You’re barking u
111-英文-24,111,英文,24,E02,對話題,D,2,Max: I need you to help me arrange the annual meeting for ne
111-英文-25,111,英文,25,E02,對話題,B,2,Tina: Did you get the email I forwarded to you this Monday? 
111-英文-26,111,英文,26,E03,綜合測驗（克漏字）,B,2,
111-英文-27,111,英文,27,E03,綜合測驗（克漏字）,D,2,
111-英文-28,111,英文,28,E03,綜合測驗（克漏字）,A,2,
111-英文-29,111,英文,29,E03,綜合測驗（克漏字）,C,2,
111-英文-30,111,英文,30,E03,綜合測驗（克漏字）,A,2,
111-英文-31,111,英文,31,E03,綜合測驗（克漏字）,B,2,
111-英文-32,111,英文,32,E03,綜合測驗（克漏字）,A,2,
111-英文-33,111,英文,33,E03,綜合測驗（克漏字）,D,2,
111-英文-34,111,英文,34,E03,綜合測驗（克漏字）,C,2,
111-英文-35,111,英文,35,E03,綜合測驗（克漏字）,B,2,
111-英文-36,111,英文,36,E03,綜合測驗（克漏字）,C,2,
111-英文-37,111,英文,37,E03,綜合測驗（克漏字）,A,2,
111-英文-38,111,英文,38,E03,綜合測驗（克漏字）,C,2,
111-英文-39,111,英文,39,E03,綜合測驗（克漏字）,B,2,
111-英文-40,111,英文,40,E03,綜合測驗（克漏字）,D,2,
111-英文-41,111,英文,41,E04,閱讀測驗,D,2,What is the main idea of the passage?
111-英文-42,111,英文,42,E04,閱讀測驗,B,2,Which of the following inferences can be drawn from the seco
111-英文-43,111,英文,43,E04,閱讀測驗,C,2,Which activity would most students LEAST likely to do during
111-英文-44,111,英文,44,E04,閱讀測驗,A,2,Which of the following statements is true about the passage?
111-英文-45,111,英文,45,E04,閱讀測驗,C,2,Which of the following is closest in meaning to the word opp
111-英文-46,111,英文,46,E04,閱讀測驗,A,2,What is the best title for this passage?
111-英文-47,111,英文,47,E04,閱讀測驗,D,2,What are the second and third paragraphs mainly about?
111-英文-48,111,英文,48,E04,閱讀測驗,C,2,Which of the following statements is true about growing citr
111-英文-49,111,英文,49,E04,閱讀測驗,D,2,"According to the passage, which of the following statements "
111-英文-50,111,英文,50,E04,閱讀測驗,B,2,Which of the following is closest in meaning to the word aro
112-專業一-01,112,專業一,1,A06,感覺系統,B,2,淚腺排泄管 ( excretory lacrimal duct ) 位於眼球的哪個相對解剖方位？
112-專業一-02,112,專業一,2,A02,皮膚系統,D,2,進行腹部的抽脂手術會從下列哪一層移出脂肪？
112-專業一-03,112,專業一,3,A01,人體概論、細胞與組織,C,2,小腸黏膜上皮細胞以下列何種特化構造增加吸收的表面積？
112-專業一-04,112,專業一,4,A01,人體概論、細胞與組織,A,2,在疏鬆結締組織中，下列哪一種細胞的分泌顆粒含有組織胺 ( histamine ) ？
112-專業一-05,112,專業一,5,A03,骨骼與關節,C,2,在骨骼生長時期，骨骺板 ( epiphyseal plate ) 是屬於下列何種組織？
112-專業一-06,112,專業一,6,A03,骨骼與關節,B,2,肘關節屈曲時，尺骨的頭 ( head of ulna ) 與下列哪一構造相連接？
112-專業一-07,112,專業一,7,A03,骨骼與關節,A,2,下列有關典型脊椎骨 ( typical vertebra ) 的構造，何者最靠近椎體 ( vertebral body 
112-專業一-08,112,專業一,8,A03,骨骼與關節,D,2,下列何者屬於股骨 ( femur ) 的骨面標記 ( bone surface markings ) ？
112-專業一-09,112,專業一,9,A03,骨骼與關節,D,2,下列何者屬於滑動關節 ( gliding joint )？
112-專業一-10,112,專業一,10,A04,肌肉系統,B,2,吸吮動作主要是由下列哪一塊肌肉收縮所控制？
112-專業一-11,112,專業一,11,A04,肌肉系統,D,2,支配上孖肌 ( superior gemellus ) 的神經受損，下列何者也可能功能退化？
112-專業一-12,112,專業一,12,A04,肌肉系統,C,2,下列哪一塊肌肉是由迷走神經的喉外分枝所支配？
112-專業一-13,112,專業一,13,A04,肌肉系統,A,2,長時間穿高跟鞋，最可能引起下列哪一塊受脛神經支配的肌肉過度收縮而緊繃？
112-專業一-14,112,專業一,14,A05,神經系統,C,2,有關神經的構造依其直徑從小至大的排列順序，下列何者正確？ ① 股神經 ( femoral nerve ) ② 神經微絲 
112-專業一-15,112,專業一,15,A05,神經系統,D,2,下列哪一條腦神經 ( cranial nerve ) 只具有感覺神經的功能？
112-專業一-16,112,專業一,16,A05,神經系統,C,2,皮質脊髓徑 ( corticospinal tracts ) 的錐體交叉 ( pyramidal decussation
112-專業一-17,112,專業一,17,A07,內分泌系統,A,2,下列何者的功能主要與調節血液中鈣離子濃度有關？
112-專業一-18,112,專業一,18,A09,心臟與血管,B,2,下列何者是防止血液回流到左心室的構造？
112-專業一-19,112,專業一,19,A09,心臟與血管,C,2,下列何者是提供胃血流的起源血管？
112-專業一-20,112,專業一,20,A08,血液、淋巴與免疫,C,2,下列何者位於腭舌弓與腭咽弓間的側壁？
112-專業一-21,112,專業一,21,A11,消化系統與營養代謝,A,2,下列何者為腹膜後器官 ( retroperitoneal organs ) ？
112-專業一-22,112,專業一,22,A11,消化系統與營養代謝,C,2,下列有關唾液腺的敘述，何者正確？
112-專業一-23,112,專業一,23,A12,泌尿系統、體液與酸鹼,D,2,下列何者是與腎乳頭 ( renal papilla ) 最接近的構造？
112-專業一-24,112,專業一,24,A13,生殖系統與發育,B,2,血睪障壁 ( blood - testis barrier ) 是睪丸的何種細胞間緊密接合 ( tight juncti
112-專業一-25,112,專業一,25,A13,生殖系統與發育,A,2,子宮圓韌帶 ( round ligament of the uterus ) 連結子宮至下列哪一構造？
112-專業一-26,112,專業一,26,A01,人體概論、細胞與組織,B,2,有關恆定系統 ( homeostatic system ) 維持體溫的敘述，下列何者正確？
112-專業一-27,112,專業一,27,A04,肌肉系統,C,2,下列何種因素可使骨骼肌的收縮張力增加？
112-專業一-28,112,專業一,28,A05,神經系統,D,2,依據動作電位在神經纖維上傳導的原理，下列何者的傳導速率最快？
112-專業一-29,112,專業一,29,A05,神經系統,A,2,下列何者不屬於牽張反射 ( stretch reflex ) ？
112-專業一-30,112,專業一,30,A06,感覺系統,D,2,有關味覺的敘述，下列何者正確？
112-專業一-31,112,專業一,31,A05,神經系統,C,2,下列何種神經興奮可引起尿道的內括約肌收縮？
112-專業一-32,112,專業一,32,A07,內分泌系統,A,2,手術切除腦下腺前葉兩週後，下列何種激素的分泌最可能下降？
112-專業一-33,112,專業一,33,A07,內分泌系統,C,2,運動後大量排汗造成水分與鈉離子流失時，最可能發生的代償反應為何？
112-專業一-34,112,專業一,34,A07,內分泌系統,C,2,有關胰臟的敘述，下列何者正確？
112-專業一-35,112,專業一,35,A09,心臟與血管,A,2,下列何種情況會造成竇房結 ( sinoatrial node ) 放電的頻率減少？
112-專業一-36,112,專業一,36,A09,心臟與血管,C,2,當心跳速率維持不變時，下列何者可增加心輸出量 ( cardiac output ) ？
112-專業一-37,112,專業一,37,A09,心臟與血管,B,2,下列各種因素及其引起反射的配對，何者錯誤？
112-專業一-38,112,專業一,38,A08,血液、淋巴與免疫,A,2,有關血液的敘述，下列何者正確？
112-專業一-39,112,專業一,39,A11,消化系統與營養代謝,B,2,下列何者可抑制胃酸分泌？
112-專業一-40,112,專業一,40,A11,消化系統與營養代謝,D,2,腹瀉時建議拉長空腹時間以幫助排除壞菌，是因為空腹時消化道最可能產生下列何種 運動？
112-專業一-41,112,專業一,41,A11,消化系統與營養代謝,B,2,消化道的各個區域主要消化和吸收的營養不同，下列敘述何者正確？
112-專業一-42,112,專業一,42,A04,肌肉系統,D,2,有關平滑肌調控的敘述，下列何者錯誤？
112-專業一-43,112,專業一,43,A10,呼吸系統,D,2,有關肺活量 ( vital capacity ) 的敘述，下列何者錯誤？
112-專業一-44,112,專業一,44,A10,呼吸系統,B,2,有關血液運輸氧氣的敘述，下列何者錯誤？
112-專業一-45,112,專業一,45,A10,呼吸系統,D,2,有關肺表面張力素 ( lung surfactant ) 的敘述，下列何者正確？
112-專業一-46,112,專業一,46,A12,泌尿系統、體液與酸鹼,B,2,當某物質在血漿中的濃度為 5 mg / ml，在尿液中的濃度為 80 mg / ml，且此時的排尿量為 1 ml / m
112-專業一-47,112,專業一,47,A12,泌尿系統、體液與酸鹼,A,2,有關腎臟處理尿素 ( urea ) 的敘述，下列何者正確？
112-專業一-48,112,專業一,48,A12,泌尿系統、體液與酸鹼,A,2,一般鮑氏囊的過濾液中，不含紅血球及大分子蛋白質的原因，與下列何者無關？
112-專業一-49,112,專業一,49,A13,生殖系統與發育,A,2,用來檢測女性排卵 ( ovulation ) 的排卵試紙是檢驗尿液中哪一種激素的變化？
112-專業一-50,112,專業一,50,A13,生殖系統與發育,D,2,有關睪丸的功能及其細胞分泌之敘述，下列何者正確？
112-專業二-01,112,專業二,1,N04,溝通與護病關係,B,2,護理師與病人討論飲食計畫時，下列距離何者最適當？
112-專業二-02,112,專業二,2,N02,護理過程,C,2,護理診斷的組成要素，不包括下列哪一個項目？
112-專業二-03,112,專業二,3,N14,輸液、輸血與體液電解質,B,2,有關靜脈輸液合併症與處置，下列何者正確？
112-專業二-04,112,專業二,4,N13,給藥與醫囑,A,2,有關注射給藥及注意事項，下列何者正確？
112-專業二-05,112,專業二,5,N13,給藥與醫囑,C,2,"醫囑開立「penicillin skin test ( PST ) 」，現有 penicillin 已稀釋成 1,000"
112-專業二-06,112,專業二,6,N15,冷熱療法,C,2,有關使用烤燈的敘述，下列何者正確？
112-專業二-07,112,專業二,7,N12,排泄（排尿、導尿、灌腸、排便）,B,2,為留置導尿管病人執行膀胱訓練的敘述，下列何者最適當？
112-專業二-08,112,專業二,8,N16,傷口照護與繃帶包紮,D,2,傷臂使用三角巾托懸臂包紮法的敘述，下列何者正確？
112-專業二-09,112,專業二,9,N06,生命徵象,A,2,大出血病人出現深吸氣之後長長的吐氣，且呼吸淺快，屬於下列何種呼吸型態？
112-專業二-10,112,專業二,10,N03,護理紀錄與交班,B,2,有關紀錄書寫的原則，下列何者最適當？
112-專業二-11,112,專業二,11,N03,護理紀錄與交班,B,2,有關以問題為導向之 S.O.A.P.I.E.R. 記錄法的敘述，下列何者正確？
112-專業二-12,112,專業二,12,N02,護理過程,A,2,有關客觀症狀 ( objective symptoms ) 的敘述，下列何者最適當？
112-專業二-13,112,專業二,13,N04,溝通與護病關係,A,2,病人說：「我應該接受化學治療嗎？」護理師回答：「你的想法呢？」此時護理師是使 用何種治療性會談技巧？
112-專業二-14,112,專業二,14,N05,感染控制與消毒滅菌,A,2,剛沾染血漬的器械，宜用下列何種方式清除？
112-專業二-15,112,專業二,15,N05,感染控制與消毒滅菌,C,2,有關使用高壓蒸氣滅菌的注意事項，下列何者正確？
112-專業二-16,112,專業二,16,N02,護理過程,B,2,有關護理過程的特性，下列何者不正確？
112-專業二-17,112,專業二,17,N02,護理過程,B,2,有關護理診斷的書寫方式，下列何者正確？
112-專業二-18,112,專業二,18,N09,休息與睡眠,C,2,有關阻塞性睡眠呼吸暫停的敘述，下列何者正確？
112-專業二-19,112,專業二,19,N09,休息與睡眠,D,2,成人在非快速動眼睡眠 ( NREM Sleep ) 的哪一個時期經常被喚醒，會減少身體蛋白質的 合成及組織修復？
112-專業二-20,112,專業二,20,N11,營養與管灌飲食,B,2,有關飲食治療的敘述，下列何者正確？
112-專業二-21,112,專業二,21,N11,營養與管灌飲食,C,2,有關管灌食的注意事項，下列何者錯誤？
112-專業二-22,112,專業二,22,N13,給藥與醫囑,A,2,下列哪些口服藥物不可以與葡萄柚汁同時服用？ ① 四環黴素 ( Tetracycline ) ② 安比西林 ( Ampic
112-專業二-23,112,專業二,23,N13,給藥與醫囑,C,2,有關各年齡層用藥劑量的敘述，下列何者正確？
112-專業二-24,112,專業二,24,N13,給藥與醫囑,C,2,醫囑開立「Dopamine 400 mg in D 5 W 500 c. c. IV pump for 24 hrs」，
112-專業二-25,112,專業二,25,N15,冷熱療法,D,2,下列何者是運用冷熱敷時所產生的交感性反應？
112-專業二-26,112,專業二,26,N13,給藥與醫囑,C,2,有關口服藥物對於腸道產生的副作用，下列何者錯誤？
112-專業二-27,112,專業二,27,N12,排泄（排尿、導尿、灌腸、排便）,C,2,有關灌腸的敘述，下列何者正確？ ① 保留灌腸之灌腸液溫度為39 ℃ ②腸阻塞病人灌腸時宜採膝胸臥式 ③清潔灌腸最常用的溶
112-專業二-28,112,專業二,28,N10,個人衛生與皮膚照護（含壓傷）,B,2,協助右手背有靜脈輸液的臥床病人床上沐浴，下列何者正確？
112-專業二-29,112,專業二,29,N08,安全、約束、姿勢與活動,D,2,有關婦女進行子宮頸抹片檢查的姿勢，下列何者最適當？
112-專業二-30,112,專業二,30,N01,護理專業、法規與醫療環境,D,2,有關醫療機構發生火災時使用滅火器的敘述，下列何者錯誤？
112-專業二-31,112,專業二,31,N06,生命徵象,B,2,下列哪一種情況最不容易發生庫斯摩爾氏呼吸 ( Kussmaul ’ s respiration ) ？
112-專業二-32,112,專業二,32,N06,生命徵象,B,2,有關脈律不整的敘述，下列何者錯誤？
112-專業二-33,112,專業二,33,N06,生命徵象,D,2,病人發燒一日內的體溫，最高 39 ℃，最低 35.9 ℃，屬於下列何種發燒型態？
112-專業二-34,112,專業二,34,N06,生命徵象,C,2,有關影響血壓的敘述，下列何者不適當？
112-專業二-35,112,專業二,35,N01,護理專業、法規與醫療環境,C,2,病人因腹水嚴重、呼吸喘，由急診入院，此時立即性的入院護理何者最適當？
112-專業二-36,112,專業二,36,N08,安全、約束、姿勢與活動,A,2,下肢骨折病人出院後須以拐杖輔助行走，下列運動何者最適當？
112-專業二-37,112,專業二,37,N10,個人衛生與皮膚照護（含壓傷）,B,2,病人皮膚表皮破損、真皮層露出呈濕潤粉紅、有水泡，依據美國國家壓力性損傷諮詢 委員會 ( NPIAP ) 分期，屬於哪一期
112-專業二-38,112,專業二,38,N08,安全、約束、姿勢與活動,C,2,有關制動對於心臟血管及呼吸系統影響的敘述，下列何者不正確？
112-專業二-39,112,專業二,39,N11,營養與管灌飲食,D,2,有關腸道外營養 ( Parenter nutrition ) 的敘述，下列何者錯誤？
112-專業二-40,112,專業二,40,N14,輸液、輸血與體液電解質,A,2,下列何種原因容易引發低血鈣？ ① 急性胰臟炎 ② 輸入多量含檸檬酸的血品 ③ 代謝性酸中毒 ④ 副甲狀腺機能亢進
112-專業二-41,112,專業二,41,N15,冷熱療法,B,2,病人足踝扭傷當日用冷療的目的，下列何者最適當？
112-專業二-42,112,專業二,42,N12,排泄（排尿、導尿、灌腸、排便）,D,2,有關排便反射機轉自直腸壓力上升起，至肛門內外括約肌放鬆為止，過程中傳導路徑的 順序，下列何者正確？ ① 將訊息傳到副交感
112-專業二-43,112,專業二,43,N16,傷口照護與繃帶包紮,A,2,有關繃帶與束帶的使用，下列何者正確？ ① 需採順人體循環方向包紮 ② 風濕性關節炎病人使用法蘭絨布繃帶，是為達保暖的目的
112-專業二-44,112,專業二,44,N18,臨終與遺體護理,D,2,臨終病人常出現哪些生理變化？ ① 視力減弱，角膜水腫 ② 出現過度換氣的呼吸型態 ③ 出現鼻翼搧動、張口呼吸型態 ④ 四
112-專業二-45,112,專業二,45,N10,個人衛生與皮膚照護（含壓傷）,D,2,有關漱口劑的使用，下列何者正確？
112-專業二-46,112,專業二,46,N10,個人衛生與皮膚照護（含壓傷）,C,2,有關頭蝨護理的敘述，下列何者錯誤？
112-專業二-47,112,專業二,47,N07,檢體收集與檢查,A,2,有關血液檢體採集的注意事項，下列何者最適當？
112-專業二-48,112,專業二,48,N08,安全、約束、姿勢與活動,A,2,有關一般成人關節屈曲 ( flexion ) 活動最大角度，下列何者正確？ ① 頭頸關節 45 ° ② 肩關節 180 
112-專業二-49,112,專業二,49,N08,安全、約束、姿勢與活動,D,2,有關協助臥床病人移位的敘述，下列何者正確？
112-專業二-50,112,專業二,50,N13,給藥與醫囑,A,2,醫師開立的醫囑單如下，依下列情境作答： 【開立日期】 2023 / 4 / 24 09： 40 Scanol 500 m
112-國文-01,112,國文,1,C01,字音字形,C,2,下列文句，空格處的正確用字依序為何？ 他每日□□營營，事業仍然□□可危，即使費心擬訂許多計畫，也總是無□而終。
112-國文-02,112,國文,2,C01,字音字形,D,2,下列選項中畫底線的詞語，何者用字完全正確？
112-國文-03,112,國文,3,C01,字音字形,D,2,下列選項「」中的讀音，前後相同的選項是：
112-國文-04,112,國文,4,C02,字詞義與詞語辨析,A,2,下列選項「」中的詞義，前後最不相近的選項是：
112-國文-05,112,國文,5,C02,字詞義與詞語辨析,B,2,下列選項中的「許」，何者與「只許州官放火，不許百姓點燈」的「許」意義最接近？
112-國文-06,112,國文,6,C02,字詞義與詞語辨析,A,2,下列選項「」中的詞義，何者解釋正確？
112-國文-07,112,國文,7,C03,詞語與成語運用,D,2,閱讀下文，空格處最適合填入的詞語依序是： 一位悲觀者說：「每次讀古人的文章，只要想到這些寫文章的才人，沒有一個還活著， 
112-國文-08,112,國文,8,C03,詞語與成語運用,C,2,閱讀下文，空格處最適合填入的詞語是： 南菁書院，其山長黃梨洲先生，常以八字告誡學生，即「□□□□，莫作調人」。因為 研究
112-國文-09,112,國文,9,C03,詞語與成語運用,C,2,下列選項「」內的詞語，何者使用最恰當？
112-國文-10,112,國文,10,C05,文句排序與安排,C,2,閱讀下文，畫線處最適合填入的句子是： 人是陸地上的代表，鯨豚是海洋的代表，人與人之間需要尊重，何以人和鯨豚間竟然連 基本
112-國文-11,112,國文,11,C04,語法、修辭與表達,B,2,下列文句，何者沒有冗贅的情形？
112-國文-12,112,國文,12,C04,語法、修辭與表達,D,2,下列文句，何者沒有語病？
112-國文-13,112,國文,13,C03,詞語與成語運用,C,2,閱讀下文，畫線處最適合填入的詞語依序是： 近廿年前，剛接觸漢代畫像時，完全不懂方法。 受到「學騎馬，騎到馬背上，學游 泳
112-國文-14,112,國文,14,C04,語法、修辭與表達,D,2,在文句中將中文字形予以分析的修辭法，稱為析字格，例如「何處合成愁，離人心上 秋」。下列選項，何者運用了相同的修辭法？
112-國文-15,112,國文,15,C04,語法、修辭與表達,D,2,中文語序的改變，有時會完整保留原意，有時會讓原意產生變化。下列選項中，斜線前 後的詞語在語序改變後，哪些組的意義產生了變
112-國文-16,112,國文,16,C07,應用文,C,2,"下列電子郵件的修改建議，最適當的選項為何？ 來源: linsm@abc.edu.tw 主旨: 如內文 日期: Thu,0"
112-國文-17,112,國文,17,C06,文學與國學常識,D,2,下列為小說的章節回目名稱，請判斷何者出自 《 紅樓夢 》？ ( 甲 ) 皇恩重元妃省父母，天倫樂寶玉呈才藻 ( 乙 ) 
112-國文-18,112,國文,18,C06,文學與國學常識,A,2,下圖是寶島文藝名人錄，請就內文推斷此人是：
112-國文-19,112,國文,19,C06,文學與國學常識,B,2,下列選項中對小國、小文作答的敘述，正確的是：
112-國文-20,112,國文,20,C06,文學與國學常識,A,2,下列選項中對上表 ③ ④ 的敘述，正確的是：
112-國文-21,112,國文,21,C10,知識性與圖表閱讀,C,2,依據上文，判斷下列敘述，選出正確選項？ ① 巨噬細胞會誘發帶狀疱疹病毒在皮膚表面的增生 ② 臺灣人工作壓力大，罹患帶狀疱
112-國文-22,112,國文,22,C10,知識性與圖表閱讀,D,2,下圖是衛福部疾病擬人化的造型設計，水痘和帶狀疱疹分別代表姊姊和弟弟。下表中 甲處可以對應上文畫線的哪一句話？ 角色設計說
112-國文-23,112,國文,23,C08,文言文閱讀,D,2,依據上文，下列文句何者最適合形容賈逵？
112-國文-24,112,國文,24,C08,文言文閱讀,A,2,國文課堂上，老師要學生根據這則事蹟發表讀後感，哪些學生的解讀符合上文旨意？ 學生甲：「雖然家貧，但姊姊替弟弟尋求讀書的機
112-國文-25,112,國文,25,C09,白話文學閱讀,B,2,上文①、②最適合填入的詞語依序是：
112-國文-26,112,國文,26,C09,白話文學閱讀,B,2,依據上文，下列關於吳彭年抗日事件的敘述，何者正確？
112-國文-27,112,國文,27,C08,文言文閱讀,C,2,依據上文，首段敘述由「極熱」、「始冷」再至「冷極」，何者符合文意？
112-國文-28,112,國文,28,C08,文言文閱讀,A,2,依據上文「張謂〈官舍早梅〉詩所詠者，花之終、實之始也」，推斷此詩所詠的梅，應 該屬於什麼時節？
112-國文-29,112,國文,29,C08,文言文閱讀,B,2,依據上文，關於文章寫法及意旨的說明，何者正確？
112-國文-30,112,國文,30,C09,白話文學閱讀,B,2,甲文指出「好像沒有誰不喜歡桃子」，其所提及的理由不包括下列何者？
112-國文-31,112,國文,31,C09,白話文學閱讀,D,2,依據甲文，「桃」這字眼可能具有加強感受的作用，可分成兩種類型：類型 Ⅰ「單獨不清 爽，與桃子接枝，感覺一下子好很多」、類
112-國文-32,112,國文,32,C09,白話文學閱讀,B,2,下列關於甲、乙兩文內容的說明，何者正確？ ①兩文均凸顯作者對歷代書寫桃花作品優劣的評論 ②兩文均強調食用桃子有趨吉避邪的
112-國文-33,112,國文,33,C09,白話文學閱讀,B,2,下面是搭配上文方框內容所繪製的大綱圖片，依據文意脈絡，甲、乙、丙、丁的順序何 者正確？ 甲 乙 丙 丁
112-國文-34,112,國文,34,C09,白話文學閱讀,A,2,依據文意，不符合上文意旨的選項是：
112-國文-35,112,國文,35,C09,白話文學閱讀,D,2,下列①、②兩項推論，是否符合上文觀點？ ①學校語文教育時數的增加，讓學生無法追求更高的生命境界 ②能同理感受古詩文中的情
112-國文-36,112,國文,36,C08,文言文閱讀,C,2,判斷 ①、② 的意思，選出最接近甲、乙文種樹原理的選項： ①依乎天理，批大郤，導大窾，因其固然 ②天將降大任於是人也，必
112-國文-37,112,國文,37,C08,文言文閱讀,A,2,下列關於甲、乙文寫作手法的敘述，何者正確？
112-國文-38,112,國文,38,C08,文言文閱讀,C,2,下列關於甲、乙文內容旨意的說明，何者正確？
112-國文-39,112,國文,39,C08,文言文閱讀,A,2,上文畫線處的文句均省略了主詞，判斷下列選項在括弧中所補上的主詞，何者正確？
112-國文-40,112,國文,40,C08,文言文閱讀,A,2,文中的判案經過兩次轉變，各次關鍵因素的搭配，何者正確？ 第一次翻案關鍵 第二次翻案關鍵
112-國文-41,112,國文,41,C08,文言文閱讀,C,2,有關上文旨意，最適當的選項是：
112-國文-42,112,國文,42,C10,知識性與圖表閱讀,D,2,下列選項，何者最符合上文旨意？
112-國文-43,112,國文,43,C10,知識性與圖表閱讀,A,2,請再次參閱前一題組的 《 閱微草堂筆記 》，並研判其中的人物，何者符合上文畫線處的 隧道效應情況？
112-國文-44,112,國文,44,C10,知識性與圖表閱讀,A,2,依據上文第三段文意，下列說話者的言論，何者最有助於畫線人物突破隧道效應？
112-國文-45,112,國文,45,C08,文言文閱讀,A,2,下列選項，何者最符合上文旨意？
112-國文-46,112,國文,46,C08,文言文閱讀,B,2,下表是劉子初診後所開的診斷證明書，依據上文，下列何者正確？ ●●中醫診所診斷證明書
112-國文-47,112,國文,47,C08,文言文閱讀,C,2,下表為「藥害救濟法」規範有下列各款情事之一者，不得申請藥害救濟。依文中劉子的 情況，若提出藥害救濟申請，無法通過的原因為
112-國文-48,112,國文,48,C09,白話文學閱讀,B,2,下列關於上文寫作手法的敘述，何者錯誤？
112-國文-49,112,國文,49,C09,白話文學閱讀,D,2,下列選項，何者最符合上文意旨？
112-國文-50,112,國文,50,C09,白話文學閱讀,B,2,下列廣告標語，何者最符合上文觀點？
112-英文-01,112,英文,1,E01,字彙題,B,2,"The teacher can help students talk through their problems, b"
112-英文-02,112,英文,2,E01,字彙題,C,2,"As a modern designer, Kelly fresh forms of expression to com"
112-英文-03,112,英文,3,E01,字彙題,D,2,"Born with a beautiful voice, this girl has got a natural in "
112-英文-04,112,英文,4,E01,字彙題,A,2,"Lisa has made months of preparation for the marathon, so she"
112-英文-05,112,英文,5,E01,字彙題,B,2,Sam told us over the phone to take the on the right when we 
112-英文-06,112,英文,6,E01,字彙題,C,2,"At night markets in Taiwan, many sell items ranging from sna"
112-英文-07,112,英文,7,E01,字彙題,B,2,My landlord came to fix the air conditioner because its pipe
112-英文-08,112,英文,8,E01,字彙題,A,2,"To manage large orders, the boss had to decide whether to hi"
112-英文-09,112,英文,9,E01,字彙題,D,2,The office clerks are told to the documents in the proper dr
112-英文-10,112,英文,10,E01,字彙題,B,2,"In a country, all citizens have a right to participate in ma"
112-英文-11,112,英文,11,E01,字彙題,A,2,"People recycle paper, plastic, and glass by classifying thes"
112-英文-12,112,英文,12,E01,字彙題,B,2,The store to give the money back to customers if they are no
112-英文-13,112,英文,13,E01,字彙題,A,2,The characters in this movie do not really exist; they are f
112-英文-14,112,英文,14,E01,字彙題,A,2,Popular singers nowadays with their fans through the use of 
112-英文-15,112,英文,15,E01,字彙題,C,2,"The root of the large tree was damaged after the typhoon, so"
112-英文-16,112,英文,16,E02,對話題,B,2,Jason: Does any bus go from here to the airport? Mandy: Yes.
112-英文-17,112,英文,17,E02,對話題,C,2,"Richard: Sorry, I’m gonna be late for our coffee date. There"
112-英文-18,112,英文,18,E02,對話題,C,2,"Doug: I lost my laptop computer the other day. Kenji: Oh, th"
112-英文-19,112,英文,19,E02,對話題,A,2,Emma: Do you know who won the annual writing contest held by
112-英文-20,112,英文,20,E02,對話題,D,2,Chris: I’m not feeling well. I might’ve got a flu. Doctor: O
112-英文-21,112,英文,21,E02,對話題,D,2,Mandy: How wonderful! You’re hired by the well-known semicon
112-英文-22,112,英文,22,E02,對話題,B,2,"Janet: Surprise! Peter: Oh Janet, please say it’s not true! "
112-英文-23,112,英文,23,E02,對話題,C,2,Dad: I’m told that Matt was your school’s top chemistry stud
112-英文-24,112,英文,24,E02,對話題,D,2,Receptionist: Good morning! How can I help you? Francis: Hi.
112-英文-25,112,英文,25,E02,對話題,A,2,"Police: Good afternoon! Your driver’s license, please. Brian"
112-英文-26,112,英文,26,E03,綜合測驗（克漏字）,B,2,
112-英文-27,112,英文,27,E03,綜合測驗（克漏字）,D,2,
112-英文-28,112,英文,28,E03,綜合測驗（克漏字）,B,2,
112-英文-29,112,英文,29,E03,綜合測驗（克漏字）,A,2,
112-英文-30,112,英文,30,E03,綜合測驗（克漏字）,C,2,
112-英文-31,112,英文,31,E03,綜合測驗（克漏字）,B,2,
112-英文-32,112,英文,32,E03,綜合測驗（克漏字）,D,2,
112-英文-33,112,英文,33,E03,綜合測驗（克漏字）,C,2,
112-英文-34,112,英文,34,E03,綜合測驗（克漏字）,A,2,
112-英文-35,112,英文,35,E03,綜合測驗（克漏字）,C,2,
112-英文-36,112,英文,36,E03,綜合測驗（克漏字）,D,2,
112-英文-37,112,英文,37,E03,綜合測驗（克漏字）,B,2,
112-英文-38,112,英文,38,E03,綜合測驗（克漏字）,A,2,
112-英文-39,112,英文,39,E03,綜合測驗（克漏字）,D,2,
112-英文-40,112,英文,40,E03,綜合測驗（克漏字）,C,2,
112-英文-41,112,英文,41,E04,閱讀測驗,A,2,What is this passage mainly about?
112-英文-42,112,英文,42,E04,閱讀測驗,C,2,Which of the following statements best explains the idea tha
112-英文-43,112,英文,43,E04,閱讀測驗,D,2,Which of the following is closest in meaning to the word “sh
112-英文-44,112,英文,44,E04,閱讀測驗,C,2,"According to the passage, which of the following statements "
112-英文-45,112,英文,45,E04,閱讀測驗,B,2,"According to the passage, which set of words is the best for"
112-英文-46,112,英文,46,E04,閱讀測驗,D,2,What is the main idea of the passage?
112-英文-47,112,英文,47,E04,閱讀測驗,A,2,"According to the passage, which of the following statements "
112-英文-48,112,英文,48,E04,閱讀測驗,A,2,"According to the passage, which of the following is NOT the "
112-英文-49,112,英文,49,E04,閱讀測驗,D,2,"According to the passage, what can be done to reduce cogniti"
112-英文-50,112,英文,50,E04,閱讀測驗,B,2,Which of the following is closest in meaning to the word “ju
113-專業一-01,113,專業一,1,A01,人體概論、細胞與組織,B,2,橫膈膜 ( diaphragm ) 為身體哪兩個體腔的分界面？
113-專業一-02,113,專業一,2,A02,皮膚系統,D,2,身體何種腺體發炎會造成痤瘡 ( acne ) ？
113-專業一-03,113,專業一,3,A01,人體概論、細胞與組織,C,2,部分上皮組織 ( epithelial tissue ) 的基底細胞，具有何種特化構造可加強上皮細胞和基底膜 ( bas
113-專業一-04,113,專業一,4,A01,人體概論、細胞與組織,B,2,胎兒時期具有的軟骨為何種軟骨？
113-專業一-05,113,專業一,5,A01,人體概論、細胞與組織,B,2,軟骨 ( cartilage ) 之種類及分佈位置配對，下列何者正確？
113-專業一-06,113,專業一,6,A03,骨骼與關節,C,2,三叉神經 ( trigeminal nerve ) 及其分支未穿過何塊頭骨？
113-專業一-07,113,專業一,7,A03,骨骼與關節,D,2,由頸椎 ( cervical vertebrae ) 至腰椎 ( lumbar vertebrae ) ，下列結構何者會
113-專業一-08,113,專業一,8,A03,骨骼與關節,D,2,下列何者不屬於中軸骨 ( axial skeleton ) ？
113-專業一-09,113,專業一,9,A03,骨骼與關節,A,2,關於成人關節 ( joint ) 的敘述，下列何者錯誤？
113-專業一-10,113,專業一,10,A04,肌肉系統,C,2,屍僵 ( rigor mortis ) 發生的原因為何？
113-專業一-11,113,專業一,11,A04,肌肉系統,B,2,眼輪匝肌 ( orbicularis oculi ) 的命名是根據肌肉的何種特徵？
113-專業一-12,113,專業一,12,A04,肌肉系統,A,2,下列哪一塊肌肉，將頸部區域分成前頸三角 ( anterior triangle ) 與後頸三角 ( posterior 
113-專業一-13,113,專業一,13,A04,肌肉系統,B,2,移動髖關節及大腿的肌肉中，哪一條肌肉是受到下臀神經 ( L 5 - S 2 ) 支配？
113-專業一-14,113,專業一,14,A05,神經系統,A,2,關於中樞神經系統的敘述，下列何者正確？
113-專業一-15,113,專業一,15,A05,神經系統,D,2,關於脊髓上行神經徑 ( ascending tracts ) 的敘述，下列何者錯誤？
113-專業一-16,113,專業一,16,A05,神經系統,D,2,關於腦神經的敘述，下列何者正確？
113-專業一-17,113,專業一,17,A07,內分泌系統,C,2,關於激素 ( hormone ) 的分泌器官，下列何者相同？
113-專業一-18,113,專業一,18,A09,心臟與血管,D,2,扮演心臟節律器的竇房結 ( sinoatrial node ) 位於何處？
113-專業一-19,113,專業一,19,A08,血液、淋巴與免疫,B,2,下肢的淋巴液經淋巴管匯集至胸管，最後於何處注入血液中？
113-專業一-20,113,專業一,20,A10,呼吸系統,A,2,關於呼吸道的敘述，下列何者正確？
113-專業一-21,113,專業一,21,A11,消化系統與營養代謝,C,2,關於消化道的敘述，下列何者正確？
113-專業一-22,113,專業一,22,A11,消化系統與營養代謝,C,2,關於肝臟 ( liver ) 的敘述，下列何者正確？
113-專業一-23,113,專業一,23,A12,泌尿系統、體液與酸鹼,A,2,下列哪些與膀胱排尿 ( urinate ) 之動作無關？ ① 交感神經 ( sympathetic nervous ) 
113-專業一-24,113,專業一,24,A13,生殖系統與發育,C,2,男女生殖細胞開始減數分裂 ( meiosis ) 之時期，下列何者正確？
113-專業一-25,113,專業一,25,A13,生殖系統與發育,A,2,受精後男女生殖細胞染色體 ( chromosome ) 數目為何？
113-專業一-26,113,專業一,26,A01,人體概論、細胞與組織,A,2,下列何種物質運輸方式非主要參與葡萄糖從小腸管腔運送至血管的過程？
113-專業一-27,113,專業一,27,A04,肌肉系統,C,2,關於平滑肌興奮 － 收縮偶合 ( excitation - contraction coupling ) 的敘述，下列何
113-專業一-28,113,專業一,28,A04,肌肉系統,D,2,下列何者含有 ATP 酶，可把 ATP 的化學能轉變為機械能？
113-專業一-29,113,專業一,29,A05,神經系統,B,2,關於邊緣系統的杏仁核，下列的敘述何者正確？
113-專業一-30,113,專業一,30,A06,感覺系統,C,2,關於聲音在耳朵中傳遞的敘述，下列何者錯誤？
113-專業一-31,113,專業一,31,A05,神經系統,B,2,關於自主神經的神經傳導物質和其受體的敘述，下列何者正確？
113-專業一-32,113,專業一,32,A05,神經系統,B,2,生物胺類神經傳導物質，多巴胺濃度過高會出現在以下何者情況？
113-專業一-33,113,專業一,33,A07,內分泌系統,B,2,下列何者為主要造成甲狀腺腫大的原因？
113-專業一-34,113,專業一,34,A07,內分泌系統,A,2,停經後婦女常見骨質疏鬆症 ( osteoporosis ) ，下列敘述何者正確？
113-專業一-35,113,專業一,35,A09,心臟與血管,C,2,關於健康狀況下心動周期的敘述，下列何者正確？
113-專業一-36,113,專業一,36,A09,心臟與血管,B,2,下列何者在健康狀況下會增加靜脈回心血量？
113-專業一-37,113,專業一,37,A09,心臟與血管,C,2,根據下列條件「微血管靜水壓 ( Pc ) ＝ 35 mmHg，組織間液靜水壓 ( Pi ) ＝ 1 mmHg，血漿膠 體
113-專業一-38,113,專業一,38,A08,血液、淋巴與免疫,A,2,正常狀況下有一白血球細胞，細胞核為四葉且細胞質顆粒可被稍微染上粉紅色，數目佔 白血球一半以上，最可能為下列何種細胞？
113-專業一-39,113,專業一,39,A11,消化系統與營養代謝,D,2,關於脂肪消化與吸收的敘述，下列何者錯誤？
113-專業一-40,113,專業一,40,A11,消化系統與營養代謝,C,2,關於分節收縮運動 ( segmentation contraction ) 的敘述，下列何者錯誤？
113-專業一-41,113,專業一,41,A10,呼吸系統,D,2,阻塞性肺病 ( 例如氣喘或支氣管炎 ) 其第一秒用力呼氣容積 ( FEV 1 ) / 用力肺活量 ( FVC ) 最 可
113-專業一-42,113,專業一,42,A10,呼吸系統,AD,2,下列何者會造成血液的氧合血紅素解離曲線右移 ( shift to right ) ？
113-專業一-43,113,專業一,43,A10,呼吸系統,B,2,延腦中樞化學接受器對血液中何者的改變最為敏感？
113-專業一-44,113,專業一,44,A11,消化系統與營養代謝,D,2,下列對於兒童期肥胖個體的敘述何者正確？
113-專業一-45,113,專業一,45,A12,泌尿系統、體液與酸鹼,D,2,腎絲球處理菊糖算出來的清除率 ( GFR ) 約是每分鐘 125 毫升，下列何者正確？
113-專業一-46,113,專業一,46,A12,泌尿系統、體液與酸鹼,C,2,關於參與腎絲球過濾作用力的敘述，下列何者錯誤？
113-專業一-47,113,專業一,47,A12,泌尿系統、體液與酸鹼,B,2,洗腎又稱為血液透析，當病人的腎臟失去功能時，需利用機器協助腎臟執行工作，血液 透析的機器最能夠執行腎臟的何種功能？
113-專業一-48,113,專業一,48,A13,生殖系統與發育,D,2,關於激素控制男性生殖功能的敘述，下列何者錯誤？
113-專業一-49,113,專業一,49,A13,生殖系統與發育,A,2,關於女性月經週期的子宮內膜週期性改變，下列何者為刺激子宮內膜增生的主要激素？
113-專業一-50,113,專業一,50,A13,生殖系統與發育,C,2,女性月經週期，雌二醇 ( estradiol ) 分泌可達到最高峰的時期為？
113-專業二-01,113,專業二,1,N05,感染控制與消毒滅菌,A,2,依生物醫療事業廢棄物分類認定，下列何者屬於感染性廢棄物？ ① 人體組織或器官 ② 含化學藥物的輸液軟袋 ③ 氧氣鼻導
113-專業二-02,113,專業二,2,N02,護理過程,B,2,護理人員為手術後病人換藥時觀察其身體出現防禦性姿勢，此觀察種類為？
113-專業二-03,113,專業二,3,N02,護理過程,C,2,護理師觀察到病人哪些狀況時，需立即向醫師報告？ ① 發燒到 38.5 ℃② 夜間睡眠八小時 ③ 意識由清醒到嗜睡④
113-專業二-04,113,專業二,4,N02,護理過程,D,2,下列哪些資料是屬於症狀 ( symptoms ) ？ ① 口渴② 凹陷性水腫③ 呼吸困難④ 疼痛⑤ 呼吸喘鳴音
113-專業二-05,113,專業二,5,N13,給藥與醫囑,D,2,下列何者為長期醫囑？
113-專業二-06,113,專業二,6,N03,護理紀錄與交班,B,2,病人入院尾骶骨有 3 × 3 cm 2的傷口，醫囑開立 Wound C . D . q . d . with p . r
113-專業二-07,113,專業二,7,N03,護理紀錄與交班,A,2,生命徵象表單的記錄方式，何者正確？
113-專業二-08,113,專業二,8,N05,感染控制與消毒滅菌,C,2,有關阻斷傳染鏈 6 個基本要素的預防護理措施之敘述，下列何者正確？
113-專業二-09,113,專業二,9,N05,感染控制與消毒滅菌,A,2,有關醫院環境與器材使用消毒方法，下列何者屬於中程度消毒？ ① 以 75 % 酒精進行聽診器膜面擦拭 ② 以 3 % 雙氧
113-專業二-10,113,專業二,10,N02,護理過程,C,2,下列護理目標的敘寫，何者最合宜？
113-專業二-11,113,專業二,11,N02,護理過程,C,2,下列護理診斷處理的優先順序何者正確？ ① 腹瀉 ② 低效性呼吸型態 ③ 潛在危險性跌倒 ④ 防衛性因應行為
113-專業二-12,113,專業二,12,N02,護理過程,D,2,家屬主訴病人在家與友人喝完一瓶高粱酒後，因噁心感及劇烈的胃痛而入院，抽血檢查 結果血中澱粉酶和脂肪酶異常升高，診斷急性胰
113-專業二-13,113,專業二,13,N10,個人衛生與皮膚照護（含壓傷）,B,2,有關口腔護理的敘述，下列何者正確？
113-專業二-14,113,專業二,14,N10,個人衛生與皮膚照護（含壓傷）,A,2,病人罹患糖尿病 10 年，給予足部護理時何者最適當？
113-專業二-15,113,專業二,15,N10,個人衛生與皮膚照護（含壓傷）,D,2,病人75歲，左手靜脈點滴注射中，虛弱無法下床，為其執行床上沐浴時，下列敘述何者正確？ ① 可用 50 % 酒精擦拭增加血
113-專業二-16,113,專業二,16,N08,安全、約束、姿勢與活動,B,2,有關仰臥姿擺位的注意事項，下列何者正確？ ① 膝膕處要放置軟枕頭以利血液循環 ② 要使用足托板防垂足 ③ 腰到膝關節應置
113-專業二-17,113,專業二,17,N08,安全、約束、姿勢與活動,C,2,有關擺位姿勢的敘述，下列何者正確？ ① 坐臥姿重心在臀部，膝下需墊枕頭以免壓迫神經 ② 俯臥姿最容易受壓的部位是薦骨和足
113-專業二-18,113,專業二,18,N08,安全、約束、姿勢與活動,C,2,中風病人右側肢體無力，右側上肢和下肢肌力可對抗地心引力，但無法抵抗阻力，對肌力 評估結果與建議，下列敘述何者正確？
113-專業二-19,113,專業二,19,N08,安全、約束、姿勢與活動,A,2,關節運動方向的名詞敘述，下列何者正確？
113-專業二-20,113,專業二,20,N08,安全、約束、姿勢與活動,B,2,下列何者屬於等長運動？ ① 舉重訓練 ② 走路 ③ 伏地挺身 ④ 凱格爾氏運動 ( Kegel ' s exerc
113-專業二-21,113,專業二,21,N08,安全、約束、姿勢與活動,D,2,有關約束方法的敘述，下列何者正確？
113-專業二-22,113,專業二,22,N08,安全、約束、姿勢與活動,B,2,有關軀幹能做的活動類型，下列何者正確？ ① 屈曲 ② 伸展 ③ 外展 ④ 內收 ⑤ 過度伸展 ⑥ 側屈 ⑦ 
113-專業二-23,113,專業二,23,N09,休息與睡眠,D,2,有關睡眠生理的敘述，下列何者正確？
113-專業二-24,113,專業二,24,N09,休息與睡眠,D,2,根據國際睡眠障礙分類法 ( International Classification of Sleep Disorder
113-專業二-25,113,專業二,25,N06,生命徵象,C,2,病人手術後第二日體溫 39.2 ℃，第三、四日體溫 36.2 ～ 36.9 ℃，第五日 38.6 ℃，此為何種 發燒型態
113-專業二-26,113,專業二,26,N06,生命徵象,A,2,測量病人脈膊時發現心尖脈速率 82 次／ 分鐘，橈動脈速率 70 次／分鐘，此脈律可能為？
113-專業二-27,113,專業二,27,N06,生命徵象,D,2,以彈簧式血壓計測量成人血壓的操作方式，下列何者正確？ ① 壓脈帶置於肘關節上 1 ～ 2 吋處 ② 聽診器鐘面置於肱動脈
113-專業二-28,113,專業二,28,N06,生命徵象,C,2,對於測量脈搏的敘述，下列何者正確？
113-專業二-29,113,專業二,29,N15,冷熱療法,C,2,有關冷熱療法之應用，下列何者是透過「輻射」進行能量轉移？
113-專業二-30,113,專業二,30,N15,冷熱療法,B,2,有關冷療的生理反應，下列何者正確？
113-專業二-31,113,專業二,31,N15,冷熱療法,A,2,應用溫水坐浴協助病人痔瘡收斂及促進血液循環，下列護理措施何者適當？
113-專業二-32,113,專業二,32,N11,營養與管灌飲食,A,2,哪一項生化測量指標最能反應病人最近 3 週的營養狀況？
113-專業二-33,113,專業二,33,N11,營養與管灌飲食,B,2,醫囑需要插鼻胃管並同時抽取胃液進行細胞學檢查，下列何者正確？
113-專業二-34,113,專業二,34,N13,給藥與醫囑,C,2,Cefamezine 用於成人靜脈注射之單次劑量為 500 mg 2 vial，依楊氏法則 ( Young ' s ru
113-專業二-35,113,專業二,35,N13,給藥與醫囑,C,2,醫囑「0.3 % Ofloxin Otic soulation A . U . q . i . d .」及「0.01 %
113-專業二-36,113,專業二,36,N13,給藥與醫囑,A,2,下列何種食物可與抗凝血劑 ( Warfarin ) 同時服用？
113-專業二-37,113,專業二,37,N13,給藥與醫囑,B,2,有關皮下注射部位的選擇，下列何者適當？ ① 肩胛骨下方 ② 腹臀區 ③ 上臂三角肌 ④ 股外側肌 ⑤ 大腿中段前
113-專業二-38,113,專業二,38,N13,給藥與醫囑,D,2,協助同時需使用油劑和水劑之眼藥水的病人執行眼滴藥，下列何者正確？
113-專業二-39,113,專業二,39,N11,營養與管灌飲食,C,2,預防病人因管灌餵食造成肺吸入的合併症，哪些預防措施最適當？ ① 灌食前確認導管位置在胃部 ② 胃內殘存超過 100 c 
113-專業二-40,113,專業二,40,N14,輸液、輸血與體液電解質,D,2,有關輸血的敘述，下列何者正確？ ① 輸血時僅能併用生理食鹽水 ② 含紅血球血品應在 6 小時內輸畢 ③ 最開始 15 分
113-專業二-41,113,專業二,41,N14,輸液、輸血與體液電解質,A,2,病人靜脈注射部位溫度較高， 穿刺部位沿靜脈出現一條紅線有疼痛感 ， 何種處置最恰當？
113-專業二-42,113,專業二,42,N12,排泄（排尿、導尿、灌腸、排便）,A,2,有關小量灌腸的敘述，下列何者正確？
113-專業二-43,113,專業二,43,N12,排泄（排尿、導尿、灌腸、排便）,D,2,有關結腸灌洗的敘述，下列何者錯誤？
113-專業二-44,113,專業二,44,N07,檢體收集與檢查,C,2,有關尿液檢體收集及分析報告的敘述，下列何者正確？
113-專業二-45,113,專業二,45,N12,排泄（排尿、導尿、灌腸、排便）,B,2,有關急迫性尿失禁的敘述，下列何者正確？
113-專業二-46,113,專業二,46,N16,傷口照護與繃帶包紮,B,2,右肩關節受傷的病人，使用何種包紮法較為適當？
113-專業二-47,113,專業二,47,N16,傷口照護與繃帶包紮,B,2,有關頭部三角巾包紮法的敘述，下列何者錯誤？
113-專業二-48,113,專業二,48,N18,臨終與遺體護理,A,2,有關臨終病人的照護重點，下列何者最適當？
113-專業二-49,113,專業二,49,N07,檢體收集與檢查,A,2,下列何種細菌培養檢體採集後，不適合置放於冰箱 4 ℃ 環境下保存？
113-專業二-50,113,專業二,50,N07,檢體收集與檢查,B,2,下列何者最有可能造成紅血球沉降率 ( ESR ) 下降？ ① 肺結核 ② 風濕性心臟病 ③ 溶血性黃疸 ④ 鬱血性
113-國文-01,113,國文,1,C01,字音字形,D,2,下列文句中，空格處的正確用字依序為何？ 他死心□地的守著老宅，無視於殘破得一□糊塗的垣壁，每天掃□而臥，唯恐被人隨意 潛
113-國文-02,113,國文,2,C01,字音字形,A,2,下列選項中畫底線的詞語，何者用字完全正確？
113-國文-03,113,國文,3,C01,字音字形,A,2,下列選項「」中的讀音，前後相同的是：
113-國文-04,113,國文,4,C02,字詞義與詞語辨析,D,2,下列「」內的詞義，前後相同的選項是：
113-國文-05,113,國文,5,C02,字詞義與詞語辨析,D,2,下列選項中的「蕭蕭」，何者不是描寫聲音？
113-國文-06,113,國文,6,C02,字詞義與詞語辨析,D,2,下列甲、乙、丙、丁前後「」中的詞語，替換後意義不變的選項是： 甲、棄「黔首」以資敵國：「布衣」 乙、元和十年，予「左遷」
113-國文-07,113,國文,7,C03,詞語與成語運用,C,2,閱讀下文，空格處最適合填入的詞語依序是： 即使行銷的是同一種產品，每一個廣告溝通的目標受眾也只會有一種，□□確認廣告要 
113-國文-08,113,國文,8,C03,詞語與成語運用,B,2,閱讀下文，空格處最適合填入的詞語依序是： 造出「吃一行恨一行」這句話的人，其用心可能是勸勉大家安分守己，但是這句話也道 
113-國文-09,113,國文,9,C03,詞語與成語運用,C,2,下列選項「」內的詞語，何者使用最恰當？
113-國文-10,113,國文,10,C03,詞語與成語運用,B,2,閱讀下文，空格處最適合填入的詞語依序是： 賈寶玉因故被打，林黛玉哭紅眼睛。寶玉讓人給黛玉送兩塊舊手絹以表心跡，黛玉收到 
113-國文-11,113,國文,11,C04,語法、修辭與表達,A,2,下列文句，何者沒有冗贅的情形？
113-國文-12,113,國文,12,C04,語法、修辭與表達,D,2,下文是一篇報導，對於文中畫底線處的病句診斷與修改建議，何者不適當？ 「飢餓」是指身體的不適感，而「糧食不安全」通常是指家
113-國文-13,113,國文,13,C04,語法、修辭與表達,D,2,譬喻修辭法中的「略喻」，指省略中間的「喻詞」，只保留「喻體」和「喻依」，常見 於廣告標語中，例如「一張訂單，一輩子的承諾
113-國文-14,113,國文,14,C04,語法、修辭與表達,D,2,在〈出師表〉中，「三顧臣於草廬之中，諮臣以當世之事，(由是感激)，【遂許先帝以 驅馳】」，屬於先因 ( ) 後果【 】的
113-國文-15,113,國文,15,C05,文句排序與安排,B,2,下列是一段中間拆散的文句，請依文意選出排列順序最恰當的選項︰ 我其實仍然可以像昨天一樣，再陪他一次， 甲、他有屬於他的一
113-國文-16,113,國文,16,C07,應用文,C,2,請檢視右列訃聞內容，選出正確選項：
113-國文-17,113,國文,17,C06,文學與國學常識,D,2,下列選項「 」中的馬車相關用語，與右圖對應錯誤的是：
113-國文-18,113,國文,18,C06,文學與國學常識,A,2,下列是大雄的筆記，請依內容判斷這是哪一位作家？  新月派現代詩人  《 人間四月天 》：描述他一生的愛情故事  詩
113-國文-19,113,國文,19,C08,文言文閱讀,D,2,下列選項，何者最符合上文文意？
113-國文-20,113,國文,20,C08,文言文閱讀,A,2,依上文，下列選項何者最能說明墨子說服公輸盤的策略？
113-國文-21,113,國文,21,C06,文學與國學常識,A,2,依上圖，判斷甲、乙應分別填入何者？
113-國文-22,113,國文,22,C06,文學與國學常識,C,2,某國文課本收錄〈鴻門宴〉、〈燭之武退秦師〉兩篇文章，若要搭配上圖，放入①、 ②、③、④之中，何者正確？
113-國文-23,113,國文,23,C09,白話文學閱讀,C,2,依據上文，何者為作者提筆寫書的原因？
113-國文-24,113,國文,24,C09,白話文學閱讀,B,2,上文中「我把一分一秒填進了方格子裡」，如果是以「一分一秒」替代「所書寫的文 字」。下列選項，何者也是運用相近的手法？
113-國文-25,113,國文,25,C08,文言文閱讀,C,2,依據上文，作者寫作本文的主要意旨為何？
113-國文-26,113,國文,26,C08,文言文閱讀,C,2,文中關於「一至」、「再至」、「三至」三遊萬柳堂的心情，與下列敘述何者最接近？
113-國文-27,113,國文,27,C08,文言文閱讀,A,2,下列選項中依序對上文各段文意脈絡的說明，何者正確？
113-國文-28,113,國文,28,C08,文言文閱讀,B,2,依據上文，下列關於拾遺廟的敘述何者正確？ 2.貞祐：金宣宗年號
113-國文-29,113,國文,29,C08,文言文閱讀,C,2,依據甲、乙二文，判斷下列①、②的敘述，選出正確選項： ①甲文中所提及之「詩碑」，應指乙文所說的〈彭衙行〉石刻 ②杜甫因寫
113-國文-30,113,國文,30,C08,文言文閱讀,C,2,下列選項，何者與拾遺廟改塑十婦人像的致誤原因最接近？
113-國文-31,113,國文,31,C09,白話文學閱讀,C,2,依據文意，文章中畫線處最適合填入的句子是：
113-國文-32,113,國文,32,C09,白話文學閱讀,A,2,文章中提到「自然世界只是一個無所感的存在」，下列選項何者與此意旨最接近？
113-國文-33,113,國文,33,C09,白話文學閱讀,B,2,下列選項，何者是甲、乙二文共同的書寫面向？
113-國文-34,113,國文,34,C09,白話文學閱讀,C,2,下列關於甲、乙二文寫作脈絡的比較，何者正確？
113-國文-35,113,國文,35,C09,白話文學閱讀,B,2,下列關於甲、乙二文畫底線處寫作技巧以及所形成效果的說明，何者正確？
113-國文-36,113,國文,36,C10,知識性與圖表閱讀,B,2,依據上文，下列關於臺灣地牛神話的敘述，何者正確？
113-國文-37,113,國文,37,C10,知識性與圖表閱讀,B,2,如果以右圖輔助上文的論述，下列選項，何者最能說明右圖的功能？
113-國文-38,113,國文,38,C10,知識性與圖表閱讀,B,2,小華尋找地震神話資料時，發現了下面的說法。依據此說法以及上文文意，判斷下列 ①、②關於臺灣地牛神話發展脈絡的敘述，選出正
113-國文-39,113,國文,39,C08,文言文閱讀,B,2,依據上文，馬孝廉的舉止思維，最符合下列何項敘述？
113-國文-40,113,國文,40,C08,文言文閱讀,D,2,依據上文，判斷下列①、②關於事件中因果關係的敘述，選出正確選項： ①因為李家嫉妒孝廉名聲，所以與村人共謀陷害 ②因為關神
113-國文-41,113,國文,41,C08,文言文閱讀,D,2,有關本文的寫作手法，下列敘述何者正確？
113-國文-42,113,國文,42,C08,文言文閱讀,D,2,下列關於甲文的說明，何者正確？
113-國文-43,113,國文,43,C08,文言文閱讀,C,2,判斷下列①、②關於乙文解析甲文的說明，選出正確選項： ①「有固定的節奏與較為寬泛的音韻」，可從甲文畫線處文句得到印證 ②
113-國文-44,113,國文,44,C08,文言文閱讀,C,2,若從字面的文句意思，將描摹景色的文句稱為「景語」，例如「清風徐來，水波不 興」；將抒發情感的文句稱為「情語」，例如「是造
113-國文-45,113,國文,45,C10,知識性與圖表閱讀,D,2,關於登革熱的敘述，下列選項何者正確？
113-國文-46,113,國文,46,C10,知識性與圖表閱讀,A,2,上文關於登革熱的說明面向，包括下列何者？ ①發病過程 ②傳染媒介 ③治療方式 ④疫苗研發 ⑤致死機率
113-國文-47,113,國文,47,C10,知識性與圖表閱讀,A,2,文中提到「登革熱有不同名稱」，並舉例說明的主要目的為何？
113-國文-48,113,國文,48,C10,知識性與圖表閱讀,A,2,依據上文，下列敘述何者與文中觀點最為符合？
113-國文-49,113,國文,49,C10,知識性與圖表閱讀,B,2,依據上文，將下列這段文句加在文中何處？最能符合文章敘述脈絡： 再從行星的運行 ( 克卜勒定律 ) 到植物花瓣的數目，我們
113-國文-50,113,國文,50,C10,知識性與圖表閱讀,B,2,依上文文意，判斷下列①、②的敘述，選出正確選項： ①元素週期表整齊對稱的形式，是科學家依黃金比例展現的創造力 ②因建造胡
113-英文-01,113,英文,1,E01,字彙題,B,2,The change in the average weather in a region over a long pe
113-英文-02,113,英文,2,E01,字彙題,D,2,The college conducted a survey to the careers students were 
113-英文-03,113,英文,3,E01,字彙題,C,2,Scientists have continued to make important in the fight aga
113-英文-04,113,英文,4,E01,字彙題,B,2,You should carefully read the contract to get to know the te
113-英文-05,113,英文,5,E01,字彙題,A,2,A quick to earthquake warnings can reduce the threat of dama
113-英文-06,113,英文,6,E01,字彙題,D,2,"In Taiwan, drivers must stop their to allow people to cross "
113-英文-07,113,英文,7,E01,字彙題,C,2,Nancy is using many apps on her tablet that have made studyi
113-英文-08,113,英文,8,E01,字彙題,A,2,"Because of an grant from the government, the team could cont"
113-英文-09,113,英文,9,E01,字彙題,B,2,The figures in this edition of business journal the housing 
113-英文-10,113,英文,10,E01,字彙題,D,2,Doctors believe that many serious illnesses can be avoided i
113-英文-11,113,英文,11,E01,字彙題,A,2,"After receiving a call for help, my uncle came and skillfull"
113-英文-12,113,英文,12,E01,字彙題,C,2,In order to show the value of a new product to their current
113-英文-13,113,英文,13,E01,字彙題,B,2,"To build healthy relationships, it is essential for us to a "
113-英文-14,113,英文,14,E01,字彙題,D,2,"The company developed three types of software, data analysis"
113-英文-15,113,英文,15,E01,字彙題,A,2,The umbrella Jenny just bought is made of very material so t
113-英文-16,113,英文,16,E02,對話題,D,2,Sam: This is my first time studying abroad. It’s been exciti
113-英文-17,113,英文,17,E02,對話題,B,2,Jessica: Did you hear about the big factory fire last week? 
113-英文-18,113,英文,18,E02,對話題,C,2,"Doctor: Good afternoon, Mr. Johnson. What can I do for you? "
113-英文-19,113,英文,19,E02,對話題,A,2,Tom: Aren’t you worried that AI is gonna take away our jobs 
113-英文-20,113,英文,20,E02,對話題,C,2,Taxi driver: I’ll put your luggage in the trunk for you. Whe
113-英文-21,113,英文,21,E02,對話題,D,2,Julia: How’s your new place? That’s quite far away from your
113-英文-22,113,英文,22,E02,對話題,B,2,Alex: The Aowanda National Forest Recreation Area is incredi
113-英文-23,113,英文,23,E02,對話題,D,2,Sophie: I’d like to apply for the opening position as a part
113-英文-24,113,英文,24,E02,對話題,A,2,"Receptionist: Hello, Hogwarts Language College. How may I he"
113-英文-25,113,英文,25,E02,對話題,C,2,Daniel: Have you noticed how noisy it’s been inside our buil
113-英文-26,113,英文,26,E03,綜合測驗（克漏字）,D,2,
113-英文-27,113,英文,27,E03,綜合測驗（克漏字）,A,2,
113-英文-28,113,英文,28,E03,綜合測驗（克漏字）,B,2,
113-英文-29,113,英文,29,E03,綜合測驗（克漏字）,C,2,
113-英文-30,113,英文,30,E03,綜合測驗（克漏字）,C,2,
113-英文-31,113,英文,31,E03,綜合測驗（克漏字）,D,2,
113-英文-32,113,英文,32,E03,綜合測驗（克漏字）,B,2,
113-英文-33,113,英文,33,E03,綜合測驗（克漏字）,A,2,
113-英文-34,113,英文,34,E03,綜合測驗（克漏字）,C,2,
113-英文-35,113,英文,35,E03,綜合測驗（克漏字）,B,2,
113-英文-36,113,英文,36,E03,綜合測驗（克漏字）,D,2,
113-英文-37,113,英文,37,E03,綜合測驗（克漏字）,A,2,
113-英文-38,113,英文,38,E04,閱讀測驗,D,2,Which of the following is the most likely title for the pres
113-英文-39,113,英文,39,E04,閱讀測驗,A,2,"According to the presentation slide, which of the following "
113-英文-40,113,英文,40,E04,閱讀測驗,B,2,Which of the following statements does the presentation slid
113-英文-41,113,英文,41,E04,閱讀測驗,C,2,"According to the chart, which is the number one consideratio"
113-英文-42,113,英文,42,E04,閱讀測驗,A,2,"According to the chart, which of the following statements is"
113-英文-43,113,英文,43,E04,閱讀測驗,B,2,Which combination of factors will have the highest possibili
113-英文-44,113,英文,44,E04,閱讀測驗,B,2,What is the best title for this passage?
113-英文-45,113,英文,45,E04,閱讀測驗,C,2,"According to the passage, which of the following is NOT a re"
113-英文-46,113,英文,46,E04,閱讀測驗,A,2,"According to the passage, which of the following statements "
113-英文-47,113,英文,47,E04,閱讀測驗,A,2,What is the main idea of the passage?
113-英文-48,113,英文,48,E04,閱讀測驗,C,2,"According to the passage, which of the following is a shoppi"
113-英文-49,113,英文,49,E04,閱讀測驗,D,2,"According to the passage, which of the following is one nega"
113-英文-50,113,英文,50,E04,閱讀測驗,B,2,"According to the passage, which of the following is NOT a su"
114-專業一-01,114,專業一,1,A01,人體概論、細胞與組織,D,2,下列何者位在右季肋區 ( right hypochondriac region ) ？
114-專業一-02,114,專業一,2,A02,皮膚系統,B,2,有關皮膚系統表皮層 ( epidermis ) 的敘述，下列何者正確？
114-專業一-03,114,專業一,3,A01,人體概論、細胞與組織,B,2,輸卵管的內襯細胞是屬於何種上皮細胞？
114-專業一-04,114,專業一,4,A01,人體概論、細胞與組織,C,2,有關膜 ( membranes ) 的敘述及比較，下列何者正確？
114-專業一-05,114,專業一,5,A03,骨骼與關節,C,2,下列何者屬於顏面骨 ( facial bones ) ？ ① 額骨 ( frontal bone ) ② 上頜骨 ( m
114-專業一-06,114,專業一,6,A03,骨骼與關節,C,2,顴弓 ( zygomatic arch ) 是由下列何者之部分構造所組成？ ① 上頜骨 ( maxilla ) ② 顳骨
114-專業一-07,114,專業一,7,A03,骨骼與關節,A,2,連接於胸骨角 ( sternal angle ) 之肋骨 ( rib ) 為何？
114-專業一-08,114,專業一,8,A03,骨骼與關節,A,2,頭部前後點頭動作 ( nodding motion ) 主要由何關節 ( joint ) 進行？
114-專業一-09,114,專業一,9,A03,骨骼與關節,D,2,有關關節組成的敘述，下列何者錯誤？
114-專業一-10,114,專業一,10,A04,肌肉系統,A,2,有關咀嚼肌的敘述，下列何者正確？
114-專業一-11,114,專業一,11,A04,肌肉系統,C,2,肌肉肥大 ( muscle hypertrophy ) 是因下列何種結構數量增加？
114-專業一-12,114,專業一,12,A04,肌肉系統,D,2,下列哪一條肌肉與維持陰莖或陰蒂的勃起有關？
114-專業一-13,114,專業一,13,A05,神經系統,B,2,有關腦脊髓膜 ( meninges ) 的敘述，下列何者正確？
114-專業一-14,114,專業一,14,A05,神經系統,B,2,有關大腦功能區 ( functional cortical area ) 的敘述，下列何者正確？
114-專業一-15,114,專業一,15,A05,神經系統,A,2,有關自主神經系統 ( autonomic nervous system ) 的敘述，下列何者正確？
114-專業一-16,114,專業一,16,A07,內分泌系統,D,2,以下哪些激素由下視丘 ( hypothalamus ) 合成？ ① 抗利尿激素 ( antidiuretic hormo
114-專業一-17,114,專業一,17,A09,心臟與血管,A,2,鎖骨下動脈 ( subclavian artery ) 與腋動脈 ( axillary artery ) 通常以何構造為
114-專業一-18,114,專業一,18,A09,心臟與血管,D,2,有關心包 ( pericardium ) 的敘述，下列何者正確？
114-專業一-19,114,專業一,19,A10,呼吸系統,C,2,有關氣管 ( trachea ) 的敘述，下列何者正確？
114-專業一-20,114,專業一,20,A11,消化系統與營養代謝,C,2,有關胰臟 ( pancreas ) 的敘述，下列何者正確？
114-專業一-21,114,專業一,21,A11,消化系統與營養代謝,D,2,有關唾液腺 ( salivary glands ) 的敘述，下列何者正確？
114-專業一-22,114,專業一,22,A12,泌尿系統、體液與酸鹼,B,2,下列構造何者只會出現於皮質 ( cortex ) ？ ① 腎絲球 ( glomerulus ) ② 近曲小管 ( pro
114-專業一-23,114,專業一,23,A13,生殖系統與發育,B,2,下列構造由細精管 ( seminiferous tubules ) 至副睪( epididymis ) 的排列順序，何者
114-專業一-24,114,專業一,24,A13,生殖系統與發育,A,2,有關男性與女性生殖細胞減數分裂 ( meiosis ) 的比較，下列何者正確？
114-專業一-25,114,專業一,25,A13,生殖系統與發育,A,2,胚胎發育時期，何處會分泌維持懷孕及胚胎發育生長不可或缺的荷爾蒙？
114-專業一-26,114,專業一,26,A02,皮膚系統,A,2,玻尿酸 ( hyaluronic acid ) 廣泛運用於醫美治療，用來撫平臉上皺紋或是皮膚保濕，這些 療效主要是因為針
114-專業一-27,114,專業一,27,A04,肌肉系統,D,2,有關氧化型慢肌 ( slow oxidative muscle ) 與糖解型快肌 ( fast glycolytic m
114-專業一-28,114,專業一,28,A04,肌肉系統,D,2,下列何者之磷酸化 ( phosphorylation ) 是造成平滑肌收縮的必要步驟？
114-專業一-29,114,專業一,29,A05,神經系統,A,2,用於治療思覺失調症 ( schizophrenia ) 的多巴胺受體拮抗劑藥物，會引起類似帕金森氏症 ( Parkins
114-專業一-30,114,專業一,30,A05,神經系統,BC,2,有關刺激強度對動作電位 ( action potential ) 頻率的影響，在相對不反應期間 ( relative r
114-專業一-31,114,專業一,31,A05,神經系統,A,2,"有關副交感神經分泌的乙醯膽鹼 ( acetylcholine , ACh ) 對臟器的作用效應，下列何者正確？"
114-專業一-32,114,專業一,32,A05,神經系統,B,2,周邊神經系統中的軸突被髓鞘包覆，其主要功能是？
114-專業一-33,114,專業一,33,A07,內分泌系統,A,2,有關甲狀腺素的合成、分泌與相關疾病的敘述，下列何者正確？
114-專業一-34,114,專業一,34,A07,內分泌系統,D,2,下列哪些主要因子會促進胰島素從β 細胞 ( beta cell ) 分泌？ ① 血漿葡萄糖增加 ② 血漿胺基酸增加 ③ 
114-專業一-35,114,專業一,35,A08,血液、淋巴與免疫,A,2,下列血液凝固因子何者屬於外在路徑？
114-專業一-36,114,專業一,36,A09,心臟與血管,B,2,有關心室肌細胞膜電位形成過程，鉀離子主要參與的敘述，下列何者正確？
114-專業一-37,114,專業一,37,A09,心臟與血管,C,2,若有一人其血壓之收縮壓為 120 mmHg，舒張壓為 90 mmHg，則平均動脈壓為多少 mmHg？
114-專業一-38,114,專業一,38,A09,心臟與血管,D,2,有關各種血管結構與功能特性的敘述，下列何者正確？
114-專業一-39,114,專業一,39,A11,消化系統與營養代謝,A,2,有關胃酸分泌的敘述，下列何者正確？
114-專業一-40,114,專業一,40,A11,消化系統與營養代謝,B,2,下列何者可以促進結腸 ( colon ) 產生團塊運動 ( mass movement ) ？
114-專業一-41,114,專業一,41,A01,人體概論、細胞與組織,C,2,下列何種生理現象屬於次級主動運輸作用？
114-專業一-42,114,專業一,42,A10,呼吸系統,C,2,有關造成平靜時正常吸氣動作的敘述，下列何者正確？
114-專業一-43,114,專業一,43,A10,呼吸系統,B,2,表面活性劑( surfactant ) 由下列何者所分泌？
114-專業一-44,114,專業一,44,A10,呼吸系統,D,2,"當運動員在海拔 3,000 公尺的高山進行訓練，造成人體生理狀態調整的敘述，下列何者 正確？"
114-專業一-45,114,專業一,45,A01,人體概論、細胞與組織,C,2,感冒生病時覺得畏寒，就算蓋很多被子也覺得冷，是由於下列何種原因造成？
114-專業一-46,114,專業一,46,A12,泌尿系統、體液與酸鹼,B,2,腎臟主要負責過濾血液的結構，位於下列哪個區域？
114-專業一-47,114,專業一,47,A12,泌尿系統、體液與酸鹼,C,2,腎臟藉由釋放哪一種激素來調節紅血球的生成？
114-專業一-48,114,專業一,48,A12,泌尿系統、體液與酸鹼,C,2,臨床上使用腎臟清除率 ( renal clearance ) 評估腎臟功能，下列何種情況腎臟清除率等於 腎絲球過濾率 (
114-專業一-49,114,專業一,49,A13,生殖系統與發育,D,2,有關陰莖勃起與射精的敘述，下列何者正確？
114-專業一-50,114,專業一,50,A13,生殖系統與發育,B,2,有關參與分娩時身體激素與其回饋作用變化，下列何者正確？
114-專業二-01,114,專業二,1,N01,護理專業、法規與醫療環境,A,2,有關提升舒適與安全「醫療物理環境」的敘述，下列何者正確？
114-專業二-02,114,專業二,2,N02,護理過程,A,2,病人出現腹痛、嘔吐、血壓 166 / 92 mmHg、體溫 39 ℃、閉眼皺眉、發出呻吟聲、腸蠕動 4 次 / 分鐘、無
114-專業二-03,114,專業二,3,N04,溝通與護病關係,A,2,下列護理師所言，何者屬於治療性溝通技巧？
114-專業二-04,114,專業二,4,N04,溝通與護病關係,D,2,有關專業性人際關係的「介紹期」( orientation phase ) 階段，下列何者錯誤？
114-專業二-05,114,專業二,5,N03,護理紀錄與交班,B,2,"「1. Hypertension , under medical control , 2. Diabetes melli"
114-專業二-06,114,專業二,6,N03,護理紀錄與交班,B,2,下列哪些項目，需呈現在生命徵象紀錄表體溫 40 ℃ 以上的欄位記錄？ ① 自動出院 ( A . A . D . ) ② 
114-專業二-07,114,專業二,7,N03,護理紀錄與交班,D,2,有關以焦點記錄法 ( DART ) 的敘述，下列何者正確？
114-專業二-08,114,專業二,8,N05,感染控制與消毒滅菌,C,2,有關與感染相關的定義，下列何者正確？
114-專業二-09,114,專業二,9,N05,感染控制與消毒滅菌,C,2,有關中斷感染鏈的循環模式，以遏止感染傳播的措施，下列何者正確？
114-專業二-10,114,專業二,10,N02,護理過程,C,2,有關主觀資料 ( subjective data ) 的敘述，下列何者最適當？ ① 體重下降 3 公斤 ② 家屬說病人常
114-專業二-11,114,專業二,11,N02,護理過程,A,2,病人因心臟衰竭入院，下列哪一項護理診斷應優先被處理？
114-專業二-12,114,專業二,12,N02,護理過程,C,2,有關護理診斷的書寫，下列敘述何者最適當？
114-專業二-13,114,專業二,13,N08,安全、約束、姿勢與活動,C,2,下列何種情境適合採膝胸臥姿？ ① 陰道灌洗 ② 部分腸阻塞灌腸 ③ 肛門檢查 ④ 促進產後子宮復原 ⑤ 脊椎矯正
114-專業二-14,114,專業二,14,N08,安全、約束、姿勢與活動,A,2,病人右胸放置引流管，應採哪種姿位以促進引流效果？
114-專業二-15,114,專業二,15,N10,個人衛生與皮膚照護（含壓傷）,D,2,有關指 ( 趾 ) 甲的護理措施，下列何者正確？
114-專業二-16,114,專業二,16,N08,安全、約束、姿勢與活動,A,2,有關俯臥姿勢的應用與注意事項，下列何者最適當？
114-專業二-17,114,專業二,17,N08,安全、約束、姿勢與活動,A,2,有關使用防護性設備的敘述，下列何者正確？ ① 砂袋可以預防肢體外翻及垂腕 ② 足托板高度應低於腳趾，使腳趾有足夠活動空間
114-專業二-18,114,專業二,18,N10,個人衛生與皮膚照護（含壓傷）,B,2,82 歲病人因糖尿病足感染住院，住院期間因腹瀉嚴重導致皮膚受損，換藥時會主訴 疼痛，下床時需要人協助，以輪椅代步。下列哪
114-專業二-19,114,專業二,19,N08,安全、約束、姿勢與活動,D,2,有關腋下拐杖行走步態的敘述，下列何者最適當？
114-專業二-20,114,專業二,20,N08,安全、約束、姿勢與活動,D,2,有關足踝的全關節運動，包括下列哪些動作？ ① 內旋 ( internal rotation ) ② 外翻 ( evers
114-專業二-21,114,專業二,21,N08,安全、約束、姿勢與活動,B,2,協助 10 個月的嬰兒在手背施打靜脈注射治療，此時宜採下列何種約束法最適當？
114-專業二-22,114,專業二,22,N09,休息與睡眠,C,2,有關睡眠快速動眼期 ( REM ) 的敘述，下列何者正確？
114-專業二-23,114,專業二,23,N09,休息與睡眠,C,2,有關影響睡眠的因素，下列何者正確？ ① 褪黑激素 ( melatonin ) 可促進睡眠 ② 抗憂鬱劑會增加 REM 睡
114-專業二-24,114,專業二,24,N08,安全、約束、姿勢與活動,C,2,有關協助臥床病人執行被動性全關節運動的敘述，下列何者正確？
114-專業二-25,114,專業二,25,N06,生命徵象,C,2,測量病人在 30 秒內的呼吸速率和深度完全不規則，其中出現一次呼吸暫停，此呼吸型態 為下列何者？
114-專業二-26,114,專業二,26,N06,生命徵象,D,2,有關熱衰竭 ( heat exhaustion ) 的敘述，下列何者正確？ ① 體溫高於 42 ℃ ② 脈搏快而弱 ③ 
114-專業二-27,114,專業二,27,N06,生命徵象,A,2,有關脈搏測量部位的敘述，下列何者正確？ ① 頸動脈：胸鎖乳突肌外側與鎖骨交接處 ② 肱動脈：肘關節內側 ③ 股動脈：鼠
114-專業二-28,114,專業二,28,N06,生命徵象,A,2,有關測量血壓的注意事項，下列何者最適當？
114-專業二-29,114,專業二,29,N15,冷熱療法,C,2,有關「熱療」所產生的生理反應，下列何者正確？ ① 結締組織伸展性減小 ② 微血管通透性增加 ③ 神經傳導速率加快 ④ 血
114-專業二-30,114,專業二,30,N15,冷熱療法,B,2,協助 73 歲病人使用熱水袋的相關措施，下列何者正確？ ① 熱水袋盛熱水至 3 / 4 滿 ② 調整水溫至 47.1 ℃
114-專業二-31,114,專業二,31,N15,冷熱療法,D,2,有關冷療的適應症，下列何者正確？
114-專業二-32,114,專業二,32,N11,營養與管灌飲食,B,2,有關影響營養攝取的因素，下列何者正確？ ① 刺激下視丘外側核會增加食慾和飲食 ② 壓力會興奮副交感神經使腸蠕動變快 ③ 
114-專業二-33,114,專業二,33,N11,營養與管灌飲食,A,2,下列哪些徵象顯示個案可能有營養不良的風險？ ① 身高 170 公分體重 52 公斤 ② 運鐵蛋白 180 mg / dL
114-專業二-34,114,專業二,34,N11,營養與管灌飲食,B,2,有關鼻胃管灌食方法的敘述，下列何者正確？
114-專業二-35,114,專業二,35,N13,給藥與醫囑,B,2,醫囑「Nystatin 100000 units 1 # supp qd」，下列何者為其給藥途徑？
114-專業二-36,114,專業二,36,N13,給藥與醫囑,D,2,有關兒童給藥的劑量計算公式，下列何者最精確？
114-專業二-37,114,專業二,37,N13,給藥與醫囑,D,2,醫師於 114 年 4 月 28 日 22： 00 開立醫囑「Meperidine 50 mg IM S . O . S
114-專業二-38,114,專業二,38,N13,給藥與醫囑,C,2,護理師協助成年病人同時使用 0.01 % Neostigmine Oph sol . 和 0.3 % Gendermin
114-專業二-39,114,專業二,39,N13,給藥與醫囑,C,2,當病人需同時口服不同劑型的藥物時，下列給藥順序何者正確？
114-專業二-40,114,專業二,40,N14,輸液、輸血與體液電解質,B,2,有關成人輸血技術的敘述，下列何者正確？ ① 宜選用 18 ～ 20 號注射針頭 ② 輸血前先接上 D 5 S 建立輸液管
114-專業二-41,114,專業二,41,N14,輸液、輸血與體液電解質,A,2,下列哪些情況容易造成代謝性酸中毒？ ① 慢性腎衰竭 ② 嚴重腹瀉 ③ 嗎啡藥物中毒 ④ 鼻胃管流出大量的引流液
114-專業二-42,114,專業二,42,N07,檢體收集與檢查,B,2,有關下腸胃道鋇劑檢查的敘述，下列何者正確？
114-專業二-43,114,專業二,43,N12,排泄（排尿、導尿、灌腸、排便）,C,2,有關排便失禁病人的排便訓練計畫措施，下列何者正確？ ① 評估病人排便失禁的原因 ② 排便後建議以冷水清潔肛門周圍皮膚 ③
114-專業二-44,114,專業二,44,N12,排泄（排尿、導尿、灌腸、排便）,D,2,有關尿瀦留的敘述，下列何者正確？
114-專業二-45,114,專業二,45,N12,排泄（排尿、導尿、灌腸、排便）,D,2,病人因前列腺肥大術後出現大量血尿，依醫囑進行膀胱灌洗，下列何者正確？
114-專業二-46,114,專業二,46,N16,傷口照護與繃帶包紮,C,2,有關螺旋回反包紮法的敘述，下列何者正確？
114-專業二-47,114,專業二,47,N16,傷口照護與繃帶包紮,B,2,有關捲軸繃帶包紮法的敘述，下列何者正確？
114-專業二-48,114,專業二,48,N18,臨終與遺體護理,D,2,進行腦死判定，判定腦幹反射功能的測試項目，下列何者正確？ ① 頭- 眼反射 ② 前庭 - 動眼反射 ③ 抓握反射 ④ 眼
114-專業二-49,114,專業二,49,N05,感染控制與消毒滅菌,C,2,有關傳染性病人出院後，病室終期消毒處理的敘述，下列何者正確？ ① 病室及用物清理前先以紫外線燈照射 30 分鐘 ② 以 
114-專業二-50,114,專業二,50,N07,檢體收集與檢查,B,2,協助病人收集常規尿液檢查，發現尿液呈現橘紅色，可能的原因為何？
114-國文-01,114,國文,1,C01,字音字形,C,2,下列選項中畫底線的詞語，何者用字完全正確？
114-國文-02,114,國文,2,C01,字音字形,C,2,下列選項「」中的讀音，前後相同的選項是：
114-國文-03,114,國文,3,C01,字音字形,A,2,閱讀下文，判斷□依序應填入的字，正確選項為何？ 我與一位留著□子的女孩□論，該如何從花□來□別這是什麼花。結果她輸了不承
114-國文-04,114,國文,4,C02,字詞義與詞語辨析,A,2,下列選項「」中的詞義，前後解釋正確的選項是：
114-國文-05,114,國文,5,C02,字詞義與詞語辨析,C,2,下列文句「」中的詞語，何者用來形容生活窮困？請選出正確選項。 甲、縱一葦之所如，凌萬頃之茫然，浩浩乎如「馮虛御風」 乙、
114-國文-06,114,國文,6,C02,字詞義與詞語辨析,C,2,下列甲、乙、丙、丁前後「」中的詞語，替換後意義不變的選項是： 甲、夫天地者，萬物之「逆旅」：「客舍」 乙、萬里拋朋侶，三
114-國文-07,114,國文,7,C03,詞語與成語運用,D,2,下列選項「」內的詞語，何者使用最恰當？
114-國文-08,114,國文,8,C03,詞語與成語運用,C,2,閱讀下文，判斷空格處最適合填入的詞語依序為何？ 有一種人愛□□□□，只差沒說滾出娘胎那日，□□□□、魚龍羣舞之類的異象。
114-國文-09,114,國文,9,C03,詞語與成語運用,B,2,閱讀下文，判斷空格處最適合填入的詞語依序為何？ 花季開始之前，多少人便昇起了□□的期盼，期盼著花苞泛紅的訊息。花季開始之
114-國文-10,114,國文,10,C04,語法、修辭與表達,A,2,對於下文中畫底線處的病句診斷與修改建議，何者最適當？ 抹香鯨對人的意義不斷更新，從過往的一一獵捕直接利用個體，①到現在以
114-國文-11,114,國文,11,C05,文句排序與安排,C,2,閱讀下文，判斷「腦海常常飄來當年讀的斷句殘篇」一句，最適合填入文中何處？ 拉腰拉脖子要二十分鐘，拉完得側身起床， 甲 ，
114-國文-12,114,國文,12,C09,白話文學閱讀,D,2,閱讀下文，表中關於樂觀、悲觀說法的對應，何者最符合文中「我」的觀點？ 天下只有兩種人。比如一串葡萄到手，一種人挑最好的先
114-國文-13,114,國文,13,C02,字詞義與詞語辨析,D,2,下列「」中的外來語，何者屬於音譯兼義譯？
114-國文-14,114,國文,14,C04,語法、修辭與表達,A,2,李清照〈如夢令〉：「知否，知否？應是綠肥『紅』瘦。」句中的「紅」本為紅色，在 此代指「花」。下列文句中「紅」字的用法，何
114-國文-15,114,國文,15,C06,文學與國學常識,C,2,同學利用課堂分享自己的文學閱讀心得，請判斷以下哪幾位同學的敘述正確？ 同學甲：「《 聊齋志異 》 是我最喜歡的一部章回小
114-國文-16,114,國文,16,C06,文學與國學常識,A,2,以下是ChatGPT 對三位臺灣知名作家的分析，表格中的作者欄由上而下依序應填入： 作家 主要作品 風格特色 貢獻 ？ 
114-國文-17,114,國文,17,C04,語法、修辭與表達,C,2,農曆春節時，人們常會配合當年生肖，將現成詞語改為諧音吉祥話，以表示祝福之意。 下列選項，何者屬於這種類型的吉祥話？
114-國文-18,114,國文,18,C06,文學與國學常識,B,2,下列詩句皆是描述動物，何者配對正確？
114-國文-19,114,國文,19,C10,知識性與圖表閱讀,D,2,王綠豆接獲好友小孩結婚的喜帖，她準備了禮金欣然赴宴。依據甲、乙、丙的資訊， 有關Ⅰ、Ⅱ、Ⅲ的研判，下列選項，何者正確？ 
114-國文-20,114,國文,20,C10,知識性與圖表閱讀,A,2,乙為喜帖信封，①、②、③依序應填入：
114-國文-21,114,國文,21,C09,白話文學閱讀,B,2,依據文意，文章中畫底線處最適合填入的句子是：
114-國文-22,114,國文,22,C09,白話文學閱讀,A,2,依據上文，作者認為的幽默與下列何者最相近？
114-國文-23,114,國文,23,C08,文言文閱讀,C,2,依據上文，判斷文皇帝「始悟，為之大笑」的原因為何？
114-國文-24,114,國文,24,C08,文言文閱讀,D,2,依據上文，解學士用「容易」作為「色難」的對句，下列畫線處的修辭方法，何者與此 最相近？
114-國文-25,114,國文,25,C08,文言文閱讀,A,2,下列選項，何者最能描述吳園次的行為舉止？
114-國文-26,114,國文,26,C08,文言文閱讀,B,2,下列關於上文寫作手法的敘述，何者正確？
114-國文-27,114,國文,27,C08,文言文閱讀,B,2,上文畫底線處的文句均省略了主詞，判斷下列選項在括弧中所補上的主詞，何者正確？
114-國文-28,114,國文,28,C08,文言文閱讀,A,2,下列選項「」中的詞義，前後相同的選項是：
114-國文-29,114,國文,29,C08,文言文閱讀,A,2,故事的寫作手法中，常見預設安排的伏筆，以帶出下文情節並加以呼應。下列選項，何 者的對應正確？ 伏筆 呼應的情節
114-國文-30,114,國文,30,C08,文言文閱讀,C,2,下列關於甲文文意的敘述，何者正確？
114-國文-31,114,國文,31,C08,文言文閱讀,D,2,下列關於乙文觀點的說明，何者正確？
114-國文-32,114,國文,32,C08,文言文閱讀,D,2,下列關於甲、乙二文的比較，何者正確？
114-國文-33,114,國文,33,C09,白話文學閱讀,A,2,依據上文，判斷「每隔兩、三年，這老橡樹開花結果，長出橡實」這一文句加在文中 (甲)、(乙)、(丙)、(丁)何處最為適當？
114-國文-34,114,國文,34,C09,白話文學閱讀,B,2,依文意推斷文末畫底線處缺空的詩句，最適合填入下列何者？
114-國文-35,114,國文,35,C09,白話文學閱讀,D,2,關於上文內容所提及橡樹的資訊，包括下列何者？請選出正確選項。 ①起源歷史 ②花果型態 ③全球分布 ④品種分類 ⑤生長特性
114-國文-36,114,國文,36,C08,文言文閱讀,C,2,下列敘述，何者最符合本文文意？
114-國文-37,114,國文,37,C08,文言文閱讀,D,2,下列①、②是對作者所養蘭花枯萎原因的說明，請選出正確選項。 ①作者認為照顧不周全，以致蘭花的本性改變。 ②客人認為作者拘
114-國文-38,114,國文,38,C08,文言文閱讀,D,2,下列關於本文寫作手法的敘述，何者正確？
114-國文-39,114,國文,39,C08,文言文閱讀,B,2,下列關於甲文文意的敘述，何者正確？
114-國文-40,114,國文,40,C08,文言文閱讀,B,2,乙文使用詞語多處重複，下列關於這些詞語的說明，何者正確？
114-國文-41,114,國文,41,C08,文言文閱讀,A,2,下列關於甲、乙二文的比較，何者正確？
114-國文-42,114,國文,42,C10,知識性與圖表閱讀,D,2,下列關於臺灣棒球發展的敘述，何者最符合上文文意？
114-國文-43,114,國文,43,C10,知識性與圖表閱讀,D,2,下列關於上文寫作手法的敘述，何者正確？
114-國文-44,114,國文,44,C10,知識性與圖表閱讀,B,2,如果要給予上文一段總結式的評論，下列選項何者最適當？
114-國文-45,114,國文,45,C10,知識性與圖表閱讀,A,2,下列關於各國醫書的敘述，何者符合作者的觀點？
114-國文-46,114,國文,46,C10,知識性與圖表閱讀,C,2,上文首段以森林比喻醫學知識發展作為論點，下列關於文中①②③④的呼應，何者 正確？
114-國文-47,114,國文,47,C10,知識性與圖表閱讀,B,2,配合下列「明代醫書各國出版次數」表，關於日、韓醫書發展的推論，何者正確？ 明代醫書各國出版次數 書名(中國初版年) 明代
114-國文-48,114,國文,48,C10,知識性與圖表閱讀,C,2,下列選項，何者最符合甲文觀點？
114-國文-49,114,國文,49,C10,知識性與圖表閱讀,B,2,下列關於乙文文句的解釋，何者錯誤？
114-國文-50,114,國文,50,C10,知識性與圖表閱讀,B,2,下列①、②關於甲、乙二文文意的研判，何者正確？ ①「非人哉！與人期行，相委而去」，乃屬用隱喻委婉罵人。 ②「日中不至，則
114-英文-01,114,英文,1,E01,字彙題,C,2,People discussed food safety as the main of concern after ne
114-英文-02,114,英文,2,E01,字彙題,D,2,"In order to maintain a positive brand image, a business shou"
114-英文-03,114,英文,3,E01,字彙題,B,2,"Liam was happy to see his child’s display of , learning to r"
114-英文-04,114,英文,4,E01,字彙題,A,2,One of the missions for the is to act as a go-between for th
114-英文-05,114,英文,5,E01,字彙題,D,2,"After the global pandemic, the business in many countries gr"
114-英文-06,114,英文,6,E01,字彙題,A,2,"The warning system, through mobile phone messages, people to"
114-英文-07,114,英文,7,E01,字彙題,C,2,The parents will have to the trip because their child is ser
114-英文-08,114,英文,8,E01,字彙題,B,2,"Pollution can the quality of soil and water, thus making it "
114-英文-09,114,英文,9,E01,字彙題,D,2,The sudden increase in cyberattacks has created a significan
114-英文-10,114,英文,10,E01,字彙題,A,2,The invention of the silicon chip was a in the history of th
114-英文-11,114,英文,11,E01,字彙題,C,2,The government must find a way to the problems caused by inc
114-英文-12,114,英文,12,E01,字彙題,B,2,Jason prefers to chop garlic so as to add a strong flavor to
114-英文-13,114,英文,13,E01,字彙題,A,2,"Despite his impressive achievements at work, Tony remained m"
114-英文-14,114,英文,14,E01,字彙題,B,2,More and more young adults have been suffering from mental i
114-英文-15,114,英文,15,E01,字彙題,C,2,The nationwide trade fair held each year has become a source
114-英文-16,114,英文,16,E02,對話題,C,2,"Custom officer: Hello, madam. Could I please see your passpo"
114-英文-17,114,英文,17,E02,對話題,D,2,"Jessica: I’ve been getting into baking recently, especially "
114-英文-18,114,英文,18,E02,對話題,A,2,"Asher: Lately, I’ve been learning to play chess during my br"
114-英文-19,114,英文,19,E02,對話題,C,2,Olivia: I feel like I’m stressed out. Do you have any tips o
114-英文-20,114,英文,20,E02,對話題,B,2,Kitty: I’m really surprised there were not many people at th
114-英文-21,114,英文,21,E02,對話題,A,2,Dave: Look! So many people are doing exercises on the sports
114-英文-22,114,英文,22,E02,對話題,B,2,Peter: Have you heard about the Penghu Fireworks Festival th
114-英文-23,114,英文,23,E02,對話題,A,2,Cindy: Do you think men and women are treated equally at wor
114-英文-24,114,英文,24,E02,對話題,A,2,Mike: Do you think we can completely eliminate plastic waste
114-英文-25,114,英文,25,E02,對話題,B,2,"Angel: Good afternoon, Fashion Outfit. This is Angel speakin"
114-英文-26,114,英文,26,E03,綜合測驗（克漏字）,D,2,
114-英文-27,114,英文,27,E03,綜合測驗（克漏字）,C,2,
114-英文-28,114,英文,28,E03,綜合測驗（克漏字）,B,2,
114-英文-29,114,英文,29,E03,綜合測驗（克漏字）,A,2,
114-英文-30,114,英文,30,E03,綜合測驗（克漏字）,C,2,
114-英文-31,114,英文,31,E03,綜合測驗（克漏字）,D,2,
114-英文-32,114,英文,32,E03,綜合測驗（克漏字）,B,2,
114-英文-33,114,英文,33,E03,綜合測驗（克漏字）,D,2,
114-英文-34,114,英文,34,E03,綜合測驗（克漏字）,C,2,
114-英文-35,114,英文,35,E03,綜合測驗（克漏字）,D,2,
114-英文-36,114,英文,36,E03,綜合測驗（克漏字）,B,2,
114-英文-37,114,英文,37,E03,綜合測驗（克漏字）,A,2,
114-英文-38,114,英文,38,E04,閱讀測驗,D,2,Which of the countries has more than half of its high school
114-英文-39,114,英文,39,E04,閱讀測驗,B,2,Which of the statements is true about high school students’ 
114-英文-40,114,英文,40,E04,閱讀測驗,D,2,Which of the following statements can be inferred from the c
114-英文-41,114,英文,41,E04,閱讀測驗,C,2,Which of the following is the most likely title for the char
114-英文-42,114,英文,42,E04,閱讀測驗,D,2,"According to the chart, which of the following statements is"
114-英文-43,114,英文,43,E04,閱讀測驗,A,2,Which of the following statements can be inferred from the c
114-英文-44,114,英文,44,E04,閱讀測驗,C,2,Which of the following is the best title for this passage?
114-英文-45,114,英文,45,E04,閱讀測驗,A,2,"According to the passage, which of the following drinks is c"
114-英文-46,114,英文,46,E04,閱讀測驗,B,2,"According to the passage, which of the following statements "
114-英文-47,114,英文,47,E04,閱讀測驗,D,2,Which of the changes did Taiwan’s MOA make about wild animal
114-英文-48,114,英文,48,E04,閱讀測驗,A,2,What might happen to zoos or aquariums in Taiwan that do not
114-英文-49,114,英文,49,E04,閱讀測驗,B,2,Which of the following countries will continue to hold dolph
114-英文-50,114,英文,50,E04,閱讀測驗,C,2,Which of the following is NOT a condition for keeping wild a
115-專業一-01,115,專業一,1,A01,人體概論、細胞與組織,C,2,有關解剖學術語與相對位置的敘述，下列何者正確？
115-專業一-02,115,專業一,2,A02,皮膚系統,A,2,有關皮膚附屬腺體的敘述，下列何者正確？
115-專業一-03,115,專業一,3,A01,人體概論、細胞與組織,B,2,有關組織 ( tissue ) 階層的敘述，下列何者正確？
115-專業一-04,115,專業一,4,A04,肌肉系統,CD,2,有關肌肉組織的敘述，下列何者正確？
115-專業一-05,115,專業一,5,A03,骨骼與關節,D,2,骨單位 ( osteon ) 與骨單位之間以何種結構相通？
115-專業一-06,115,專業一,6,A03,骨骼與關節,B,2,第一頸椎與枕骨 ( occipital bone ) 的何處形成寰枕關節 ( atlanto - occipital j
115-專業一-07,115,專業一,7,A03,骨骼與關節,B,2,為了適應懷孕及分娩的需要，兩性骨盆有形態上的差異。關於女性骨盆特徵的敘述，下 列何者正確？
115-專業一-08,115,專業一,8,A03,骨骼與關節,C,2,下列何種足弓 ( arches of the foot ) 的角度扁平會造成扁平足？
115-專業一-09,115,專業一,9,A03,骨骼與關節,A,2,有關滑液關節 ( synovial joint ) 的敘述，下列何者正確？
115-專業一-10,115,專業一,10,A04,肌肉系統,B,2,下列何者不是骨骼肌的特性？
115-專業一-11,115,專業一,11,A04,肌肉系統,D,2,下列哪些肌肉可下壓舌骨？ ① 胸舌骨肌 ( sternohyoid muscle ) ② 頦舌骨肌 ( geniohyo
115-專業一-12,115,專業一,12,A04,肌肉系統,C,2,下列哪些肌肉收縮與呼氣有關？ ① 外肋間肌 ( external intercostal muscle ) ② 內肋間肌
115-專業一-13,115,專業一,13,A05,神經系統,C,2,下列腦神經 ( cranial nerves ) 中，何者功能與頭頸部腺體分泌 ( gland secretion ) 
115-專業一-14,115,專業一,14,A05,神經系統,A,2,神經損傷造成垂腕 ( wrist drop ) 之症狀，與下列何條神經有關？
115-專業一-15,115,專業一,15,A05,神經系統,D,2,某病患右側頸椎段 ( cervical spinal cord ) 外側脊髓視丘徑 ( lateral spinotha
115-專業一-16,115,專業一,16,A07,內分泌系統,C,2,若下視丘-腦下垂體徑 ( hypothalamo - hypophysial tract ) 的神經被破壞，下列何種激素
115-專業一-17,115,專業一,17,A09,心臟與血管,C,2,下列何種構造僅由腸繫膜上動脈 ( superior mesenteric artery ) 供應血液？ ① 乙狀結腸 (
115-專業一-18,115,專業一,18,A09,心臟與血管,A,2,成人右心房 ( right atrium ) 與左心室 ( left ventricle ) 分別接受何處流入的血液？ 
115-專業一-19,115,專業一,19,A10,呼吸系統,D,2,呼吸膜的氣體交換介面 ( gas exchange interface ) 應不包含下列何種組成？
115-專業一-20,115,專業一,20,A11,消化系統與營養代謝,B,2,下列消化道 ( digestive tract ) 構造中，何者具有多層鱗狀上皮 ( stratified squamo
115-專業一-21,115,專業一,21,A11,消化系統與營養代謝,B,2,醣類 ( carbohydrate ) 營養成分開始消化 ( digestion ) 與吸收 ( absorption 
115-專業一-22,115,專業一,22,A12,泌尿系統、體液與酸鹼,C,2,有關兩性尿道的差異，下列何者正確？
115-專業一-23,115,專業一,23,A13,生殖系統與發育,D,2,有關睪丸 ( testes ) 的敘述，下列何者正確？
115-專業一-24,115,專業一,24,A13,生殖系統與發育,B,2,卵巢濾泡 ( ovarian follicle ) 位在卵巢何處？
115-專業一-25,115,專業一,25,A13,生殖系統與發育,A,2,下列何構造衍生自外胚層 ( ectoderm ) ？
115-專業一-26,115,專業一,26,A01,人體概論、細胞與組織,A,2,臨床靜脈注射時，誤將臨床注射用水 ( water for injection ) 當作生理食鹽水 ( normal sa
115-專業一-27,115,專業一,27,A04,肌肉系統,B,2,平滑肌細胞中的哪一種構造可以附著在細胞質內的緻密體 ( dense body ) ？
115-專業一-28,115,專業一,28,A04,肌肉系統,送分,2,醫美除皺是由醫師注射肉毒桿菌素 ( botulinum toxin ／商品名：保妥適 Botox ) 。有關 保妥適作用
115-專業一-29,115,專業一,29,A05,神經系統,C,2,有關大腦皮質的功能分區，下列何者正確？
115-專業一-30,115,專業一,30,A05,神經系統,D,2,有關基底核 ( basal ganglia ) 的功能，下列何者正確？
115-專業一-31,115,專業一,31,A06,感覺系統,C,2,有關痛覺的分類與傳導，下列何者正確？
115-專業一-32,115,專業一,32,A05,神經系統,D,2,有關自主神經系統的整合協調之敘述，下列何者正確？
115-專業一-33,115,專業一,33,A07,內分泌系統,A,2,有關腦下垂體激素釋放 ( releasing ) 與相應部位的配對，下列何者正確？
115-專業一-34,115,專業一,34,A07,內分泌系統,D,2,有關壓力狀況下糖皮質素 ( glucocorticoid ) 對生理作用的變化，下列何者正確？
115-專業一-35,115,專業一,35,A08,血液、淋巴與免疫,C,2,有關紅血球特徵與其生成的敘述，下列何者正確？
115-專業一-36,115,專業一,36,A08,血液、淋巴與免疫,C,2,有關 ABO 血型的敘述，下列何者最適當？
115-專業一-37,115,專業一,37,A09,心臟與血管,B,2,有關心肌細胞動作電位高原期 ( plateau ; phase 2 ) 的出現，下列選項何者最相關？
115-專業一-38,115,專業一,38,A09,心臟與血管,B,2,有關心動週期 ( cardiac cycle ) 不同時期心臟瓣膜的開關狀況，下列何者正確？
115-專業一-39,115,專業一,39,A11,消化系統與營養代謝,D,2,有關胃排空作用 ( emptying ) 的調控，下列何者正確？
115-專業一-40,115,專業一,40,A11,消化系統與營養代謝,A,2,有關消化系統各器官與其製造的產物配對，下列何者正確？
115-專業一-41,115,專業一,41,A11,消化系統與營養代謝,C,2,有關排便反射 ( defecation reflex ) 的敘述，下列何者正確？
115-專業一-42,115,專業一,42,A10,呼吸系統,D,2,有關二氧化碳 ( CO 2 ) 在血液中運送的敘述，下列何者正確？
115-專業一-43,115,專業一,43,A10,呼吸系統,B,2,一位體重為 50 公斤的病人，其解剖死腔 ( anatomical dead space ) 為 150 mL，潮氣容積
115-專業一-44,115,專業一,44,A10,呼吸系統,A,2,減壓疾病 ( decompression sickness ) 俗稱潛水夫病，是指潛水者快速從深海中上升至海平面 快速減
115-專業一-45,115,專業一,45,A11,消化系統與營養代謝,B,2,臨床上將低密度脂蛋白與高密度脂蛋白比例 ( LDL / HDL ratio ) 當作評估心血管風險與動脈 粥狀硬化的指標
115-專業一-46,115,專業一,46,A12,泌尿系統、體液與酸鹼,A,2,人體正常狀態下腎絲球過濾作用 ( glomerular filtration ) 的特性，下列何者正確？ ① 腎絲球過濾
115-專業一-47,115,專業一,47,A12,泌尿系統、體液與酸鹼,D,2,有關腎臟的自體調節機制 ( autoregulation ) 的敘述，下列何者正確？
115-專業一-48,115,專業一,48,A12,泌尿系統、體液與酸鹼,C,2,有關腎臟清除率 ( renal clearance ) 的概念，下列何者正確？
115-專業一-49,115,專業一,49,A13,生殖系統與發育,A,2,有關下視丘－腦下垂體－睪丸軸線的調控機制，下列何者正確？
115-專業一-50,115,專業一,50,A13,生殖系統與發育,B,2,有關月經週期的激素變化，下列何者正確？
115-專業二-01,115,專業二,1,N08,安全、約束、姿勢與活動,D,2,協助大便失禁病人更換床單時，下列何者最符合安全施力原則？
115-專業二-02,115,專業二,2,N02,護理過程,C,2,下列何者同時包含直接觀察與自省式觀察？
115-專業二-03,115,專業二,3,N02,護理過程,C,2,病人因腹部不適入院，護理評估蒐集資料如下：主訴腹脹、自覺疼痛程度 8 分 ( 0 – 10 分 量表 ) 、皺眉且有呻吟
115-專業二-04,115,專業二,4,N04,溝通與護病關係,D,2,有關護理師與病人溝通技巧的敘述，下列何者最適當？
115-專業二-05,115,專業二,5,N03,護理紀錄與交班,B,2,有關生命徵象記錄表記載的說明，下列何者正確？ ① 灌腸後解 2 次大便： 2 / E  ② 導尿出的小便量記錄： 4
115-專業二-06,115,專業二,6,N03,護理紀錄與交班,B,2,護理師以 ISBAR 交班，陳述「病人因疑似吸入性肺炎住院，目前使用鼻導管氧氣 3 L / min， 21： 00 病人
115-專業二-07,115,專業二,7,N13,給藥與醫囑,A,2,針對醫囑單內容的說明，下列何者正確？ Admission order： Diagnosis ( 1 ) ： Pneumo
115-專業二-08,115,專業二,8,N05,感染控制與消毒滅菌,A,2,肺結核病人入院，主訴發燒、咳嗽有痰。執行感染管控措施時，下列何者最適當？
115-專業二-09,115,專業二,9,N05,感染控制與消毒滅菌,A,2,護理人員執行感染控制措施，下列何者屬於疾病傳染模式之感染鏈「阻斷傳染途徑」的 措施？ ① 戴口罩 ②穿隔離衣 ③ 提供病
115-專業二-10,115,專業二,10,N02,護理過程,B,2,75 歲腦中風病人住院第 2 天，目前意識清楚，進食時會出現頻繁嗆咳，喝水後聲音沙啞， 口中常有食物殘留。下列何者為需優
115-專業二-11,115,專業二,11,N02,護理過程,C,2,慢性阻塞性肺疾病病人，長期接受門診追蹤，近日因活動耐受度下降與明顯喘促被送至 急診。評估發現病人呼吸急促、需費力呼吸，且
115-專業二-12,115,專業二,12,N02,護理過程,D,2,高血壓病人平時沒有自我監測血壓的習慣，且對血壓控制的重要性認知不足，病人主訴 「沒有不舒服，就不需要量血壓」。 下列何者
115-專業二-13,115,專業二,13,N10,個人衛生與皮膚照護（含壓傷）,C,2,病人因多重抗藥性感染而入院，口腔頰黏膜與舌面有白色斑塊沉積。執行口腔護理時，下 列何種口腔清潔溶液最適當？
115-專業二-14,115,專業二,14,N10,個人衛生與皮膚照護（含壓傷）,B,2,有關頭蝨病人滅蝨護理的敘述，下列何者正確？ ① 以 1.5 ％ BHC 粉 ( benzene hexachloride
115-專業二-15,115,專業二,15,N15,冷熱療法,C,2,有關溫水坐浴的敘述，下列何者正確？ ① 水溫約 45 ～ 50 ℃ 效果較佳 ② 可加入 1： 4000 的高錳酸鉀溶液
115-專業二-16,115,專業二,16,N08,安全、約束、姿勢與活動,A,2,有關使用支托物維持姿勢之目的，下列何者最適當？
115-專業二-17,115,專業二,17,N08,安全、約束、姿勢與活動,D,2,病人左腳脛骨骨折石膏固定，有關使用柺杖「四點式步態」行走的順序，下列何者正確？
115-專業二-18,115,專業二,18,N10,個人衛生與皮膚照護（含壓傷）,B,2,採用 Braden 壓力性損傷危險因子評估表，評估75歲之臥床病人，病人各項評分結果：感覺 知覺程度 3 分、潮濕程度 
115-專業二-19,115,專業二,19,N08,安全、約束、姿勢與活動,D,2,有關約束措施的敘述，下列何者正確？ ① 手腕先以棉墊包裹後再綁上約束帶 ② 約束帶以伸入 1 ～ 2 根手指為原則 ③ 
115-專業二-20,115,專業二,20,N10,個人衛生與皮膚照護（含壓傷）,C,2,病人尾骶部有一傷口，傷口底部可見皮下脂肪、肉芽組織，但未見筋膜或骨頭。依美國 國家壓力性損傷諮詢委員會 ( NPIAP 
115-專業二-21,115,專業二,21,N10,個人衛生與皮膚照護（含壓傷）,C,2,有關皮膚壓傷的剪力 ( schearing force ) 與摩擦力 ( friction force ) 的敘述，下列
115-專業二-22,115,專業二,22,N10,個人衛生與皮膚照護（含壓傷）,D,2,有關壓力性損傷 ( pressure injury ) 危險因子的敘述，下列何者正確？ ① 受壓面積愈大，局部組織壓力愈
115-專業二-23,115,專業二,23,N09,休息與睡眠,A,2,下列哪些物質，會干擾快速動眼期 ( REM ) 睡眠？ ① 酒精 ② 牛奶 ③ 阿斯匹靈 ④ 巴比妥酸鹽
115-專業二-24,115,專業二,24,N09,休息與睡眠,D,2,病人抱怨無法入眠，下列護理指導何者最適當？
115-專業二-25,115,專業二,25,N06,生命徵象,C,2,病人 24 小時體溫變化如下： 6 A.M. 39.2°C → 10 A.M. 38.5°C → 2 P.M. 37.0
115-專業二-26,115,專業二,26,N06,生命徵象,C,2,確認病人是否有脈搏短絀時，需量測哪些部位搏動次數之間的一致性？
115-專業二-27,115,專業二,27,N06,生命徵象,D,2,有關測量呼吸的原則，下列何者最適當？
115-專業二-28,115,專業二,28,N06,生命徵象,B,2,下列何者為造成血壓假性偏高的原因？ ① 壓脈帶包裹太緊 ② 被測者手臂位置低於心臟 ③ 壓脈帶寬度太窄 ④ 被測
115-專業二-29,115,專業二,29,N15,冷熱療法,A,2,有關局部用冷熱及其引起之反射區的配對，下列何者正確？
115-專業二-30,115,專業二,30,N15,冷熱療法,C,2,有關「烤燈」使用的敘述，下列何者正確？
115-專業二-31,115,專業二,31,N15,冷熱療法,A,2,為病人執行溼熱敷的護理措施，下列何者最適當？ ① 在受敷部位塗上凡士林 ② 將敷布浸於盛有 42.8 ℃ 熱水的治療碗中
115-專業二-32,115,專業二,32,N11,營養與管灌飲食,A,2,有關病人適用飲食種類的敘述，下列何者正確？ ① 胰臟疾病病人適用低油飲食 ② 消化性潰瘍病人適用溫和飲食 ③ 腎功能不全
115-專業二-33,115,專業二,33,N11,營養與管灌飲食,C,2,有關中央靜脈營養法 ( TPN ) 給予之注意事項，下列何者正確？ ① 適用於需要靜脈營養少於 7 天者 ② 使用前 2
115-專業二-34,115,專業二,34,N11,營養與管灌飲食,D,2,下列那些臨床指標結果異常，可以協助早期發現個案營養不良的問題？ ① 身高 170 公分、體重 59 公斤 ② 過去 3 
115-專業二-35,115,專業二,35,N11,營養與管灌飲食,B,2,有關協助鼻胃管插入步驟的敘述，下列何者正確？
115-專業二-36,115,專業二,36,N13,給藥與醫囑,B,2,醫囑「0.01 ％ Neostigmine Methylsulfate solution 2 gtts O.S q.i.
115-專業二-37,115,專業二,37,N13,給藥與醫囑,C,2,Ampicillin 成人每次劑量為 500 mg，依此劑量基準，在一般情況下，考量老人代謝及排泄 藥物的能力改變，依老
115-專業二-38,115,專業二,38,N13,給藥與醫囑,D,2,有關給藥的注意事項，下列何者正確？
115-專業二-39,115,專業二,39,N13,給藥與醫囑,C,2,有關 Nystatin 陰道塞劑的給藥執行，下列何者正確？
115-專業二-40,115,專業二,40,N13,給藥與醫囑,A,2,病人於 3 個月前開始持續服用嗎啡改善疼痛，近 1 個月以來陸續抱怨吃了藥還是痛，需增加 嗎啡劑量才能產生止痛效果。此病
115-專業二-41,115,專業二,41,N14,輸液、輸血與體液電解質,A,2,當體液容積缺少時，身體會進行以下哪些體液平衡之調節機制？ ① 醛固酮 ( aldosterone ) 分泌增加 ② 抗利
115-專業二-42,115,專業二,42,N14,輸液、輸血與體液電解質,B,2,68 歲獨居老人因腸胃不好，吃的少、持續噁心嘔吐數天而入院，主訴頭痛軟弱無力。 血液檢查發現 Na ⁺：118 mEq 
115-專業二-43,115,專業二,43,N07,檢體收集與檢查,B,2,72 歲病人因腹痛入院，出現倦怠、頭暈及食慾不振症狀，排便顏色偏深黑，呈柏油樣糞便。 檢查顯示血紅素偏低，醫師安排糞便潛
115-專業二-44,115,專業二,44,N12,排泄（排尿、導尿、灌腸、排便）,D,2,病人近 3 天未解大便，主訴腹脹不適與排便困難，平日排便時需用力，糞便乾硬；平時飲 水量偏少，很少吃蔬菜水果。下列護理措
115-專業二-45,115,專業二,45,N12,排泄（排尿、導尿、灌腸、排便）,B,2,病人近日經常出現突然且強烈的尿意，尚未到達廁所即不自主排出尿液。主訴排尿前常有 明顯急尿感，但每次排尿量不多，無排尿困難
115-專業二-46,115,專業二,46,N12,排泄（排尿、導尿、灌腸、排便）,A,2,病人留置導尿管第 6 天，近兩日出現低度發燒 ( 38.1 ° C ) 、尿液混濁且有異味，主訴下腹部 悶脹不適。評估發
115-專業二-47,115,專業二,47,N16,傷口照護與繃帶包紮,C,2,有關固定膝關節敷料及限制關節部分活動的包紮方法，下列何者最適當？
115-專業二-48,115,專業二,48,N16,傷口照護與繃帶包紮,C,2,有關繃帶包紮法適用部位的敘述，下列何者最適當？
115-專業二-49,115,專業二,49,N18,臨終與遺體護理,D,2,有關臨終病人在瀕死過程中疼痛的敘述，下列何者正確？ ① 原有的慢性疼痛都會消失 ② 可能伴隨有新的疼痛發生 ③ 疼痛時才
115-專業二-50,115,專業二,50,N07,檢體收集與檢查,D,2,有關痰液培養檢體採集的步驟，下列何者正確？ ① 使用清潔的容器 ② 可收集透明唾液檢查 ③ 請病人深呼吸後用力咳出痰送檢
115-國文-01,115,國文,1,C01,字音字形,A,2,下列選項「」中的讀音，前後相同的是：
115-國文-02,115,國文,2,C01,字音字形,C,2,下列選項中的詞語，何者用字完全正確？
115-國文-03,115,國文,3,C03,詞語與成語運用,B,2,閱讀下文，下列選項中畫底線詞語的修改敘述，何者正確？ 一個人如果總是①故步自封，抱著不勞而獲的心態，又一天到晚②勞騷滿腹
115-國文-04,115,國文,4,C02,字詞義與詞語辨析,B,2,「交代」一詞在不同語境下有不同的語義解讀，下列關於「交代」的語義解讀，何者最 符合該句的職場情境？ 甲、主管對員工說：「
115-國文-05,115,國文,5,C02,字詞義與詞語辨析,B,2,下列選項「」內的詞義，何者前後相同？
115-國文-06,115,國文,6,C02,字詞義與詞語辨析,D,2,參照右框「焉」的用法說明，下列甲、乙中的「焉」，最適當的歸類是： 甲、眾惡之，必察焉；眾好之，必察焉。 ①具指示作用。如
115-國文-07,115,國文,7,C04,語法、修辭與表達,B,2,「發現敵人的哨兵」，這句話有「發現了敵人的哨兵」、「發現敵人的那位哨兵」兩種 解讀歧義。下列選項，何者解讀出現歧義的原因
115-國文-08,115,國文,8,C08,文言文閱讀,B,2,閱讀下文，何者最符合文中「」的意思？ 秋，杜子臥病長安旅次，多雨生魚，青苔及榻。常時車馬之客，「舊，雨來；今，雨 不來」
115-國文-09,115,國文,9,C04,語法、修辭與表達,C,2,表示肯定的判斷句，通常可在主語後面加上「是」字來理解，例如「楚左尹項伯者，項羽 季父也」，意為「楚左尹項伯是項羽的叔父」
115-國文-10,115,國文,10,C03,詞語與成語運用,D,2,閱讀下文，空格處最適合填入的詞語，依序是： 小琉球彷彿是被遺忘。雖與臺灣本島距離很近，卻又□□□□。如果你抵達此地，登岸
115-國文-11,115,國文,11,C03,詞語與成語運用,D,2,下列文句「」中詞語的使用，何者最為恰當？
115-國文-12,115,國文,12,C03,詞語與成語運用,A,2,閱讀下文，空格處最適合填入的詞語，依序是： 夏天總有一種奇異的身體感，□□處在當下，卻又總好像身不在當下。□□因為夏天的
115-國文-13,115,國文,13,C05,文句排序與安排,B,2,若要將下列甲、乙、丙填入下文，使全文完整通順，則三處 內依序應填入： 在人們談話議論的座中，與其聽他們言辭的意義，不如看
115-國文-14,115,國文,14,C02,字詞義與詞語辨析,D,2,參閱下表，判斷下列甲、乙二句「」內詞語的取義方式，選出正確選項： 例句 取義方式 「去來」一詞，僅取「去」義，不取 ① 
115-國文-15,115,國文,15,C04,語法、修辭與表達,D,2,「我達達的馬蹄是美麗的錯誤」，以「美麗」與「錯誤」的反襯修辭法凸顯意義。下列 廣告用語，何者運用相同的修辭法？
115-國文-16,115,國文,16,C07,應用文,A,2,某花藝公司根據近三年客戶所選擇贈送的題辭，彙整出當年度的排行榜如下表。下列選 項，何者的敘述正確？
115-國文-17,115,國文,17,C10,知識性與圖表閱讀,D,2,下列表格是對下文內容的摘要，請閱讀下文，判斷表格中的①最適合填入何者？ 老派是一種品質，它的核心是時間，卻不和時間成絕對
115-國文-18,115,國文,18,C01,字音字形,C,2,早期造字，常用兩個形符組成會意字，如「休」；用形符加聲符組成形聲字，如「沐」。根 據下表，下列選項敘述何者正確？ ① 水
115-國文-19,115,國文,19,C09,白話文學閱讀,D,2,下列敘述，何者最符合本則故事的主旨？
115-國文-20,115,國文,20,C09,白話文學閱讀,C,2,醫生讓鐡匠恢復健康的方法，與下列心理學的何種效應最接近？
115-國文-21,115,國文,21,C10,知識性與圖表閱讀,C,2,甲文將庖丁視為「就像扮演生物生命轉化儀式的主持人」，下列何者最接近作者用意？
115-國文-22,115,國文,22,C10,知識性與圖表閱讀,A,2,甲文劃底線處①，最適合填入乙文的哪一句？
115-國文-23,115,國文,23,C10,知識性與圖表閱讀,B,2,如以甲文對「解」、「委」二字的分析，解釋乙文「謋然已解，如土委地」之意，下列 選項的說明，何者正確？
115-國文-24,115,國文,24,C10,知識性與圖表閱讀,A,2,下列選項關於上文文意的敘述，何者正確？
115-國文-25,115,國文,25,C10,知識性與圖表閱讀,C,2,下列選項，何者最能說明文中畫線處「這種職業性別隔離的現象」的意思？
115-國文-26,115,國文,26,C10,知識性與圖表閱讀,A,2,下表是臺灣醫事人員的性別人數統計，結合上文文意，推論①、②的研判，選出正確的 選項： 110 年 111 年 112 年
115-國文-27,115,國文,27,C10,知識性與圖表閱讀,B,2,依據上文，甲、乙二圖中「醫學院老師」、「主治醫師」的對話所可能呈現的隔離現象，何 者對應正確？ 醫學院老師 主治醫師 水
115-國文-28,115,國文,28,C08,文言文閱讀,D,2,依據上文，下列關於李漁的看法，敘述正確的選項是：
115-國文-29,115,國文,29,C08,文言文閱讀,A,2,下列甲、乙文句，依序可以對應上文哪一段文意？選出最適當選項。 甲、袁枚《隨園食單》：「蟹宜獨食，不宜搭配他物。」 乙、焦
115-國文-30,115,國文,30,C08,文言文閱讀,A,2,上文劃線處的文句，何者屬於遞進的寫作手法？
115-國文-31,115,國文,31,C08,文言文閱讀,D,2,依據上文，下列何者最可能是周蘭姐提出的陳述？
115-國文-32,115,國文,32,C08,文言文閱讀,C,2,下列選項，對於官員判詞的解釋，何者正確？
115-國文-33,115,國文,33,C08,文言文閱讀,D,2,官員判詞以「五項不可信」逐條論證，其論證方式最接近下列何者？
115-國文-34,115,國文,34,C08,文言文閱讀,D,2,下列關於甲文文句的說明，何者正確？
115-國文-35,115,國文,35,C08,文言文閱讀,A,2,下列關於甲、乙二文寫作手法的敘述，何者正確？
115-國文-36,115,國文,36,C08,文言文閱讀,D,2,依據甲、乙二文，判斷①、②的敘述，選出正確選項： ①乙文可作為甲文「李牟吹笛天下第一」的證明 ②《 唐國史補 》 收錄甲
115-國文-37,115,國文,37,C08,文言文閱讀,C,2,依據上文及下列「淮陰侯表」內容，下列敘述，何者正確？ 侯功 兵初起，以卒從項梁，梁死屬項羽為郎中。至咸陽，亡從入漢，為連
115-國文-38,115,國文,38,C08,文言文閱讀,C,2,依據上文及下列對話內容，判斷甲、乙的敘述，何者正確？ 甲、「生死一知己」，意同「成也蕭何，敗也蕭何」。 乙、「存亡兩婦人
115-國文-39,115,國文,39,C10,知識性與圖表閱讀,C,2,依據上文，下列關於「扭蛋」的說明，何者正確？
115-國文-40,115,國文,40,C10,知識性與圖表閱讀,A,2,若要對上文第三、四段依序作成各段摘要，判斷下列①~⑥的敘述，選出正確選項： ①極致縮影的工藝系統 ②不確定性的魅力 ③開
115-國文-41,115,國文,41,C10,知識性與圖表閱讀,B,2,下表為每人單趟購買扭蛋的平均金額調查，依據下表，選出敘述正確的選項： 400 日圓~ 1000 日圓~ 未滿400 日圓
115-國文-42,115,國文,42,C08,文言文閱讀,A,2,下列關於甲、乙二詞的說明，何者正確？
115-國文-43,115,國文,43,C08,文言文閱讀,A,2,下列關於甲、乙二詞寫作手法的說明，何者正確？
115-國文-44,115,國文,44,C08,文言文閱讀,C,2,依甲、乙二詞之意，判斷①、②的敘述，選出正確選項： ①兩詞皆描寫暮春時節所見的自然美景。 ②兩詞皆敘寫清晨醒後殘留的昨夜
115-國文-45,115,國文,45,C10,知識性與圖表閱讀,B,2,依據上文，包裝在行銷上的作用，何者正確？
115-國文-46,115,國文,46,C10,知識性與圖表閱讀,B,2,上文的寫作手法，下列敘述，何者正確？
115-國文-47,115,國文,47,C10,知識性與圖表閱讀,A,2,下文出自劉基 《 郁離子 》，對應上文所述，下列推論，何者最適當？ 杭有賣果者，善藏柑，涉寒暑不潰。出之燁然，玉質而金色
115-國文-48,115,國文,48,C09,白話文學閱讀,B,2,下列選項，何者最符合本文要旨？
115-國文-49,115,國文,49,C09,白話文學閱讀,C,2,下列關於本文寫作手法的說明，何者最適當？
115-國文-50,115,國文,50,C09,白話文學閱讀,D,2,依據上文，下列甲、乙關於〈阮若打開心內的門窗〉這首歌的推論，何者最適當？ 甲、在民國五〇年代發表後迅速走紅海外 乙、先有
115-英文-01,115,英文,1,E01,字彙題,B,2,"The shop sells these pens in packs of a , which is cheaper t"
115-英文-02,115,英文,2,E01,字彙題,D,2,Ratings and reviews are important in that they can help to g
115-英文-03,115,英文,3,E01,字彙題,B,2,The mission of this restaurant is to offer tasty food and fa
115-英文-04,115,英文,4,E01,字彙題,C,2,"Lily is traveling to Japan tomorrow, so she wants to know ab"
115-英文-05,115,英文,5,E01,字彙題,D,2,Some countries proposed a break for sugar-free packaged drin
115-英文-06,115,英文,6,E01,字彙題,C,2,Caregivers can and track changes in an elderly patient’s hea
115-英文-07,115,英文,7,E01,字彙題,A,2,Jacob cannot buy additional software until his boss all purc
115-英文-08,115,英文,8,E01,字彙題,C,2,"Having checked the factory, the responded positively to the "
115-英文-09,115,英文,9,E01,字彙題,B,2,Companies use placements with YouTubers instead of tradition
115-英文-10,115,英文,10,E01,字彙題,C,2,The police are now online scams that use fake government web
115-英文-11,115,英文,11,E01,字彙題,A,2,"To improve work efficiency, the rough idea of a four-day wor"
115-英文-12,115,英文,12,E01,字彙題,B,2,"Low can make the air feel cooler, even if the temperature is"
115-英文-13,115,英文,13,E01,字彙題,A,2,"Henry the bill, saying he was charged for dishes he never or"
115-英文-14,115,英文,14,E01,字彙題,D,2,The teacher felt very towards her student who asked for a le
115-英文-15,115,英文,15,E01,字彙題,A,2,"Despite the short notice, Jenny managed to prepare for the p"
115-英文-16,115,英文,16,E02,對話題,D,2,"Charlotte: Kyle, I could barely sleep last night. The music "
115-英文-17,115,英文,17,E02,對話題,A,2,"Leo: Oh no, I’m out of money again this month! Sherry: How d"
115-英文-18,115,英文,18,E02,對話題,B,2,"Amy: Hey, did you see that influencer’s new post? She’s prom"
115-英文-19,115,英文,19,E02,對話題,A,2,"Customer: Excuse me, I’m ready to order, but I don’t see any"
115-英文-20,115,英文,20,E02,對話題,B,2,Eric: Our flight got canceled because of the typhoon. The ai
115-英文-21,115,英文,21,E02,對話題,C,2,"Alex: After learning about the political systems in Germany,"
115-英文-22,115,英文,22,E02,對話題,A,2,"Interviewer: Paul, why do you want to find a part-time job? "
115-英文-23,115,英文,23,E02,對話題,D,2,Ethan: How was your vacation in the Netherlands? I heard you
115-英文-24,115,英文,24,E02,對話題,C,2,Roger: I’m struggling with this profit line graph for the fi
115-英文-25,115,英文,25,E02,對話題,D,2,Tour guide: Welcome to our Eastern Taiwan Adventure! This gu
115-英文-26,115,英文,26,E03,綜合測驗（克漏字）,C,2,
115-英文-27,115,英文,27,E03,綜合測驗（克漏字）,A,2,
115-英文-28,115,英文,28,E03,綜合測驗（克漏字）,B,2,
115-英文-29,115,英文,29,E03,綜合測驗（克漏字）,D,2,
115-英文-30,115,英文,30,E03,綜合測驗（克漏字）,D,2,
115-英文-31,115,英文,31,E03,綜合測驗（克漏字）,C,2,
115-英文-32,115,英文,32,E03,綜合測驗（克漏字）,D,2,
115-英文-33,115,英文,33,E03,綜合測驗（克漏字）,B,2,
115-英文-34,115,英文,34,E03,綜合測驗（克漏字）,C,2,
115-英文-35,115,英文,35,E03,綜合測驗（克漏字）,B,2,
115-英文-36,115,英文,36,E03,綜合測驗（克漏字）,B,2,
115-英文-37,115,英文,37,E03,綜合測驗（克漏字）,D,2,
115-英文-38,115,英文,38,E04,閱讀測驗,C,2,Which of the following is the most likely to release the sta
115-英文-39,115,英文,39,E04,閱讀測驗,A,2,"According to the chart, which of the following statements is"
115-英文-40,115,英文,40,E04,閱讀測驗,B,2,Which of the following statements can be inferred from the c
115-英文-41,115,英文,41,E04,閱讀測驗,D,2,What is the main purpose of these two charts?
115-英文-42,115,英文,42,E04,閱讀測驗,A,2,Which of the following statements is true?
115-英文-43,115,英文,43,E04,閱讀測驗,D,2,Which of the following strategies is NOT listed by either gr
115-英文-44,115,英文,44,E04,閱讀測驗,C,2,What is this passage mainly about?
115-英文-45,115,英文,45,E04,閱讀測驗,A,2,"According to the passage, what is the major difference betwe"
115-英文-46,115,英文,46,E04,閱讀測驗,B,2,"According to the passage, what can be inferred about today’s"
115-英文-47,115,英文,47,E04,閱讀測驗,D,2,"According to the passage, why does traditional restoration t"
115-英文-48,115,英文,48,E04,閱讀測驗,A,2,Which of the following shows the correct order of some steps
115-英文-49,115,英文,49,E04,閱讀測驗,C,2,"According to the passage, what is the benefit for museums to"
115-英文-50,115,英文,50,E04,閱讀測驗,B,2,"According to the passage, what is this AI technology NOT des"
